	ranksum_words	ranksum	ranksum_rang	dispersion	dispersion_numeric
0	untuniutntrng55886	0.0	51305	1000/1	1000.0
1	untuniutntrng55886	0.0	45591	1000/1	1000.0
2	untuniutntrng55886	0.0	50443	1000/1	1000.0
3	untuniutntrng55886	0.0	49139	1000/1	1000.0
4	untuniutntrng55886	0.0	47547	1000/1	1000.0
5	untuniutntrng55886	0.0	51396	1000/1	1000.0
6	untuniutntrng55886	0.0	45325	1000/1	1000.0
7	untuniutntrng55886	0.0	46128	1000/1	1000.0
8	untuniutntrng55886	0.0	47913	1000/1	1000.0
9	untuniutntrng55886	0.0	45757	1000/1	1000.0
10	untuniutntrng55886	0.0	45709	1000/1	1000.0
11	untuniutntrng55886	0.0	45810	1000/1	1000.0
12	untuniutntrng55886	0.0	47518	1000/1	1000.0
13	untuniutntrng55886	0.0	50809	1000/1	1000.0
14	untuniutntrng55886	0.0	50818	1000/1	1000.0
15	untuniutntrng55886	0.0	50645	1000/1	1000.0
16	untuniutntrng55886	0.0	45763	1000/1	1000.0
17	untuniutntrng55886	0.0	45792	1000/1	1000.0
18	untuniutntrng55886	0.0	50221	1000/1	1000.0
19	untuniutntrng55886	0.0	47388	1000/1	1000.0
20	untuniutntrng55886	0.0	50281	1000/1	1000.0
21	untuniutntrng55886	0.0	51416	1000/1	1000.0
22	untuniutntrng55886	0.0	51182	1000/1	1000.0
23	untuniutntrng55886	0.0	45612	1000/1	1000.0
24	untuniutntrng55886	0.0	50146	1000/1	1000.0
25	untuniutntrng55886	0.0	50942	1000/1	1000.0
26	untuniutntrng55886	0.0	51182	1000/1	1000.0
27	untuniutntrng55886	0.0	47804	1000/1	1000.0
28	untuniutntrng55886	0.0	50008	1000/1	1000.0
29	untuniutntrng55886	0.0	45736	1000/1	1000.0
30	untuniutntrng55886	0.0	45759	1000/1	1000.0
31	untuniutntrng55886	0.0	47099	1000/1	1000.0
32	untuniutntrng55886	0.0	46011	1000/1	1000.0
33	untuniutntrng55886	0.0	48410	1000/1	1000.0
34	untuniutntrng55886	0.0	49804	1000/1	1000.0
35	untuniutntrng55886	0.0	50298	1000/1	1000.0
36	untuniutntrng55886	0.0	43087	1000/1	1000.0
37	untuniutntrng55886	0.0	47331	1000/1	1000.0
38	untuniutntrng55886	0.0	48682	1000/1	1000.0
39	untuniutntrng55886	0.0	45779	1000/1	1000.0
40	untuniutntrng55886	0.0	49133	1000/1	1000.0
41	untuniutntrng55886	0.0	50999	1000/1	1000.0
42	untuniutntrng55886	0.0	50740	1000/1	1000.0
43	untuniutntrng55886	0.0	48559	1000/1	1000.0
44	untuniutntrng55886	0.0	48831	1000/1	1000.0
45	untuniutntrng55886	0.0	45691	1000/1	1000.0
46	untuniutntrng55886	0.0	50935	1000/1	1000.0
47	untuniutntrng55886	0.0	45801	1000/1	1000.0
48	untuniutntrng55886	0.0	48708	1000/1	1000.0
49	untuniutntrng55886	0.0	49473	1000/1	1000.0
50	untuniutntrng55886	0.0	50869	1000/1	1000.0
51	untuniutntrng55886	0.0	46121	1000/1	1000.0
52	untuniutntrng55886	0.0	45279	1000/1	1000.0
53	untuniutntrng55886	0.0	47622	1000/1	1000.0
54	untuniutntrng55886	0.0	51081	1000/1	1000.0
55	untuniutntrng55886	0.0	45822	1000/1	1000.0
56	untuniutntrng55886	0.0	47582	1000/1	1000.0
57	untuniutntrng55886	0.0	49160	1000/1	1000.0
58	untuniutntrng55886	0.0	45927	1000/1	1000.0
59	untuniutntrng55886	0.0	46467	1000/1	1000.0
60	untuniutntrng55886	0.0	50718	1000/1	1000.0
61	untuniutntrng55886	0.0	45652	1000/1	1000.0
62	untuniutntrng55886	0.0	50739	1000/1	1000.0
63	untuniutntrng55886	0.0	45594	1000/1	1000.0
64	untuniutntrng55886	0.0	51528	1000/1	1000.0
65	untuniutntrng55886	0.0	47843	1000/1	1000.0
66	untuniutntrng55886	0.0	46038	1000/1	1000.0
67	untuniutntrng55886	0.0	49705	1000/1	1000.0
68	untuniutntrng55886	0.0	46601	1000/1	1000.0
69	untuniutntrng55886	0.0	45969	1000/1	1000.0
70	untuniutntrng55886	0.0	51275	1000/1	1000.0
71	untuniutntrng55886	0.0	45888	1000/1	1000.0
72	untuniutntrng55886	0.0	48519	1000/1	1000.0
73	untuniutntrng55886	0.0	46333	1000/1	1000.0
74	untuniutntrng55886	0.0	51207	1000/1	1000.0
75	untuniutntrng55886	0.0	45486	1000/1	1000.0
76	untuniutntrng55886	0.0	50670	1000/1	1000.0
77	untuniutntrng55886	0.0	48618	1000/1	1000.0
78	untuniutntrng55886	0.0	47503	1000/1	1000.0
79	untuniutntrng55886	0.0	49370	1000/1	1000.0
80	untuniutntrng55886	0.0	45721	1000/1	1000.0
81	untuniutntrng55886	0.0	45404	1000/1	1000.0
82	untuniutntrng55886	0.0	48793	1000/1	1000.0
83	untuniutntrng55886	0.0	51222	1000/1	1000.0
84	untuniutntrng55886	0.0	45173	1000/1	1000.0
85	untuniutntrng55886	0.0	49191	1000/1	1000.0
86	untuniutntrng55886	0.0	50991	1000/1	1000.0
87	untuniutntrng55886	0.0	49171	1000/1	1000.0
88	untuniutntrng55886	0.0	45871	1000/1	1000.0
89	untuniutntrng55886	0.0	51208	1000/1	1000.0
90	untuniutntrng55886	0.0	50150	1000/1	1000.0
91	untuniutntrng55886	0.0	47492	1000/1	1000.0
92	untuniutntrng55886	0.0	45277	1000/1	1000.0
93	untuniutntrng55886	0.0	47931	1000/1	1000.0
94	untuniutntrng55886	0.0	45352	1000/1	1000.0
95	untuniutntrng55886	0.0	51177	1000/1	1000.0
96	untuniutntrng55886	0.0	47791	1000/1	1000.0
97	untuniutntrng55886	0.0	45920	1000/1	1000.0
98	untuniutntrng55886	0.0	45517	1000/1	1000.0
99	untuniutntrng55886	0.0	51472	1000/1	1000.0
100	untuniutntrng55886	-28.12947380791666	96776	100/10	10.0
101	untuniutntrng55886	-28.12947380791666	96774	100/10	10.0
102	untuniutntrng55886	-28.12947380791666	96775	100/10	10.0
103	untuniutntrng55886	-28.12947380791666	96773	100/10	10.0
104	untuniutntrng55886	-28.12947380791666	96773	100/10	10.0
105	untuniutntrng55886	-28.12947380791666	96774	100/10	10.0
106	untuniutntrng55886	-28.12947380791666	96776	100/10	10.0
107	untuniutntrng55886	-28.12947380791666	96773	100/10	10.0
108	untuniutntrng55886	-28.12947380791666	96774	100/10	10.0
109	untuniutntrng55886	-28.12947380791666	96773	100/10	10.0
110	untuniutntrng55886	-28.12947380791666	96776	100/10	10.0
111	untuniutntrng55886	-28.12947380791666	96777	100/10	10.0
112	untuniutntrng55886	-28.12947380791666	96775	100/10	10.0
113	untuniutntrng55886	-28.12947380791666	96773	100/10	10.0
114	untuniutntrng55886	-28.12947380791666	96775	100/10	10.0
115	untuniutntrng55886	-28.12947380791666	96774	100/10	10.0
116	untuniutntrng55886	-28.12947380791666	96773	100/10	10.0
117	untuniutntrng55886	-28.12947380791666	96774	100/10	10.0
118	untuniutntrng55886	-28.12947380791666	96774	100/10	10.0
119	untuniutntrng55886	-28.12947380791666	96774	100/10	10.0
120	untuniutntrng55886	-28.12947380791666	96777	100/10	10.0
121	untuniutntrng55886	-28.12947380791666	96776	100/10	10.0
122	untuniutntrng55886	-28.12947380791666	96776	100/10	10.0
123	untuniutntrng55886	-28.12947380791666	96775	100/10	10.0
124	untuniutntrng55886	-28.12947380791666	96772	100/10	10.0
125	untuniutntrng55886	-28.12947380791666	96774	100/10	10.0
126	untuniutntrng55886	-28.12947380791666	96775	100/10	10.0
127	untuniutntrng55886	-28.12947380791666	96775	100/10	10.0
128	untuniutntrng55886	-28.12947380791666	96775	100/10	10.0
129	untuniutntrng55886	-28.12947380791666	96775	100/10	10.0
130	untuniutntrng55886	-28.12947380791666	96774	100/10	10.0
131	untuniutntrng55886	-28.12947380791666	96773	100/10	10.0
132	untuniutntrng55886	-28.12947380791666	96772	100/10	10.0
133	untuniutntrng55886	-28.12947380791666	96776	100/10	10.0
134	untuniutntrng55886	-28.12947380791666	96773	100/10	10.0
135	untuniutntrng55886	-28.12947380791666	96776	100/10	10.0
136	untuniutntrng55886	-28.12947380791666	96777	100/10	10.0
137	untuniutntrng55886	-28.12947380791666	96776	100/10	10.0
138	untuniutntrng55886	-28.12947380791666	96776	100/10	10.0
139	untuniutntrng55886	-28.12947380791666	96774	100/10	10.0
140	untuniutntrng55886	-28.12947380791666	96777	100/10	10.0
141	untuniutntrng55886	-28.12947380791666	96775	100/10	10.0
142	untuniutntrng55886	-28.12947380791666	96774	100/10	10.0
143	untuniutntrng55886	-28.12947380791666	96774	100/10	10.0
144	untuniutntrng55886	-28.12947380791666	96776	100/10	10.0
145	untuniutntrng55886	-28.12947380791666	96774	100/10	10.0
146	untuniutntrng55886	-28.12947380791666	96776	100/10	10.0
147	untuniutntrng55886	-28.12947380791666	96776	100/10	10.0
148	untuniutntrng55886	-28.12947380791666	96771	100/10	10.0
149	untuniutntrng55886	-28.12947380791666	96774	100/10	10.0
150	untuniutntrng55886	-28.12947380791666	96776	100/10	10.0
151	untuniutntrng55886	-28.12947380791666	96776	100/10	10.0
152	untuniutntrng55886	-28.12947380791666	96776	100/10	10.0
153	untuniutntrng55886	-28.12947380791666	96775	100/10	10.0
154	untuniutntrng55886	-28.12947380791666	96775	100/10	10.0
155	untuniutntrng55886	-28.12947380791666	96776	100/10	10.0
156	untuniutntrng55886	-28.12947380791666	96774	100/10	10.0
157	untuniutntrng55886	-28.12947380791666	96773	100/10	10.0
158	untuniutntrng55886	-28.12947380791666	96776	100/10	10.0
159	untuniutntrng55886	-28.12947380791666	96775	100/10	10.0
160	untuniutntrng55886	-28.12947380791666	96775	100/10	10.0
161	untuniutntrng55886	-28.12947380791666	96773	100/10	10.0
162	untuniutntrng55886	-28.12947380791666	96774	100/10	10.0
163	untuniutntrng55886	-28.12947380791666	96773	100/10	10.0
164	untuniutntrng55886	-28.12947380791666	96775	100/10	10.0
165	untuniutntrng55886	-28.12947380791666	96773	100/10	10.0
166	untuniutntrng55886	-28.12947380791666	96772	100/10	10.0
167	untuniutntrng55886	-28.12947380791666	96774	100/10	10.0
168	untuniutntrng55886	-28.12947380791666	96776	100/10	10.0
169	untuniutntrng55886	-28.12947380791666	96772	100/10	10.0
170	untuniutntrng55886	-28.12947380791666	96775	100/10	10.0
171	untuniutntrng55886	-28.12947380791666	96775	100/10	10.0
172	untuniutntrng55886	-28.12947380791666	96772	100/10	10.0
173	untuniutntrng55886	-28.12947380791666	96778	100/10	10.0
174	untuniutntrng55886	-28.12947380791666	96770	100/10	10.0
175	untuniutntrng55886	-28.12947380791666	96774	100/10	10.0
176	untuniutntrng55886	-28.12947380791666	96770	100/10	10.0
177	untuniutntrng55886	-28.12947380791666	96773	100/10	10.0
178	untuniutntrng55886	-28.12947380791666	96776	100/10	10.0
179	untuniutntrng55886	-28.12947380791666	96776	100/10	10.0
180	untuniutntrng55886	-28.12947380791666	96776	100/10	10.0
181	untuniutntrng55886	-28.12947380791666	96774	100/10	10.0
182	untuniutntrng55886	-28.12947380791666	96777	100/10	10.0
183	untuniutntrng55886	-28.12947380791666	96773	100/10	10.0
184	untuniutntrng55886	-28.12947380791666	96773	100/10	10.0
185	untuniutntrng55886	-28.12947380791666	96774	100/10	10.0
186	untuniutntrng55886	-28.12947380791666	96774	100/10	10.0
187	untuniutntrng55886	-28.12947380791666	96774	100/10	10.0
188	untuniutntrng55886	-28.12947380791666	96774	100/10	10.0
189	untuniutntrng55886	-28.12947380791666	96775	100/10	10.0
190	untuniutntrng55886	-28.12947380791666	96770	100/10	10.0
191	untuniutntrng55886	-28.12947380791666	96775	100/10	10.0
192	untuniutntrng55886	-28.12947380791666	96777	100/10	10.0
193	untuniutntrng55886	-28.12947380791666	96775	100/10	10.0
194	untuniutntrng55886	-28.12947380791666	96777	100/10	10.0
195	untuniutntrng55886	-28.12947380791666	96774	100/10	10.0
196	untuniutntrng55886	-28.12947380791666	96776	100/10	10.0
197	untuniutntrng55886	-28.12947380791666	96774	100/10	10.0
198	untuniutntrng55886	-28.12947380791666	96775	100/10	10.0
199	untuniutntrng55886	-28.12947380791666	96774	100/10	10.0
200	untuniutntrng55886	-33.616325543073025	96774	10/100	0.1
201	untuniutntrng55886	-33.616325543073025	96775	10/100	0.1
202	untuniutntrng55886	-33.616325543073025	96774	10/100	0.1
203	untuniutntrng55886	-33.616325543073025	96773	10/100	0.1
204	untuniutntrng55886	-33.616325543073025	96775	10/100	0.1
205	untuniutntrng55886	-33.616325543073025	96773	10/100	0.1
206	untuniutntrng55886	-33.616325543073025	96774	10/100	0.1
207	untuniutntrng55886	-33.616325543073025	96775	10/100	0.1
208	untuniutntrng55886	-33.616325543073025	96773	10/100	0.1
209	untuniutntrng55886	-33.616325543073025	96777	10/100	0.1
210	untuniutntrng55886	-33.616325543073025	96775	10/100	0.1
211	untuniutntrng55886	-33.616325543073025	96773	10/100	0.1
212	untuniutntrng55886	-33.616325543073025	96775	10/100	0.1
213	untuniutntrng55886	-33.616325543073025	96771	10/100	0.1
214	untuniutntrng55886	-33.616325543073025	96773	10/100	0.1
215	untuniutntrng55886	-33.616325543073025	96774	10/100	0.1
216	untuniutntrng55886	-33.616325543073025	96773	10/100	0.1
217	untuniutntrng55886	-33.616325543073025	96775	10/100	0.1
218	untuniutntrng55886	-33.616325543073025	96773	10/100	0.1
219	untuniutntrng55886	-33.616325543073025	96775	10/100	0.1
220	untuniutntrng55886	-33.616325543073025	96775	10/100	0.1
221	untuniutntrng55886	-33.616325543073025	96773	10/100	0.1
222	untuniutntrng55886	-33.616325543073025	96775	10/100	0.1
223	untuniutntrng55886	-33.616325543073025	96773	10/100	0.1
224	untuniutntrng55886	-33.616325543073025	96778	10/100	0.1
225	untuniutntrng55886	-33.616325543073025	96775	10/100	0.1
226	untuniutntrng55886	-33.616325543073025	96778	10/100	0.1
227	untuniutntrng55886	-33.616325543073025	96777	10/100	0.1
228	untuniutntrng55886	-33.616325543073025	96774	10/100	0.1
229	untuniutntrng55886	-33.616325543073025	96774	10/100	0.1
230	untuniutntrng55886	-33.616325543073025	96773	10/100	0.1
231	untuniutntrng55886	-33.616325543073025	96776	10/100	0.1
232	untuniutntrng55886	-33.616325543073025	96773	10/100	0.1
233	untuniutntrng55886	-33.616325543073025	96775	10/100	0.1
234	untuniutntrng55886	-33.616325543073025	96774	10/100	0.1
235	untuniutntrng55886	-33.616325543073025	96771	10/100	0.1
236	untuniutntrng55886	-33.616325543073025	96775	10/100	0.1
237	untuniutntrng55886	-33.616325543073025	96774	10/100	0.1
238	untuniutntrng55886	-33.616325543073025	96773	10/100	0.1
239	untuniutntrng55886	-33.616325543073025	96776	10/100	0.1
240	untuniutntrng55886	-33.616325543073025	96777	10/100	0.1
241	untuniutntrng55886	-33.616325543073025	96775	10/100	0.1
242	untuniutntrng55886	-33.616325543073025	96774	10/100	0.1
243	untuniutntrng55886	-33.616325543073025	96774	10/100	0.1
244	untuniutntrng55886	-33.616325543073025	96776	10/100	0.1
245	untuniutntrng55886	-33.616325543073025	96776	10/100	0.1
246	untuniutntrng55886	-33.616325543073025	96773	10/100	0.1
247	untuniutntrng55886	-33.616325543073025	96775	10/100	0.1
248	untuniutntrng55886	-33.616325543073025	96773	10/100	0.1
249	untuniutntrng55886	-33.616325543073025	96774	10/100	0.1
250	untuniutntrng55886	-33.616325543073025	96776	10/100	0.1
251	untuniutntrng55886	-33.616325543073025	96773	10/100	0.1
252	untuniutntrng55886	-33.616325543073025	96775	10/100	0.1
253	untuniutntrng55886	-33.616325543073025	96772	10/100	0.1
254	untuniutntrng55886	-33.616325543073025	96775	10/100	0.1
255	untuniutntrng55886	-33.616325543073025	96774	10/100	0.1
256	untuniutntrng55886	-33.616325543073025	96777	10/100	0.1
257	untuniutntrng55886	-33.616325543073025	96772	10/100	0.1
258	untuniutntrng55886	-33.616325543073025	96776	10/100	0.1
259	untuniutntrng55886	-33.616325543073025	96774	10/100	0.1
260	untuniutntrng55886	-33.616325543073025	96773	10/100	0.1
261	untuniutntrng55886	-33.616325543073025	96774	10/100	0.1
262	untuniutntrng55886	-33.616325543073025	96774	10/100	0.1
263	untuniutntrng55886	-33.616325543073025	96773	10/100	0.1
264	untuniutntrng55886	-33.616325543073025	96776	10/100	0.1
265	untuniutntrng55886	-33.616325543073025	96776	10/100	0.1
266	untuniutntrng55886	-33.616325543073025	96776	10/100	0.1
267	untuniutntrng55886	-33.616325543073025	96773	10/100	0.1
268	untuniutntrng55886	-33.616325543073025	96775	10/100	0.1
269	untuniutntrng55886	-33.616325543073025	96772	10/100	0.1
270	untuniutntrng55886	-33.616325543073025	96775	10/100	0.1
271	untuniutntrng55886	-33.616325543073025	96773	10/100	0.1
272	untuniutntrng55886	-33.616325543073025	96776	10/100	0.1
273	untuniutntrng55886	-33.616325543073025	96774	10/100	0.1
274	untuniutntrng55886	-33.616325543073025	96775	10/100	0.1
275	untuniutntrng55886	-33.616325543073025	96776	10/100	0.1
276	untuniutntrng55886	-33.616325543073025	96776	10/100	0.1
277	untuniutntrng55886	-33.616325543073025	96775	10/100	0.1
278	untuniutntrng55886	-33.616325543073025	96775	10/100	0.1
279	untuniutntrng55886	-33.616325543073025	96776	10/100	0.1
280	untuniutntrng55886	-33.616325543073025	96776	10/100	0.1
281	untuniutntrng55886	-33.616325543073025	96776	10/100	0.1
282	untuniutntrng55886	-33.616325543073025	96776	10/100	0.1
283	untuniutntrng55886	-33.616325543073025	96777	10/100	0.1
284	untuniutntrng55886	-33.616325543073025	96774	10/100	0.1
285	untuniutntrng55886	-33.616325543073025	96773	10/100	0.1
286	untuniutntrng55886	-33.616325543073025	96775	10/100	0.1
287	untuniutntrng55886	-33.616325543073025	96774	10/100	0.1
288	untuniutntrng55886	-33.616325543073025	96775	10/100	0.1
289	untuniutntrng55886	-33.616325543073025	96775	10/100	0.1
290	untuniutntrng55886	-33.616325543073025	96776	10/100	0.1
291	untuniutntrng55886	-33.616325543073025	96775	10/100	0.1
292	untuniutntrng55886	-33.616325543073025	96775	10/100	0.1
293	untuniutntrng55886	-33.616325543073025	96775	10/100	0.1
294	untuniutntrng55886	-33.616325543073025	96776	10/100	0.1
295	untuniutntrng55886	-33.616325543073025	96774	10/100	0.1
296	untuniutntrng55886	-33.616325543073025	96775	10/100	0.1
297	untuniutntrng55886	-33.616325543073025	96775	10/100	0.1
298	untuniutntrng55886	-33.616325543073025	96774	10/100	0.1
299	untuniutntrng55886	-33.616325543073025	96775	10/100	0.1
300	untuniutntrng55886	-34.165010716588675	96775	1/1000	0.001
301	untuniutntrng55886	-34.165010716588675	96774	1/1000	0.001
302	untuniutntrng55886	-34.165010716588675	96775	1/1000	0.001
303	untuniutntrng55886	-34.165010716588675	96774	1/1000	0.001
304	untuniutntrng55886	-34.165010716588675	96775	1/1000	0.001
305	untuniutntrng55886	-34.165010716588675	96773	1/1000	0.001
306	untuniutntrng55886	-34.165010716588675	96775	1/1000	0.001
307	untuniutntrng55886	-34.165010716588675	96775	1/1000	0.001
308	untuniutntrng55886	-34.165010716588675	96773	1/1000	0.001
309	untuniutntrng55886	-34.165010716588675	96775	1/1000	0.001
310	untuniutntrng55886	-34.165010716588675	96774	1/1000	0.001
311	untuniutntrng55886	-34.165010716588675	96774	1/1000	0.001
312	untuniutntrng55886	-34.165010716588675	96774	1/1000	0.001
313	untuniutntrng55886	-34.165010716588675	96776	1/1000	0.001
314	untuniutntrng55886	-34.165010716588675	96774	1/1000	0.001
315	untuniutntrng55886	-34.165010716588675	96777	1/1000	0.001
316	untuniutntrng55886	-34.165010716588675	96775	1/1000	0.001
317	untuniutntrng55886	-34.165010716588675	96775	1/1000	0.001
318	untuniutntrng55886	-34.165010716588675	96775	1/1000	0.001
319	untuniutntrng55886	-34.165010716588675	96773	1/1000	0.001
320	untuniutntrng55886	-34.165010716588675	96775	1/1000	0.001
321	untuniutntrng55886	-34.165010716588675	96776	1/1000	0.001
322	untuniutntrng55886	-34.165010716588675	96775	1/1000	0.001
323	untuniutntrng55886	-34.165010716588675	96775	1/1000	0.001
324	untuniutntrng55886	-34.165010716588675	96777	1/1000	0.001
325	untuniutntrng55886	-34.165010716588675	96772	1/1000	0.001
326	untuniutntrng55886	-34.165010716588675	96776	1/1000	0.001
327	untuniutntrng55886	-34.165010716588675	96775	1/1000	0.001
328	untuniutntrng55886	-34.165010716588675	96774	1/1000	0.001
329	untuniutntrng55886	-34.165010716588675	96773	1/1000	0.001
330	untuniutntrng55886	-34.165010716588675	96777	1/1000	0.001
331	untuniutntrng55886	-34.165010716588675	96775	1/1000	0.001
332	untuniutntrng55886	-34.165010716588675	96769	1/1000	0.001
333	untuniutntrng55886	-34.165010716588675	96775	1/1000	0.001
334	untuniutntrng55886	-34.165010716588675	96776	1/1000	0.001
335	untuniutntrng55886	-34.165010716588675	96774	1/1000	0.001
336	untuniutntrng55886	-34.165010716588675	96774	1/1000	0.001
337	untuniutntrng55886	-34.165010716588675	96776	1/1000	0.001
338	untuniutntrng55886	-34.165010716588675	96774	1/1000	0.001
339	untuniutntrng55886	-34.165010716588675	96776	1/1000	0.001
340	untuniutntrng55886	-34.165010716588675	96772	1/1000	0.001
341	untuniutntrng55886	-34.165010716588675	96776	1/1000	0.001
342	untuniutntrng55886	-34.165010716588675	96778	1/1000	0.001
343	untuniutntrng55886	-34.165010716588675	96774	1/1000	0.001
344	untuniutntrng55886	-34.165010716588675	96776	1/1000	0.001
345	untuniutntrng55886	-34.165010716588675	96777	1/1000	0.001
346	untuniutntrng55886	-34.165010716588675	96774	1/1000	0.001
347	untuniutntrng55886	-34.165010716588675	96772	1/1000	0.001
348	untuniutntrng55886	-34.165010716588675	96775	1/1000	0.001
349	untuniutntrng55886	-34.165010716588675	96774	1/1000	0.001
350	untuniutntrng55886	-34.165010716588675	96777	1/1000	0.001
351	untuniutntrng55886	-34.165010716588675	96775	1/1000	0.001
352	untuniutntrng55886	-34.165010716588675	96774	1/1000	0.001
353	untuniutntrng55886	-34.165010716588675	96777	1/1000	0.001
354	untuniutntrng55886	-34.165010716588675	96776	1/1000	0.001
355	untuniutntrng55886	-34.165010716588675	96777	1/1000	0.001
356	untuniutntrng55886	-34.165010716588675	96777	1/1000	0.001
357	untuniutntrng55886	-34.165010716588675	96775	1/1000	0.001
358	untuniutntrng55886	-34.165010716588675	96775	1/1000	0.001
359	untuniutntrng55886	-34.165010716588675	96775	1/1000	0.001
360	untuniutntrng55886	-34.165010716588675	96775	1/1000	0.001
361	untuniutntrng55886	-34.165010716588675	96777	1/1000	0.001
362	untuniutntrng55886	-34.165010716588675	96774	1/1000	0.001
363	untuniutntrng55886	-34.165010716588675	96776	1/1000	0.001
364	untuniutntrng55886	-34.165010716588675	96774	1/1000	0.001
365	untuniutntrng55886	-34.165010716588675	96774	1/1000	0.001
366	untuniutntrng55886	-34.165010716588675	96776	1/1000	0.001
367	untuniutntrng55886	-34.165010716588675	96776	1/1000	0.001
368	untuniutntrng55886	-34.165010716588675	96775	1/1000	0.001
369	untuniutntrng55886	-34.165010716588675	96774	1/1000	0.001
370	untuniutntrng55886	-34.165010716588675	96776	1/1000	0.001
371	untuniutntrng55886	-34.165010716588675	96775	1/1000	0.001
372	untuniutntrng55886	-34.165010716588675	96776	1/1000	0.001
373	untuniutntrng55886	-34.165010716588675	96775	1/1000	0.001
374	untuniutntrng55886	-34.165010716588675	96777	1/1000	0.001
375	untuniutntrng55886	-34.165010716588675	96775	1/1000	0.001
376	untuniutntrng55886	-34.165010716588675	96775	1/1000	0.001
377	untuniutntrng55886	-34.165010716588675	96776	1/1000	0.001
378	untuniutntrng55886	-34.165010716588675	96773	1/1000	0.001
379	untuniutntrng55886	-34.165010716588675	96776	1/1000	0.001
380	untuniutntrng55886	-34.165010716588675	96772	1/1000	0.001
381	untuniutntrng55886	-34.165010716588675	96776	1/1000	0.001
382	untuniutntrng55886	-34.165010716588675	96777	1/1000	0.001
383	untuniutntrng55886	-34.165010716588675	96775	1/1000	0.001
384	untuniutntrng55886	-34.165010716588675	96771	1/1000	0.001
385	untuniutntrng55886	-34.165010716588675	96776	1/1000	0.001
386	untuniutntrng55886	-34.165010716588675	96776	1/1000	0.001
387	untuniutntrng55886	-34.165010716588675	96777	1/1000	0.001
388	untuniutntrng55886	-34.165010716588675	96778	1/1000	0.001
389	untuniutntrng55886	-34.165010716588675	96775	1/1000	0.001
390	untuniutntrng55886	-34.165010716588675	96772	1/1000	0.001
391	untuniutntrng55886	-34.165010716588675	96778	1/1000	0.001
392	untuniutntrng55886	-34.165010716588675	96776	1/1000	0.001
393	untuniutntrng55886	-34.165010716588675	96774	1/1000	0.001
394	untuniutntrng55886	-34.165010716588675	96774	1/1000	0.001
395	untuniutntrng55886	-34.165010716588675	96777	1/1000	0.001
396	untuniutntrng55886	-34.165010716588675	96775	1/1000	0.001
397	untuniutntrng55886	-34.165010716588675	96775	1/1000	0.001
398	untuniutntrng55886	-34.165010716588675	96777	1/1000	0.001
399	untuniutntrng55886	-34.165010716588675	96776	1/1000	0.001
400	untuniutntrng55886	-22.032971879965142	96776	200/5	40.0
401	untuniutntrng55886	-22.032971879965142	96776	200/5	40.0
402	untuniutntrng55886	-22.032971879965142	96776	200/5	40.0
403	untuniutntrng55886	-22.032971879965142	96773	200/5	40.0
404	untuniutntrng55886	-22.032971879965142	96775	200/5	40.0
405	untuniutntrng55886	-22.032971879965142	96776	200/5	40.0
406	untuniutntrng55886	-22.032971879965142	96777	200/5	40.0
407	untuniutntrng55886	-22.032971879965142	96775	200/5	40.0
408	untuniutntrng55886	-22.032971879965142	96773	200/5	40.0
409	untuniutntrng55886	-22.032971879965142	96775	200/5	40.0
410	untuniutntrng55886	-22.032971879965142	96775	200/5	40.0
411	untuniutntrng55886	-22.032971879965142	96776	200/5	40.0
412	untuniutntrng55886	-22.032971879965142	96775	200/5	40.0
413	untuniutntrng55886	-22.032971879965142	96776	200/5	40.0
414	untuniutntrng55886	-22.032971879965142	96776	200/5	40.0
415	untuniutntrng55886	-22.032971879965142	96775	200/5	40.0
416	untuniutntrng55886	-22.032971879965142	96773	200/5	40.0
417	untuniutntrng55886	-22.032971879965142	96774	200/5	40.0
418	untuniutntrng55886	-22.032971879965142	96777	200/5	40.0
419	untuniutntrng55886	-22.032971879965142	96774	200/5	40.0
420	untuniutntrng55886	-22.032971879965142	96775	200/5	40.0
421	untuniutntrng55886	-22.032971879965142	96776	200/5	40.0
422	untuniutntrng55886	-22.032971879965142	96775	200/5	40.0
423	untuniutntrng55886	-22.032971879965142	96775	200/5	40.0
424	untuniutntrng55886	-22.032971879965142	96773	200/5	40.0
425	untuniutntrng55886	-22.032971879965142	96774	200/5	40.0
426	untuniutntrng55886	-22.032971879965142	96776	200/5	40.0
427	untuniutntrng55886	-22.032971879965142	96773	200/5	40.0
428	untuniutntrng55886	-22.032971879965142	96776	200/5	40.0
429	untuniutntrng55886	-22.032971879965142	96776	200/5	40.0
430	untuniutntrng55886	-22.032971879965142	96774	200/5	40.0
431	untuniutntrng55886	-22.032971879965142	96774	200/5	40.0
432	untuniutntrng55886	-22.032971879965142	96774	200/5	40.0
433	untuniutntrng55886	-22.032971879965142	96776	200/5	40.0
434	untuniutntrng55886	-22.032971879965142	96773	200/5	40.0
435	untuniutntrng55886	-22.032971879965142	96775	200/5	40.0
436	untuniutntrng55886	-22.032971879965142	96776	200/5	40.0
437	untuniutntrng55886	-22.032971879965142	96777	200/5	40.0
438	untuniutntrng55886	-22.032971879965142	96774	200/5	40.0
439	untuniutntrng55886	-22.032971879965142	96776	200/5	40.0
440	untuniutntrng55886	-22.032971879965142	96775	200/5	40.0
441	untuniutntrng55886	-22.032971879965142	96774	200/5	40.0
442	untuniutntrng55886	-22.032971879965142	96775	200/5	40.0
443	untuniutntrng55886	-22.032971879965142	96772	200/5	40.0
444	untuniutntrng55886	-22.032971879965142	96775	200/5	40.0
445	untuniutntrng55886	-22.032971879965142	96774	200/5	40.0
446	untuniutntrng55886	-22.032971879965142	96777	200/5	40.0
447	untuniutntrng55886	-22.032971879965142	96777	200/5	40.0
448	untuniutntrng55886	-22.032971879965142	96772	200/5	40.0
449	untuniutntrng55886	-22.032971879965142	96774	200/5	40.0
450	untuniutntrng55886	-22.032971879965142	96774	200/5	40.0
451	untuniutntrng55886	-22.032971879965142	96775	200/5	40.0
452	untuniutntrng55886	-22.032971879965142	96774	200/5	40.0
453	untuniutntrng55886	-22.032971879965142	96775	200/5	40.0
454	untuniutntrng55886	-22.032971879965142	96776	200/5	40.0
455	untuniutntrng55886	-22.032971879965142	96777	200/5	40.0
456	untuniutntrng55886	-22.032971879965142	96776	200/5	40.0
457	untuniutntrng55886	-22.032971879965142	96775	200/5	40.0
458	untuniutntrng55886	-22.032971879965142	96777	200/5	40.0
459	untuniutntrng55886	-22.032971879965142	96776	200/5	40.0
460	untuniutntrng55886	-22.032971879965142	96775	200/5	40.0
461	untuniutntrng55886	-22.032971879965142	96774	200/5	40.0
462	untuniutntrng55886	-22.032971879965142	96776	200/5	40.0
463	untuniutntrng55886	-22.032971879965142	96775	200/5	40.0
464	untuniutntrng55886	-22.032971879965142	96774	200/5	40.0
465	untuniutntrng55886	-22.032971879965142	96773	200/5	40.0
466	untuniutntrng55886	-22.032971879965142	96776	200/5	40.0
467	untuniutntrng55886	-22.032971879965142	96773	200/5	40.0
468	untuniutntrng55886	-22.032971879965142	96774	200/5	40.0
469	untuniutntrng55886	-22.032971879965142	96776	200/5	40.0
470	untuniutntrng55886	-22.032971879965142	96777	200/5	40.0
471	untuniutntrng55886	-22.032971879965142	96776	200/5	40.0
472	untuniutntrng55886	-22.032971879965142	96776	200/5	40.0
473	untuniutntrng55886	-22.032971879965142	96773	200/5	40.0
474	untuniutntrng55886	-22.032971879965142	96776	200/5	40.0
475	untuniutntrng55886	-22.032971879965142	96775	200/5	40.0
476	untuniutntrng55886	-22.032971879965142	96775	200/5	40.0
477	untuniutntrng55886	-22.032971879965142	96775	200/5	40.0
478	untuniutntrng55886	-22.032971879965142	96774	200/5	40.0
479	untuniutntrng55886	-22.032971879965142	96777	200/5	40.0
480	untuniutntrng55886	-22.032971879965142	96775	200/5	40.0
481	untuniutntrng55886	-22.032971879965142	96775	200/5	40.0
482	untuniutntrng55886	-22.032971879965142	96776	200/5	40.0
483	untuniutntrng55886	-22.032971879965142	96776	200/5	40.0
484	untuniutntrng55886	-22.032971879965142	96772	200/5	40.0
485	untuniutntrng55886	-22.032971879965142	96775	200/5	40.0
486	untuniutntrng55886	-22.032971879965142	96774	200/5	40.0
487	untuniutntrng55886	-22.032971879965142	96778	200/5	40.0
488	untuniutntrng55886	-22.032971879965142	96773	200/5	40.0
489	untuniutntrng55886	-22.032971879965142	96775	200/5	40.0
490	untuniutntrng55886	-22.032971879965142	96774	200/5	40.0
491	untuniutntrng55886	-22.032971879965142	96776	200/5	40.0
492	untuniutntrng55886	-22.032971879965142	96775	200/5	40.0
493	untuniutntrng55886	-22.032971879965142	96777	200/5	40.0
494	untuniutntrng55886	-22.032971879965142	96774	200/5	40.0
495	untuniutntrng55886	-22.032971879965142	96777	200/5	40.0
496	untuniutntrng55886	-22.032971879965142	96773	200/5	40.0
497	untuniutntrng55886	-22.032971879965142	96770	200/5	40.0
498	untuniutntrng55886	-22.032971879965142	96775	200/5	40.0
499	untuniutntrng55886	-22.032971879965142	96774	200/5	40.0
500	untuniutntrng55886	-33.006675350277874	96775	20/50	0.4
501	untuniutntrng55886	-33.006675350277874	96777	20/50	0.4
502	untuniutntrng55886	-33.006675350277874	96773	20/50	0.4
503	untuniutntrng55886	-33.006675350277874	96773	20/50	0.4
504	untuniutntrng55886	-33.006675350277874	96774	20/50	0.4
505	untuniutntrng55886	-33.006675350277874	96770	20/50	0.4
506	untuniutntrng55886	-33.006675350277874	96775	20/50	0.4
507	untuniutntrng55886	-33.006675350277874	96777	20/50	0.4
508	untuniutntrng55886	-33.006675350277874	96776	20/50	0.4
509	untuniutntrng55886	-33.006675350277874	96777	20/50	0.4
510	untuniutntrng55886	-33.006675350277874	96775	20/50	0.4
511	untuniutntrng55886	-33.006675350277874	96774	20/50	0.4
512	untuniutntrng55886	-33.006675350277874	96775	20/50	0.4
513	untuniutntrng55886	-33.006675350277874	96775	20/50	0.4
514	untuniutntrng55886	-33.006675350277874	96770	20/50	0.4
515	untuniutntrng55886	-33.006675350277874	96777	20/50	0.4
516	untuniutntrng55886	-33.006675350277874	96772	20/50	0.4
517	untuniutntrng55886	-33.006675350277874	96775	20/50	0.4
518	untuniutntrng55886	-33.006675350277874	96776	20/50	0.4
519	untuniutntrng55886	-33.006675350277874	96776	20/50	0.4
520	untuniutntrng55886	-33.006675350277874	96775	20/50	0.4
521	untuniutntrng55886	-33.006675350277874	96776	20/50	0.4
522	untuniutntrng55886	-33.006675350277874	96775	20/50	0.4
523	untuniutntrng55886	-33.006675350277874	96777	20/50	0.4
524	untuniutntrng55886	-33.006675350277874	96776	20/50	0.4
525	untuniutntrng55886	-33.006675350277874	96775	20/50	0.4
526	untuniutntrng55886	-33.006675350277874	96774	20/50	0.4
527	untuniutntrng55886	-33.006675350277874	96775	20/50	0.4
528	untuniutntrng55886	-33.006675350277874	96774	20/50	0.4
529	untuniutntrng55886	-33.006675350277874	96775	20/50	0.4
530	untuniutntrng55886	-33.006675350277874	96773	20/50	0.4
531	untuniutntrng55886	-33.006675350277874	96775	20/50	0.4
532	untuniutntrng55886	-33.006675350277874	96774	20/50	0.4
533	untuniutntrng55886	-33.006675350277874	96773	20/50	0.4
534	untuniutntrng55886	-33.006675350277874	96775	20/50	0.4
535	untuniutntrng55886	-33.006675350277874	96774	20/50	0.4
536	untuniutntrng55886	-33.006675350277874	96770	20/50	0.4
537	untuniutntrng55886	-33.006675350277874	96774	20/50	0.4
538	untuniutntrng55886	-33.006675350277874	96775	20/50	0.4
539	untuniutntrng55886	-33.006675350277874	96775	20/50	0.4
540	untuniutntrng55886	-33.006675350277874	96772	20/50	0.4
541	untuniutntrng55886	-33.006675350277874	96777	20/50	0.4
542	untuniutntrng55886	-33.006675350277874	96776	20/50	0.4
543	untuniutntrng55886	-33.006675350277874	96773	20/50	0.4
544	untuniutntrng55886	-33.006675350277874	96778	20/50	0.4
545	untuniutntrng55886	-33.006675350277874	96776	20/50	0.4
546	untuniutntrng55886	-33.006675350277874	96773	20/50	0.4
547	untuniutntrng55886	-33.006675350277874	96774	20/50	0.4
548	untuniutntrng55886	-33.006675350277874	96776	20/50	0.4
549	untuniutntrng55886	-33.006675350277874	96777	20/50	0.4
550	untuniutntrng55886	-33.006675350277874	96775	20/50	0.4
551	untuniutntrng55886	-33.006675350277874	96775	20/50	0.4
552	untuniutntrng55886	-33.006675350277874	96775	20/50	0.4
553	untuniutntrng55886	-33.006675350277874	96777	20/50	0.4
554	untuniutntrng55886	-33.006675350277874	96777	20/50	0.4
555	untuniutntrng55886	-33.006675350277874	96777	20/50	0.4
556	untuniutntrng55886	-33.006675350277874	96778	20/50	0.4
557	untuniutntrng55886	-33.006675350277874	96776	20/50	0.4
558	untuniutntrng55886	-33.006675350277874	96775	20/50	0.4
559	untuniutntrng55886	-33.006675350277874	96774	20/50	0.4
560	untuniutntrng55886	-33.006675350277874	96775	20/50	0.4
561	untuniutntrng55886	-33.006675350277874	96775	20/50	0.4
562	untuniutntrng55886	-33.006675350277874	96776	20/50	0.4
563	untuniutntrng55886	-33.006675350277874	96777	20/50	0.4
564	untuniutntrng55886	-33.006675350277874	96777	20/50	0.4
565	untuniutntrng55886	-33.006675350277874	96773	20/50	0.4
566	untuniutntrng55886	-33.006675350277874	96776	20/50	0.4
567	untuniutntrng55886	-33.006675350277874	96773	20/50	0.4
568	untuniutntrng55886	-33.006675350277874	96776	20/50	0.4
569	untuniutntrng55886	-33.006675350277874	96773	20/50	0.4
570	untuniutntrng55886	-33.006675350277874	96774	20/50	0.4
571	untuniutntrng55886	-33.006675350277874	96776	20/50	0.4
572	untuniutntrng55886	-33.006675350277874	96772	20/50	0.4
573	untuniutntrng55886	-33.006675350277874	96773	20/50	0.4
574	untuniutntrng55886	-33.006675350277874	96772	20/50	0.4
575	untuniutntrng55886	-33.006675350277874	96775	20/50	0.4
576	untuniutntrng55886	-33.006675350277874	96776	20/50	0.4
577	untuniutntrng55886	-33.006675350277874	96774	20/50	0.4
578	untuniutntrng55886	-33.006675350277874	96776	20/50	0.4
579	untuniutntrng55886	-33.006675350277874	96773	20/50	0.4
580	untuniutntrng55886	-33.006675350277874	96776	20/50	0.4
581	untuniutntrng55886	-33.006675350277874	96773	20/50	0.4
582	untuniutntrng55886	-33.006675350277874	96775	20/50	0.4
583	untuniutntrng55886	-33.006675350277874	96777	20/50	0.4
584	untuniutntrng55886	-33.006675350277874	96778	20/50	0.4
585	untuniutntrng55886	-33.006675350277874	96776	20/50	0.4
586	untuniutntrng55886	-33.006675350277874	96773	20/50	0.4
587	untuniutntrng55886	-33.006675350277874	96777	20/50	0.4
588	untuniutntrng55886	-33.006675350277874	96775	20/50	0.4
589	untuniutntrng55886	-33.006675350277874	96777	20/50	0.4
590	untuniutntrng55886	-33.006675350277874	96778	20/50	0.4
591	untuniutntrng55886	-33.006675350277874	96775	20/50	0.4
592	untuniutntrng55886	-33.006675350277874	96774	20/50	0.4
593	untuniutntrng55886	-33.006675350277874	96777	20/50	0.4
594	untuniutntrng55886	-33.006675350277874	96776	20/50	0.4
595	untuniutntrng55886	-33.006675350277874	96775	20/50	0.4
596	untuniutntrng55886	-33.006675350277874	96774	20/50	0.4
597	untuniutntrng55886	-33.006675350277874	96773	20/50	0.4
598	untuniutntrng55886	-33.006675350277874	96775	20/50	0.4
599	untuniutntrng55886	-33.006675350277874	96776	20/50	0.4
600	untuniutntrng55886	-3.7434660961105823	96776	500/2	250.0
601	untuniutntrng55886	-3.7434660961105823	96774	500/2	250.0
602	untuniutntrng55886	-3.7434660961105823	96773	500/2	250.0
603	untuniutntrng55886	-3.7434660961105823	96773	500/2	250.0
604	untuniutntrng55886	-3.7434660961105823	96774	500/2	250.0
605	untuniutntrng55886	-3.7434660961105823	96773	500/2	250.0
606	untuniutntrng55886	-3.7434660961105823	96776	500/2	250.0
607	untuniutntrng55886	-3.7434660961105823	96776	500/2	250.0
608	untuniutntrng55886	-3.7434660961105823	96772	500/2	250.0
609	untuniutntrng55886	-3.7434660961105823	96773	500/2	250.0
610	untuniutntrng55886	-3.7434660961105823	96775	500/2	250.0
611	untuniutntrng55886	-3.7434660961105823	96774	500/2	250.0
612	untuniutntrng55886	-3.7434660961105823	96773	500/2	250.0
613	untuniutntrng55886	-3.7434660961105823	96776	500/2	250.0
614	untuniutntrng55886	-3.7434660961105823	96774	500/2	250.0
615	untuniutntrng55886	-3.7434660961105823	96776	500/2	250.0
616	untuniutntrng55886	-3.7434660961105823	96777	500/2	250.0
617	untuniutntrng55886	-3.7434660961105823	96775	500/2	250.0
618	untuniutntrng55886	-3.7434660961105823	96775	500/2	250.0
619	untuniutntrng55886	-3.7434660961105823	96775	500/2	250.0
620	untuniutntrng55886	-3.7434660961105823	96771	500/2	250.0
621	untuniutntrng55886	-3.7434660961105823	96776	500/2	250.0
622	untuniutntrng55886	-3.7434660961105823	96775	500/2	250.0
623	untuniutntrng55886	-3.7434660961105823	96772	500/2	250.0
624	untuniutntrng55886	-3.7434660961105823	96775	500/2	250.0
625	untuniutntrng55886	-3.7434660961105823	96777	500/2	250.0
626	untuniutntrng55886	-3.7434660961105823	96774	500/2	250.0
627	untuniutntrng55886	-3.7434660961105823	96775	500/2	250.0
628	untuniutntrng55886	-3.7434660961105823	96777	500/2	250.0
629	untuniutntrng55886	-3.7434660961105823	96773	500/2	250.0
630	untuniutntrng55886	-3.7434660961105823	96773	500/2	250.0
631	untuniutntrng55886	-3.7434660961105823	96776	500/2	250.0
632	untuniutntrng55886	-3.7434660961105823	96774	500/2	250.0
633	untuniutntrng55886	-3.7434660961105823	96774	500/2	250.0
634	untuniutntrng55886	-3.7434660961105823	96776	500/2	250.0
635	untuniutntrng55886	-3.7434660961105823	96775	500/2	250.0
636	untuniutntrng55886	-3.7434660961105823	96775	500/2	250.0
637	untuniutntrng55886	-3.7434660961105823	96776	500/2	250.0
638	untuniutntrng55886	-3.7434660961105823	96774	500/2	250.0
639	untuniutntrng55886	-3.7434660961105823	96774	500/2	250.0
640	untuniutntrng55886	-3.7434660961105823	96775	500/2	250.0
641	untuniutntrng55886	-3.7434660961105823	96776	500/2	250.0
642	untuniutntrng55886	-3.7434660961105823	96776	500/2	250.0
643	untuniutntrng55886	-3.7434660961105823	96775	500/2	250.0
644	untuniutntrng55886	-3.7434660961105823	96773	500/2	250.0
645	untuniutntrng55886	-3.7434660961105823	96774	500/2	250.0
646	untuniutntrng55886	-3.7434660961105823	96775	500/2	250.0
647	untuniutntrng55886	-3.7434660961105823	96776	500/2	250.0
648	untuniutntrng55886	-3.7434660961105823	96775	500/2	250.0
649	untuniutntrng55886	-3.7434660961105823	96777	500/2	250.0
650	untuniutntrng55886	-3.7434660961105823	96774	500/2	250.0
651	untuniutntrng55886	-3.7434660961105823	96775	500/2	250.0
652	untuniutntrng55886	-3.7434660961105823	96774	500/2	250.0
653	untuniutntrng55886	-3.7434660961105823	96774	500/2	250.0
654	untuniutntrng55886	-3.7434660961105823	96774	500/2	250.0
655	untuniutntrng55886	-3.7434660961105823	96773	500/2	250.0
656	untuniutntrng55886	-3.7434660961105823	96776	500/2	250.0
657	untuniutntrng55886	-3.7434660961105823	96774	500/2	250.0
658	untuniutntrng55886	-3.7434660961105823	96777	500/2	250.0
659	untuniutntrng55886	-3.7434660961105823	96774	500/2	250.0
660	untuniutntrng55886	-3.7434660961105823	96777	500/2	250.0
661	untuniutntrng55886	-3.7434660961105823	96776	500/2	250.0
662	untuniutntrng55886	-3.7434660961105823	96776	500/2	250.0
663	untuniutntrng55886	-3.7434660961105823	96775	500/2	250.0
664	untuniutntrng55886	-3.7434660961105823	96774	500/2	250.0
665	untuniutntrng55886	-3.7434660961105823	96775	500/2	250.0
666	untuniutntrng55886	-3.7434660961105823	96777	500/2	250.0
667	untuniutntrng55886	-3.7434660961105823	96772	500/2	250.0
668	untuniutntrng55886	-3.7434660961105823	96775	500/2	250.0
669	untuniutntrng55886	-3.7434660961105823	96774	500/2	250.0
670	untuniutntrng55886	-3.7434660961105823	96775	500/2	250.0
671	untuniutntrng55886	-3.7434660961105823	96776	500/2	250.0
672	untuniutntrng55886	-3.7434660961105823	96774	500/2	250.0
673	untuniutntrng55886	-3.7434660961105823	96777	500/2	250.0
674	untuniutntrng55886	-3.7434660961105823	96776	500/2	250.0
675	untuniutntrng55886	-3.7434660961105823	96775	500/2	250.0
676	untuniutntrng55886	-3.7434660961105823	96773	500/2	250.0
677	untuniutntrng55886	-3.7434660961105823	96775	500/2	250.0
678	untuniutntrng55886	-3.7434660961105823	96776	500/2	250.0
679	untuniutntrng55886	-3.7434660961105823	96774	500/2	250.0
680	untuniutntrng55886	-3.7434660961105823	96773	500/2	250.0
681	untuniutntrng55886	-3.7434660961105823	96775	500/2	250.0
682	untuniutntrng55886	-3.7434660961105823	96776	500/2	250.0
683	untuniutntrng55886	-3.7434660961105823	96775	500/2	250.0
684	untuniutntrng55886	-3.7434660961105823	96776	500/2	250.0
685	untuniutntrng55886	-3.7434660961105823	96774	500/2	250.0
686	untuniutntrng55886	-3.7434660961105823	96774	500/2	250.0
687	untuniutntrng55886	-3.7434660961105823	96774	500/2	250.0
688	untuniutntrng55886	-3.7434660961105823	96777	500/2	250.0
689	untuniutntrng55886	-3.7434660961105823	96774	500/2	250.0
690	untuniutntrng55886	-3.7434660961105823	96777	500/2	250.0
691	untuniutntrng55886	-3.7434660961105823	96776	500/2	250.0
692	untuniutntrng55886	-3.7434660961105823	96773	500/2	250.0
693	untuniutntrng55886	-3.7434660961105823	96775	500/2	250.0
694	untuniutntrng55886	-3.7434660961105823	96776	500/2	250.0
695	untuniutntrng55886	-3.7434660961105823	96775	500/2	250.0
696	untuniutntrng55886	-3.7434660961105823	96775	500/2	250.0
697	untuniutntrng55886	-3.7434660961105823	96775	500/2	250.0
698	untuniutntrng55886	-3.7434660961105823	96773	500/2	250.0
699	untuniutntrng55886	-3.7434660961105823	96775	500/2	250.0
700	untuniutntrng55886	-31.177724771892425	96772	50/20	2.5
701	untuniutntrng55886	-31.177724771892425	96778	50/20	2.5
702	untuniutntrng55886	-31.177724771892425	96774	50/20	2.5
703	untuniutntrng55886	-31.177724771892425	96775	50/20	2.5
704	untuniutntrng55886	-31.177724771892425	96775	50/20	2.5
705	untuniutntrng55886	-31.177724771892425	96778	50/20	2.5
706	untuniutntrng55886	-31.177724771892425	96775	50/20	2.5
707	untuniutntrng55886	-31.177724771892425	96774	50/20	2.5
708	untuniutntrng55886	-31.177724771892425	96773	50/20	2.5
709	untuniutntrng55886	-31.177724771892425	96778	50/20	2.5
710	untuniutntrng55886	-31.177724771892425	96774	50/20	2.5
711	untuniutntrng55886	-31.177724771892425	96778	50/20	2.5
712	untuniutntrng55886	-31.177724771892425	96776	50/20	2.5
713	untuniutntrng55886	-31.177724771892425	96777	50/20	2.5
714	untuniutntrng55886	-31.177724771892425	96772	50/20	2.5
715	untuniutntrng55886	-31.177724771892425	96777	50/20	2.5
716	untuniutntrng55886	-31.177724771892425	96771	50/20	2.5
717	untuniutntrng55886	-31.177724771892425	96773	50/20	2.5
718	untuniutntrng55886	-31.177724771892425	96775	50/20	2.5
719	untuniutntrng55886	-31.177724771892425	96773	50/20	2.5
720	untuniutntrng55886	-31.177724771892425	96776	50/20	2.5
721	untuniutntrng55886	-31.177724771892425	96776	50/20	2.5
722	untuniutntrng55886	-31.177724771892425	96775	50/20	2.5
723	untuniutntrng55886	-31.177724771892425	96775	50/20	2.5
724	untuniutntrng55886	-31.177724771892425	96771	50/20	2.5
725	untuniutntrng55886	-31.177724771892425	96775	50/20	2.5
726	untuniutntrng55886	-31.177724771892425	96774	50/20	2.5
727	untuniutntrng55886	-31.177724771892425	96775	50/20	2.5
728	untuniutntrng55886	-31.177724771892425	96778	50/20	2.5
729	untuniutntrng55886	-31.177724771892425	96774	50/20	2.5
730	untuniutntrng55886	-31.177724771892425	96774	50/20	2.5
731	untuniutntrng55886	-31.177724771892425	96774	50/20	2.5
732	untuniutntrng55886	-31.177724771892425	96775	50/20	2.5
733	untuniutntrng55886	-31.177724771892425	96778	50/20	2.5
734	untuniutntrng55886	-31.177724771892425	96775	50/20	2.5
735	untuniutntrng55886	-31.177724771892425	96774	50/20	2.5
736	untuniutntrng55886	-31.177724771892425	96776	50/20	2.5
737	untuniutntrng55886	-31.177724771892425	96776	50/20	2.5
738	untuniutntrng55886	-31.177724771892425	96773	50/20	2.5
739	untuniutntrng55886	-31.177724771892425	96773	50/20	2.5
740	untuniutntrng55886	-31.177724771892425	96772	50/20	2.5
741	untuniutntrng55886	-31.177724771892425	96776	50/20	2.5
742	untuniutntrng55886	-31.177724771892425	96777	50/20	2.5
743	untuniutntrng55886	-31.177724771892425	96772	50/20	2.5
744	untuniutntrng55886	-31.177724771892425	96775	50/20	2.5
745	untuniutntrng55886	-31.177724771892425	96773	50/20	2.5
746	untuniutntrng55886	-31.177724771892425	96774	50/20	2.5
747	untuniutntrng55886	-31.177724771892425	96774	50/20	2.5
748	untuniutntrng55886	-31.177724771892425	96775	50/20	2.5
749	untuniutntrng55886	-31.177724771892425	96775	50/20	2.5
750	untuniutntrng55886	-31.177724771892425	96776	50/20	2.5
751	untuniutntrng55886	-31.177724771892425	96774	50/20	2.5
752	untuniutntrng55886	-31.177724771892425	96773	50/20	2.5
753	untuniutntrng55886	-31.177724771892425	96777	50/20	2.5
754	untuniutntrng55886	-31.177724771892425	96774	50/20	2.5
755	untuniutntrng55886	-31.177724771892425	96777	50/20	2.5
756	untuniutntrng55886	-31.177724771892425	96774	50/20	2.5
757	untuniutntrng55886	-31.177724771892425	96776	50/20	2.5
758	untuniutntrng55886	-31.177724771892425	96773	50/20	2.5
759	untuniutntrng55886	-31.177724771892425	96775	50/20	2.5
760	untuniutntrng55886	-31.177724771892425	96777	50/20	2.5
761	untuniutntrng55886	-31.177724771892425	96775	50/20	2.5
762	untuniutntrng55886	-31.177724771892425	96776	50/20	2.5
763	untuniutntrng55886	-31.177724771892425	96776	50/20	2.5
764	untuniutntrng55886	-31.177724771892425	96775	50/20	2.5
765	untuniutntrng55886	-31.177724771892425	96777	50/20	2.5
766	untuniutntrng55886	-31.177724771892425	96775	50/20	2.5
767	untuniutntrng55886	-31.177724771892425	96775	50/20	2.5
768	untuniutntrng55886	-31.177724771892425	96774	50/20	2.5
769	untuniutntrng55886	-31.177724771892425	96773	50/20	2.5
770	untuniutntrng55886	-31.177724771892425	96776	50/20	2.5
771	untuniutntrng55886	-31.177724771892425	96778	50/20	2.5
772	untuniutntrng55886	-31.177724771892425	96775	50/20	2.5
773	untuniutntrng55886	-31.177724771892425	96775	50/20	2.5
774	untuniutntrng55886	-31.177724771892425	96777	50/20	2.5
775	untuniutntrng55886	-31.177724771892425	96775	50/20	2.5
776	untuniutntrng55886	-31.177724771892425	96775	50/20	2.5
777	untuniutntrng55886	-31.177724771892425	96771	50/20	2.5
778	untuniutntrng55886	-31.177724771892425	96776	50/20	2.5
779	untuniutntrng55886	-31.177724771892425	96778	50/20	2.5
780	untuniutntrng55886	-31.177724771892425	96777	50/20	2.5
781	untuniutntrng55886	-31.177724771892425	96776	50/20	2.5
782	untuniutntrng55886	-31.177724771892425	96775	50/20	2.5
783	untuniutntrng55886	-31.177724771892425	96773	50/20	2.5
784	untuniutntrng55886	-31.177724771892425	96776	50/20	2.5
785	untuniutntrng55886	-31.177724771892425	96773	50/20	2.5
786	untuniutntrng55886	-31.177724771892425	96774	50/20	2.5
787	untuniutntrng55886	-31.177724771892425	96774	50/20	2.5
788	untuniutntrng55886	-31.177724771892425	96775	50/20	2.5
789	untuniutntrng55886	-31.177724771892425	96774	50/20	2.5
790	untuniutntrng55886	-31.177724771892425	96773	50/20	2.5
791	untuniutntrng55886	-31.177724771892425	96774	50/20	2.5
792	untuniutntrng55886	-31.177724771892425	96774	50/20	2.5
793	untuniutntrng55886	-31.177724771892425	96776	50/20	2.5
794	untuniutntrng55886	-31.177724771892425	96777	50/20	2.5
795	untuniutntrng55886	-31.177724771892425	96778	50/20	2.5
796	untuniutntrng55886	-31.177724771892425	96776	50/20	2.5
797	untuniutntrng55886	-31.177724771892425	96776	50/20	2.5
798	untuniutntrng55886	-31.177724771892425	96776	50/20	2.5
799	untuniutntrng55886	-31.177724771892425	96775	50/20	2.5
800	untuniutntrng55886	-33.9211506394706	96776	5/200	0.025
801	untuniutntrng55886	-33.9211506394706	96776	5/200	0.025
802	untuniutntrng55886	-33.9211506394706	96773	5/200	0.025
803	untuniutntrng55886	-33.9211506394706	96775	5/200	0.025
804	untuniutntrng55886	-33.9211506394706	96773	5/200	0.025
805	untuniutntrng55886	-33.9211506394706	96776	5/200	0.025
806	untuniutntrng55886	-33.9211506394706	96776	5/200	0.025
807	untuniutntrng55886	-33.9211506394706	96775	5/200	0.025
808	untuniutntrng55886	-33.9211506394706	96775	5/200	0.025
809	untuniutntrng55886	-33.9211506394706	96776	5/200	0.025
810	untuniutntrng55886	-33.9211506394706	96775	5/200	0.025
811	untuniutntrng55886	-33.9211506394706	96774	5/200	0.025
812	untuniutntrng55886	-33.9211506394706	96774	5/200	0.025
813	untuniutntrng55886	-33.9211506394706	96776	5/200	0.025
814	untuniutntrng55886	-33.9211506394706	96774	5/200	0.025
815	untuniutntrng55886	-33.9211506394706	96773	5/200	0.025
816	untuniutntrng55886	-33.9211506394706	96773	5/200	0.025
817	untuniutntrng55886	-33.9211506394706	96775	5/200	0.025
818	untuniutntrng55886	-33.9211506394706	96776	5/200	0.025
819	untuniutntrng55886	-33.9211506394706	96775	5/200	0.025
820	untuniutntrng55886	-33.9211506394706	96776	5/200	0.025
821	untuniutntrng55886	-33.9211506394706	96776	5/200	0.025
822	untuniutntrng55886	-33.9211506394706	96773	5/200	0.025
823	untuniutntrng55886	-33.9211506394706	96776	5/200	0.025
824	untuniutntrng55886	-33.9211506394706	96773	5/200	0.025
825	untuniutntrng55886	-33.9211506394706	96775	5/200	0.025
826	untuniutntrng55886	-33.9211506394706	96777	5/200	0.025
827	untuniutntrng55886	-33.9211506394706	96775	5/200	0.025
828	untuniutntrng55886	-33.9211506394706	96777	5/200	0.025
829	untuniutntrng55886	-33.9211506394706	96770	5/200	0.025
830	untuniutntrng55886	-33.9211506394706	96776	5/200	0.025
831	untuniutntrng55886	-33.9211506394706	96776	5/200	0.025
832	untuniutntrng55886	-33.9211506394706	96775	5/200	0.025
833	untuniutntrng55886	-33.9211506394706	96773	5/200	0.025
834	untuniutntrng55886	-33.9211506394706	96776	5/200	0.025
835	untuniutntrng55886	-33.9211506394706	96776	5/200	0.025
836	untuniutntrng55886	-33.9211506394706	96775	5/200	0.025
837	untuniutntrng55886	-33.9211506394706	96774	5/200	0.025
838	untuniutntrng55886	-33.9211506394706	96778	5/200	0.025
839	untuniutntrng55886	-33.9211506394706	96774	5/200	0.025
840	untuniutntrng55886	-33.9211506394706	96773	5/200	0.025
841	untuniutntrng55886	-33.9211506394706	96773	5/200	0.025
842	untuniutntrng55886	-33.9211506394706	96775	5/200	0.025
843	untuniutntrng55886	-33.9211506394706	96774	5/200	0.025
844	untuniutntrng55886	-33.9211506394706	96776	5/200	0.025
845	untuniutntrng55886	-33.9211506394706	96775	5/200	0.025
846	untuniutntrng55886	-33.9211506394706	96774	5/200	0.025
847	untuniutntrng55886	-33.9211506394706	96775	5/200	0.025
848	untuniutntrng55886	-33.9211506394706	96774	5/200	0.025
849	untuniutntrng55886	-33.9211506394706	96773	5/200	0.025
850	untuniutntrng55886	-33.9211506394706	96774	5/200	0.025
851	untuniutntrng55886	-33.9211506394706	96776	5/200	0.025
852	untuniutntrng55886	-33.9211506394706	96775	5/200	0.025
853	untuniutntrng55886	-33.9211506394706	96775	5/200	0.025
854	untuniutntrng55886	-33.9211506394706	96773	5/200	0.025
855	untuniutntrng55886	-33.9211506394706	96772	5/200	0.025
856	untuniutntrng55886	-33.9211506394706	96773	5/200	0.025
857	untuniutntrng55886	-33.9211506394706	96776	5/200	0.025
858	untuniutntrng55886	-33.9211506394706	96776	5/200	0.025
859	untuniutntrng55886	-33.9211506394706	96775	5/200	0.025
860	untuniutntrng55886	-33.9211506394706	96772	5/200	0.025
861	untuniutntrng55886	-33.9211506394706	96776	5/200	0.025
862	untuniutntrng55886	-33.9211506394706	96776	5/200	0.025
863	untuniutntrng55886	-33.9211506394706	96775	5/200	0.025
864	untuniutntrng55886	-33.9211506394706	96774	5/200	0.025
865	untuniutntrng55886	-33.9211506394706	96776	5/200	0.025
866	untuniutntrng55886	-33.9211506394706	96777	5/200	0.025
867	untuniutntrng55886	-33.9211506394706	96774	5/200	0.025
868	untuniutntrng55886	-33.9211506394706	96777	5/200	0.025
869	untuniutntrng55886	-33.9211506394706	96773	5/200	0.025
870	untuniutntrng55886	-33.9211506394706	96776	5/200	0.025
871	untuniutntrng55886	-33.9211506394706	96773	5/200	0.025
872	untuniutntrng55886	-33.9211506394706	96772	5/200	0.025
873	untuniutntrng55886	-33.9211506394706	96773	5/200	0.025
874	untuniutntrng55886	-33.9211506394706	96777	5/200	0.025
875	untuniutntrng55886	-33.9211506394706	96772	5/200	0.025
876	untuniutntrng55886	-33.9211506394706	96774	5/200	0.025
877	untuniutntrng55886	-33.9211506394706	96774	5/200	0.025
878	untuniutntrng55886	-33.9211506394706	96774	5/200	0.025
879	untuniutntrng55886	-33.9211506394706	96774	5/200	0.025
880	untuniutntrng55886	-33.9211506394706	96774	5/200	0.025
881	untuniutntrng55886	-33.9211506394706	96775	5/200	0.025
882	untuniutntrng55886	-33.9211506394706	96775	5/200	0.025
883	untuniutntrng55886	-33.9211506394706	96774	5/200	0.025
884	untuniutntrng55886	-33.9211506394706	96774	5/200	0.025
885	untuniutntrng55886	-33.9211506394706	96777	5/200	0.025
886	untuniutntrng55886	-33.9211506394706	96774	5/200	0.025
887	untuniutntrng55886	-33.9211506394706	96776	5/200	0.025
888	untuniutntrng55886	-33.9211506394706	96775	5/200	0.025
889	untuniutntrng55886	-33.9211506394706	96775	5/200	0.025
890	untuniutntrng55886	-33.9211506394706	96776	5/200	0.025
891	untuniutntrng55886	-33.9211506394706	96773	5/200	0.025
892	untuniutntrng55886	-33.9211506394706	96778	5/200	0.025
893	untuniutntrng55886	-33.9211506394706	96772	5/200	0.025
894	untuniutntrng55886	-33.9211506394706	96776	5/200	0.025
895	untuniutntrng55886	-33.9211506394706	96775	5/200	0.025
896	untuniutntrng55886	-33.9211506394706	96776	5/200	0.025
897	untuniutntrng55886	-33.9211506394706	96773	5/200	0.025
898	untuniutntrng55886	-33.9211506394706	96773	5/200	0.025
899	untuniutntrng55886	-33.9211506394706	96775	5/200	0.025
