	welch_words	welch	welch_rang	dispersion	dispersion_numeric

0	untuniutntrng55886	0.0	43661	1000/1	1000.0

1	untuniutntrng55886	0.0	53222	1000/1	1000.0

2	untuniutntrng55886	0.0	41890	1000/1	1000.0

3	untuniutntrng55886	0.0	44777	1000/1	1000.0

4	untuniutntrng55886	0.0	51904	1000/1	1000.0

5	untuniutntrng55886	0.0	42810	1000/1	1000.0

6	untuniutntrng55886	0.0	53758	1000/1	1000.0

7	untuniutntrng55886	0.0	53561	1000/1	1000.0

8	untuniutntrng55886	0.0	53270	1000/1	1000.0

9	untuniutntrng55886	0.0	53628	1000/1	1000.0

10	untuniutntrng55886	0.0	53478	1000/1	1000.0

11	untuniutntrng55886	0.0	53569	1000/1	1000.0

12	untuniutntrng55886	0.0	52801	1000/1	1000.0

13	untuniutntrng55886	0.0	42512	1000/1	1000.0

14	untuniutntrng55886	0.0	43285	1000/1	1000.0

15	untuniutntrng55886	0.0	43169	1000/1	1000.0

16	untuniutntrng55886	0.0	53355	1000/1	1000.0

17	untuniutntrng55886	0.0	53546	1000/1	1000.0

18	untuniutntrng55886	0.0	42430	1000/1	1000.0

19	untuniutntrng55886	0.0	51832	1000/1	1000.0

20	untuniutntrng55886	0.0	42508	1000/1	1000.0

21	untuniutntrng55886	0.0	42745	1000/1	1000.0

22	untuniutntrng55886	0.0	42798	1000/1	1000.0

23	untuniutntrng55886	0.0	53399	1000/1	1000.0

24	untuniutntrng55886	0.0	42369	1000/1	1000.0

25	untuniutntrng55886	0.0	43384	1000/1	1000.0

26	untuniutntrng55886	0.0	43311	1000/1	1000.0

27	untuniutntrng55886	0.0	53176	1000/1	1000.0

28	untuniutntrng55886	0.0	42567	1000/1	1000.0

29	untuniutntrng55886	0.0	53615	1000/1	1000.0

30	untuniutntrng55886	0.0	53487	1000/1	1000.0

31	untuniutntrng55886	0.0	52265	1000/1	1000.0

32	untuniutntrng55886	0.0	54406	1000/1	1000.0

33	untuniutntrng55886	0.0	44097	1000/1	1000.0

34	untuniutntrng55886	0.0	44528	1000/1	1000.0

35	untuniutntrng55886	0.0	42554	1000/1	1000.0

36	untuniutntrng55886	0.0	51770	1000/1	1000.0

37	untuniutntrng55886	0.0	51955	1000/1	1000.0

38	untuniutntrng55886	0.0	44310	1000/1	1000.0

39	untuniutntrng55886	0.0	53400	1000/1	1000.0

40	untuniutntrng55886	0.0	43818	1000/1	1000.0

41	untuniutntrng55886	0.0	43446	1000/1	1000.0

42	untuniutntrng55886	0.0	42332	1000/1	1000.0

43	untuniutntrng55886	0.0	43976	1000/1	1000.0

44	untuniutntrng55886	0.0	44515	1000/1	1000.0

45	untuniutntrng55886	0.0	53361	1000/1	1000.0

46	untuniutntrng55886	0.0	43373	1000/1	1000.0

47	untuniutntrng55886	0.0	53685	1000/1	1000.0

48	untuniutntrng55886	0.0	44357	1000/1	1000.0

49	untuniutntrng55886	0.0	44242	1000/1	1000.0

50	untuniutntrng55886	0.0	43259	1000/1	1000.0

51	untuniutntrng55886	0.0	53770	1000/1	1000.0

52	untuniutntrng55886	0.0	53573	1000/1	1000.0

53	untuniutntrng55886	0.0	51964	1000/1	1000.0

54	untuniutntrng55886	0.0	42682	1000/1	1000.0

55	untuniutntrng55886	0.0	53451	1000/1	1000.0

56	untuniutntrng55886	0.0	52681	1000/1	1000.0

57	untuniutntrng55886	0.0	44697	1000/1	1000.0

58	untuniutntrng55886	0.0	53506	1000/1	1000.0

59	untuniutntrng55886	0.0	54292	1000/1	1000.0

60	untuniutntrng55886	0.0	43207	1000/1	1000.0

61	untuniutntrng55886	0.0	53330	1000/1	1000.0

62	untuniutntrng55886	0.0	42139	1000/1	1000.0

63	untuniutntrng55886	0.0	53269	1000/1	1000.0

64	untuniutntrng55886	0.0	43086	1000/1	1000.0

65	untuniutntrng55886	0.0	52251	1000/1	1000.0

66	untuniutntrng55886	0.0	53607	1000/1	1000.0

67	untuniutntrng55886	0.0	44367	1000/1	1000.0

68	untuniutntrng55886	0.0	55155	1000/1	1000.0

69	untuniutntrng55886	0.0	53608	1000/1	1000.0

70	untuniutntrng55886	0.0	42673	1000/1	1000.0

71	untuniutntrng55886	0.0	53373	1000/1	1000.0

72	untuniutntrng55886	0.0	43928	1000/1	1000.0

73	untuniutntrng55886	0.0	54736	1000/1	1000.0

74	untuniutntrng55886	0.0	42729	1000/1	1000.0

75	untuniutntrng55886	0.0	54062	1000/1	1000.0

76	untuniutntrng55886	0.0	42238	1000/1	1000.0

77	untuniutntrng55886	0.0	44098	1000/1	1000.0

78	untuniutntrng55886	0.0	52068	1000/1	1000.0

79	untuniutntrng55886	0.0	44269	1000/1	1000.0

80	untuniutntrng55886	0.0	53567	1000/1	1000.0

81	untuniutntrng55886	0.0	53282	1000/1	1000.0

82	untuniutntrng55886	0.0	44324	1000/1	1000.0

83	untuniutntrng55886	0.0	43444	1000/1	1000.0

84	untuniutntrng55886	0.0	53608	1000/1	1000.0

85	untuniutntrng55886	0.0	43900	1000/1	1000.0

86	untuniutntrng55886	0.0	43374	1000/1	1000.0

87	untuniutntrng55886	0.0	43816	1000/1	1000.0

88	untuniutntrng55886	0.0	54285	1000/1	1000.0

89	untuniutntrng55886	0.0	43533	1000/1	1000.0

90	untuniutntrng55886	0.0	44840	1000/1	1000.0

91	untuniutntrng55886	0.0	52865	1000/1	1000.0

92	untuniutntrng55886	0.0	53702	1000/1	1000.0

93	untuniutntrng55886	0.0	53085	1000/1	1000.0

94	untuniutntrng55886	0.0	53160	1000/1	1000.0

95	untuniutntrng55886	0.0	43462	1000/1	1000.0

96	untuniutntrng55886	0.0	52855	1000/1	1000.0

97	untuniutntrng55886	0.0	53350	1000/1	1000.0

98	untuniutntrng55886	0.0	53373	1000/1	1000.0

99	untuniutntrng55886	0.0	43773	1000/1	1000.0

100	untuniutntrng55886	0.0	48369	100/10	10.0

101	untuniutntrng55886	0.0	48518	100/10	10.0

102	untuniutntrng55886	0.0	48423	100/10	10.0

103	untuniutntrng55886	0.0	48444	100/10	10.0

104	untuniutntrng55886	0.0	48407	100/10	10.0

105	untuniutntrng55886	0.0	48432	100/10	10.0

106	untuniutntrng55886	0.0	48239	100/10	10.0

107	untuniutntrng55886	0.0	48211	100/10	10.0

108	untuniutntrng55886	0.0	48496	100/10	10.0

109	untuniutntrng55886	0.0	48400	100/10	10.0

110	untuniutntrng55886	0.0	48376	100/10	10.0

111	untuniutntrng55886	0.0	48353	100/10	10.0

112	untuniutntrng55886	0.0	48490	100/10	10.0

113	untuniutntrng55886	0.0	48405	100/10	10.0

114	untuniutntrng55886	0.0	48428	100/10	10.0

115	untuniutntrng55886	0.0	48296	100/10	10.0

116	untuniutntrng55886	0.0	48502	100/10	10.0

117	untuniutntrng55886	0.0	48251	100/10	10.0

118	untuniutntrng55886	0.0	48487	100/10	10.0

119	untuniutntrng55886	0.0	48393	100/10	10.0

120	untuniutntrng55886	0.0	48422	100/10	10.0

121	untuniutntrng55886	0.0	48491	100/10	10.0

122	untuniutntrng55886	0.0	48396	100/10	10.0

123	untuniutntrng55886	0.0	48480	100/10	10.0

124	untuniutntrng55886	0.0	48627	100/10	10.0

125	untuniutntrng55886	0.0	48501	100/10	10.0

126	untuniutntrng55886	0.0	48443	100/10	10.0

127	untuniutntrng55886	0.0	48317	100/10	10.0

128	untuniutntrng55886	0.0	48387	100/10	10.0

129	untuniutntrng55886	0.0	48703	100/10	10.0

130	untuniutntrng55886	0.0	48325	100/10	10.0

131	untuniutntrng55886	0.0	48409	100/10	10.0

132	untuniutntrng55886	0.0	48455	100/10	10.0

133	untuniutntrng55886	0.0	48536	100/10	10.0

134	untuniutntrng55886	0.0	48319	100/10	10.0

135	untuniutntrng55886	0.0	48501	100/10	10.0

136	untuniutntrng55886	0.0	48334	100/10	10.0

137	untuniutntrng55886	0.0	48571	100/10	10.0

138	untuniutntrng55886	0.0	48215	100/10	10.0

139	untuniutntrng55886	0.0	48446	100/10	10.0

140	untuniutntrng55886	0.0	48355	100/10	10.0

141	untuniutntrng55886	0.0	48497	100/10	10.0

142	untuniutntrng55886	0.0	48589	100/10	10.0

143	untuniutntrng55886	0.0	48339	100/10	10.0

144	untuniutntrng55886	0.0	48413	100/10	10.0

145	untuniutntrng55886	0.0	48513	100/10	10.0

146	untuniutntrng55886	0.0	48452	100/10	10.0

147	untuniutntrng55886	0.0	48376	100/10	10.0

148	untuniutntrng55886	0.0	48424	100/10	10.0

149	untuniutntrng55886	0.0	48305	100/10	10.0

150	untuniutntrng55886	0.0	48455	100/10	10.0

151	untuniutntrng55886	0.0	48474	100/10	10.0

152	untuniutntrng55886	0.0	48486	100/10	10.0

153	untuniutntrng55886	0.0	48382	100/10	10.0

154	untuniutntrng55886	0.0	48556	100/10	10.0

155	untuniutntrng55886	0.0	48373	100/10	10.0

156	untuniutntrng55886	0.0	48488	100/10	10.0

157	untuniutntrng55886	0.0	48469	100/10	10.0

158	untuniutntrng55886	0.0	48260	100/10	10.0

159	untuniutntrng55886	0.0	48219	100/10	10.0

160	untuniutntrng55886	0.0	48349	100/10	10.0

161	untuniutntrng55886	0.0	48309	100/10	10.0

162	untuniutntrng55886	0.0	48550	100/10	10.0

163	untuniutntrng55886	0.0	48452	100/10	10.0

164	untuniutntrng55886	0.0	48417	100/10	10.0

165	untuniutntrng55886	0.0	48456	100/10	10.0

166	untuniutntrng55886	0.0	48528	100/10	10.0

167	untuniutntrng55886	0.0	48275	100/10	10.0

168	untuniutntrng55886	0.0	48378	100/10	10.0

169	untuniutntrng55886	0.0	48519	100/10	10.0

170	untuniutntrng55886	0.0	48433	100/10	10.0

171	untuniutntrng55886	0.0	48532	100/10	10.0

172	untuniutntrng55886	0.0	48358	100/10	10.0

173	untuniutntrng55886	0.0	48568	100/10	10.0

174	untuniutntrng55886	0.0	48363	100/10	10.0

175	untuniutntrng55886	0.0	48110	100/10	10.0

176	untuniutntrng55886	0.0	48337	100/10	10.0

177	untuniutntrng55886	0.0	48420	100/10	10.0

178	untuniutntrng55886	0.0	48329	100/10	10.0

179	untuniutntrng55886	0.0	48189	100/10	10.0

180	untuniutntrng55886	0.0	48401	100/10	10.0

181	untuniutntrng55886	0.0	48649	100/10	10.0

182	untuniutntrng55886	0.0	48461	100/10	10.0

183	untuniutntrng55886	0.0	48375	100/10	10.0

184	untuniutntrng55886	0.0	48384	100/10	10.0

185	untuniutntrng55886	0.0	48356	100/10	10.0

186	untuniutntrng55886	0.0	48454	100/10	10.0

187	untuniutntrng55886	0.0	48622	100/10	10.0

188	untuniutntrng55886	0.0	48532	100/10	10.0

189	untuniutntrng55886	0.0	48536	100/10	10.0

190	untuniutntrng55886	0.0	48470	100/10	10.0

191	untuniutntrng55886	0.0	48436	100/10	10.0

192	untuniutntrng55886	0.0	48319	100/10	10.0

193	untuniutntrng55886	0.0	48443	100/10	10.0

194	untuniutntrng55886	0.0	48409	100/10	10.0

195	untuniutntrng55886	0.0	48516	100/10	10.0

196	untuniutntrng55886	0.0	48399	100/10	10.0

197	untuniutntrng55886	0.0	48317	100/10	10.0

198	untuniutntrng55886	0.0	48372	100/10	10.0

199	untuniutntrng55886	0.0	48463	100/10	10.0

200	untuniutntrng55886	0.0	48201	10/100	0.1

201	untuniutntrng55886	0.0	48379	10/100	0.1

202	untuniutntrng55886	0.0	48369	10/100	0.1

203	untuniutntrng55886	0.0	48416	10/100	0.1

204	untuniutntrng55886	0.0	48376	10/100	0.1

205	untuniutntrng55886	0.0	48472	10/100	0.1

206	untuniutntrng55886	0.0	48457	10/100	0.1

207	untuniutntrng55886	0.0	48287	10/100	0.1

208	untuniutntrng55886	0.0	48251	10/100	0.1

209	untuniutntrng55886	0.0	48258	10/100	0.1

210	untuniutntrng55886	0.0	48357	10/100	0.1

211	untuniutntrng55886	0.0	48326	10/100	0.1

212	untuniutntrng55886	0.0	48362	10/100	0.1

213	untuniutntrng55886	0.0	48516	10/100	0.1

214	untuniutntrng55886	0.0	48289	10/100	0.1

215	untuniutntrng55886	0.0	48424	10/100	0.1

216	untuniutntrng55886	0.0	48354	10/100	0.1

217	untuniutntrng55886	0.0	48276	10/100	0.1

218	untuniutntrng55886	0.0	48584	10/100	0.1

219	untuniutntrng55886	0.0	48431	10/100	0.1

220	untuniutntrng55886	0.0	48395	10/100	0.1

221	untuniutntrng55886	0.0	48191	10/100	0.1

222	untuniutntrng55886	0.0	48362	10/100	0.1

223	untuniutntrng55886	0.0	48501	10/100	0.1

224	untuniutntrng55886	0.0	48367	10/100	0.1

225	untuniutntrng55886	0.0	48454	10/100	0.1

226	untuniutntrng55886	0.0	48302	10/100	0.1

227	untuniutntrng55886	0.0	48352	10/100	0.1

228	untuniutntrng55886	0.0	48421	10/100	0.1

229	untuniutntrng55886	0.0	48586	10/100	0.1

230	untuniutntrng55886	0.0	48212	10/100	0.1

231	untuniutntrng55886	0.0	48404	10/100	0.1

232	untuniutntrng55886	0.0	48363	10/100	0.1

233	untuniutntrng55886	0.0	48361	10/100	0.1

234	untuniutntrng55886	0.0	48297	10/100	0.1

235	untuniutntrng55886	0.0	48275	10/100	0.1

236	untuniutntrng55886	0.0	48456	10/100	0.1

237	untuniutntrng55886	0.0	48464	10/100	0.1

238	untuniutntrng55886	0.0	48398	10/100	0.1

239	untuniutntrng55886	0.0	48335	10/100	0.1

240	untuniutntrng55886	0.0	48147	10/100	0.1

241	untuniutntrng55886	0.0	48385	10/100	0.1

242	untuniutntrng55886	0.0	48288	10/100	0.1

243	untuniutntrng55886	0.0	48319	10/100	0.1

244	untuniutntrng55886	0.0	48204	10/100	0.1

245	untuniutntrng55886	0.0	48241	10/100	0.1

246	untuniutntrng55886	0.0	48530	10/100	0.1

247	untuniutntrng55886	0.0	48296	10/100	0.1

248	untuniutntrng55886	0.0	48434	10/100	0.1

249	untuniutntrng55886	0.0	48383	10/100	0.1

250	untuniutntrng55886	0.0	48568	10/100	0.1

251	untuniutntrng55886	0.0	48539	10/100	0.1

252	untuniutntrng55886	0.0	48444	10/100	0.1

253	untuniutntrng55886	0.0	48365	10/100	0.1

254	untuniutntrng55886	0.0	48388	10/100	0.1

255	untuniutntrng55886	0.0	48313	10/100	0.1

256	untuniutntrng55886	0.0	48295	10/100	0.1

257	untuniutntrng55886	0.0	48327	10/100	0.1

258	untuniutntrng55886	0.0	48421	10/100	0.1

259	untuniutntrng55886	0.0	48545	10/100	0.1

260	untuniutntrng55886	0.0	48387	10/100	0.1

261	untuniutntrng55886	0.0	48281	10/100	0.1

262	untuniutntrng55886	0.0	48347	10/100	0.1

263	untuniutntrng55886	0.0	48339	10/100	0.1

264	untuniutntrng55886	0.0	48413	10/100	0.1

265	untuniutntrng55886	0.0	48370	10/100	0.1

266	untuniutntrng55886	0.0	48359	10/100	0.1

267	untuniutntrng55886	0.0	48208	10/100	0.1

268	untuniutntrng55886	0.0	48263	10/100	0.1

269	untuniutntrng55886	0.0	48231	10/100	0.1

270	untuniutntrng55886	0.0	48113	10/100	0.1

271	untuniutntrng55886	0.0	48614	10/100	0.1

272	untuniutntrng55886	0.0	48476	10/100	0.1

273	untuniutntrng55886	0.0	48453	10/100	0.1

274	untuniutntrng55886	0.0	48407	10/100	0.1

275	untuniutntrng55886	0.0	48467	10/100	0.1

276	untuniutntrng55886	0.0	48614	10/100	0.1

277	untuniutntrng55886	0.0	48396	10/100	0.1

278	untuniutntrng55886	0.0	48409	10/100	0.1

279	untuniutntrng55886	0.0	48295	10/100	0.1

280	untuniutntrng55886	0.0	48491	10/100	0.1

281	untuniutntrng55886	0.0	48483	10/100	0.1

282	untuniutntrng55886	0.0	48117	10/100	0.1

283	untuniutntrng55886	0.0	48342	10/100	0.1

284	untuniutntrng55886	0.0	48354	10/100	0.1

285	untuniutntrng55886	0.0	48544	10/100	0.1

286	untuniutntrng55886	0.0	48472	10/100	0.1

287	untuniutntrng55886	0.0	48224	10/100	0.1

288	untuniutntrng55886	0.0	48211	10/100	0.1

289	untuniutntrng55886	0.0	48435	10/100	0.1

290	untuniutntrng55886	0.0	48350	10/100	0.1

291	untuniutntrng55886	0.0	48421	10/100	0.1

292	untuniutntrng55886	0.0	48460	10/100	0.1

293	untuniutntrng55886	0.0	48509	10/100	0.1

294	untuniutntrng55886	0.0	48301	10/100	0.1

295	untuniutntrng55886	0.0	48285	10/100	0.1

296	untuniutntrng55886	0.0	48441	10/100	0.1

297	untuniutntrng55886	0.0	48460	10/100	0.1

298	untuniutntrng55886	0.0	48330	10/100	0.1

299	untuniutntrng55886	0.0	48258	10/100	0.1

300	untuniutntrng55886	0.0	48448	1/1000	0.001

301	untuniutntrng55886	0.0	48423	1/1000	0.001

302	untuniutntrng55886	0.0	48549	1/1000	0.001

303	untuniutntrng55886	0.0	48313	1/1000	0.001

304	untuniutntrng55886	0.0	48381	1/1000	0.001

305	untuniutntrng55886	0.0	48282	1/1000	0.001

306	untuniutntrng55886	0.0	48522	1/1000	0.001

307	untuniutntrng55886	0.0	48349	1/1000	0.001

308	untuniutntrng55886	0.0	48367	1/1000	0.001

309	untuniutntrng55886	0.0	48407	1/1000	0.001

310	untuniutntrng55886	0.0	48267	1/1000	0.001

311	untuniutntrng55886	0.0	48320	1/1000	0.001

312	untuniutntrng55886	0.0	48277	1/1000	0.001

313	untuniutntrng55886	0.0	48294	1/1000	0.001

314	untuniutntrng55886	0.0	48254	1/1000	0.001

315	untuniutntrng55886	0.0	48338	1/1000	0.001

316	untuniutntrng55886	0.0	48537	1/1000	0.001

317	untuniutntrng55886	0.0	48421	1/1000	0.001

318	untuniutntrng55886	0.0	48400	1/1000	0.001

319	untuniutntrng55886	0.0	48434	1/1000	0.001

320	untuniutntrng55886	0.0	48590	1/1000	0.001

321	untuniutntrng55886	0.0	48451	1/1000	0.001

322	untuniutntrng55886	0.0	48437	1/1000	0.001

323	untuniutntrng55886	0.0	48425	1/1000	0.001

324	untuniutntrng55886	0.0	48526	1/1000	0.001

325	untuniutntrng55886	0.0	48350	1/1000	0.001

326	untuniutntrng55886	0.0	48325	1/1000	0.001

327	untuniutntrng55886	0.0	48177	1/1000	0.001

328	untuniutntrng55886	0.0	48398	1/1000	0.001

329	untuniutntrng55886	0.0	48429	1/1000	0.001

330	untuniutntrng55886	0.0	48488	1/1000	0.001

331	untuniutntrng55886	0.0	48280	1/1000	0.001

332	untuniutntrng55886	0.0	48456	1/1000	0.001

333	untuniutntrng55886	0.0	48409	1/1000	0.001

334	untuniutntrng55886	0.0	48351	1/1000	0.001

335	untuniutntrng55886	0.0	48283	1/1000	0.001

336	untuniutntrng55886	0.0	48552	1/1000	0.001

337	untuniutntrng55886	0.0	48348	1/1000	0.001

338	untuniutntrng55886	0.0	48322	1/1000	0.001

339	untuniutntrng55886	0.0	48421	1/1000	0.001

340	untuniutntrng55886	0.0	48431	1/1000	0.001

341	untuniutntrng55886	0.0	48386	1/1000	0.001

342	untuniutntrng55886	0.0	48248	1/1000	0.001

343	untuniutntrng55886	0.0	48260	1/1000	0.001

344	untuniutntrng55886	0.0	48509	1/1000	0.001

345	untuniutntrng55886	0.0	48608	1/1000	0.001

346	untuniutntrng55886	0.0	48431	1/1000	0.001

347	untuniutntrng55886	0.0	48425	1/1000	0.001

348	untuniutntrng55886	0.0	48503	1/1000	0.001

349	untuniutntrng55886	0.0	48304	1/1000	0.001

350	untuniutntrng55886	0.0	48507	1/1000	0.001

351	untuniutntrng55886	0.0	48324	1/1000	0.001

352	untuniutntrng55886	0.0	48441	1/1000	0.001

353	untuniutntrng55886	0.0	48268	1/1000	0.001

354	untuniutntrng55886	0.0	48370	1/1000	0.001

355	untuniutntrng55886	0.0	48382	1/1000	0.001

356	untuniutntrng55886	0.0	48393	1/1000	0.001

357	untuniutntrng55886	0.0	48327	1/1000	0.001

358	untuniutntrng55886	0.0	48238	1/1000	0.001

359	untuniutntrng55886	0.0	48445	1/1000	0.001

360	untuniutntrng55886	0.0	48295	1/1000	0.001

361	untuniutntrng55886	0.0	48259	1/1000	0.001

362	untuniutntrng55886	0.0	48604	1/1000	0.001

363	untuniutntrng55886	0.0	48545	1/1000	0.001

364	untuniutntrng55886	0.0	48516	1/1000	0.001

365	untuniutntrng55886	0.0	48432	1/1000	0.001

366	untuniutntrng55886	0.0	48270	1/1000	0.001

367	untuniutntrng55886	0.0	48159	1/1000	0.001

368	untuniutntrng55886	0.0	48417	1/1000	0.001

369	untuniutntrng55886	0.0	48467	1/1000	0.001

370	untuniutntrng55886	0.0	48532	1/1000	0.001

371	untuniutntrng55886	0.0	48542	1/1000	0.001

372	untuniutntrng55886	0.0	48300	1/1000	0.001

373	untuniutntrng55886	0.0	48387	1/1000	0.001

374	untuniutntrng55886	0.0	48243	1/1000	0.001

375	untuniutntrng55886	0.0	48304	1/1000	0.001

376	untuniutntrng55886	0.0	48309	1/1000	0.001

377	untuniutntrng55886	0.0	48500	1/1000	0.001

378	untuniutntrng55886	0.0	48446	1/1000	0.001

379	untuniutntrng55886	0.0	48320	1/1000	0.001

380	untuniutntrng55886	0.0	48187	1/1000	0.001

381	untuniutntrng55886	0.0	48240	1/1000	0.001

382	untuniutntrng55886	0.0	48154	1/1000	0.001

383	untuniutntrng55886	0.0	48418	1/1000	0.001

384	untuniutntrng55886	0.0	48413	1/1000	0.001

385	untuniutntrng55886	0.0	48343	1/1000	0.001

386	untuniutntrng55886	0.0	48524	1/1000	0.001

387	untuniutntrng55886	0.0	48386	1/1000	0.001

388	untuniutntrng55886	0.0	48379	1/1000	0.001

389	untuniutntrng55886	0.0	48444	1/1000	0.001

390	untuniutntrng55886	0.0	48510	1/1000	0.001

391	untuniutntrng55886	0.0	48502	1/1000	0.001

392	untuniutntrng55886	0.0	48443	1/1000	0.001

393	untuniutntrng55886	0.0	48341	1/1000	0.001

394	untuniutntrng55886	0.0	48405	1/1000	0.001

395	untuniutntrng55886	0.0	48522	1/1000	0.001

396	untuniutntrng55886	0.0	48503	1/1000	0.001

397	untuniutntrng55886	0.0	48243	1/1000	0.001

398	untuniutntrng55886	0.0	48285	1/1000	0.001

399	untuniutntrng55886	0.0	48370	1/1000	0.001

400	untuniutntrng55886	0.0	48459	200/5	40.0

401	untuniutntrng55886	0.0	48390	200/5	40.0

402	untuniutntrng55886	0.0	48266	200/5	40.0

403	untuniutntrng55886	0.0	48299	200/5	40.0

404	untuniutntrng55886	0.0	48441	200/5	40.0

405	untuniutntrng55886	0.0	48552	200/5	40.0

406	untuniutntrng55886	0.0	48501	200/5	40.0

407	untuniutntrng55886	0.0	48051	200/5	40.0

408	untuniutntrng55886	0.0	48232	200/5	40.0

409	untuniutntrng55886	0.0	48246	200/5	40.0

410	untuniutntrng55886	0.0	48458	200/5	40.0

411	untuniutntrng55886	0.0	48314	200/5	40.0

412	untuniutntrng55886	0.0	48585	200/5	40.0

413	untuniutntrng55886	0.0	48437	200/5	40.0

414	untuniutntrng55886	0.0	48533	200/5	40.0

415	untuniutntrng55886	0.0	48574	200/5	40.0

416	untuniutntrng55886	0.0	48462	200/5	40.0

417	untuniutntrng55886	0.0	48437	200/5	40.0

418	untuniutntrng55886	0.0	48414	200/5	40.0

419	untuniutntrng55886	0.0	48296	200/5	40.0

420	untuniutntrng55886	0.0	48498	200/5	40.0

421	untuniutntrng55886	0.0	48469	200/5	40.0

422	untuniutntrng55886	0.0	48250	200/5	40.0

423	untuniutntrng55886	0.0	48183	200/5	40.0

424	untuniutntrng55886	0.0	48439	200/5	40.0

425	untuniutntrng55886	0.0	48435	200/5	40.0

426	untuniutntrng55886	0.0	48479	200/5	40.0

427	untuniutntrng55886	0.0	48379	200/5	40.0

428	untuniutntrng55886	0.0	48482	200/5	40.0

429	untuniutntrng55886	0.0	48508	200/5	40.0

430	untuniutntrng55886	0.0	48297	200/5	40.0

431	untuniutntrng55886	0.0	48371	200/5	40.0

432	untuniutntrng55886	0.0	48358	200/5	40.0

433	untuniutntrng55886	0.0	48439	200/5	40.0

434	untuniutntrng55886	0.0	48266	200/5	40.0

435	untuniutntrng55886	0.0	48524	200/5	40.0

436	untuniutntrng55886	0.0	48270	200/5	40.0

437	untuniutntrng55886	0.0	48611	200/5	40.0

438	untuniutntrng55886	0.0	48369	200/5	40.0

439	untuniutntrng55886	0.0	48522	200/5	40.0

440	untuniutntrng55886	0.0	48532	200/5	40.0

441	untuniutntrng55886	0.0	48374	200/5	40.0

442	untuniutntrng55886	0.0	48346	200/5	40.0

443	untuniutntrng55886	0.0	48311	200/5	40.0

444	untuniutntrng55886	0.0	48721	200/5	40.0

445	untuniutntrng55886	0.0	48354	200/5	40.0

446	untuniutntrng55886	0.0	48278	200/5	40.0

447	untuniutntrng55886	0.0	48378	200/5	40.0

448	untuniutntrng55886	0.0	48447	200/5	40.0

449	untuniutntrng55886	0.0	48257	200/5	40.0

450	untuniutntrng55886	0.0	48296	200/5	40.0

451	untuniutntrng55886	0.0	48302	200/5	40.0

452	untuniutntrng55886	0.0	48191	200/5	40.0

453	untuniutntrng55886	0.0	48235	200/5	40.0

454	untuniutntrng55886	0.0	48395	200/5	40.0

455	untuniutntrng55886	0.0	48473	200/5	40.0

456	untuniutntrng55886	0.0	48378	200/5	40.0

457	untuniutntrng55886	0.0	48530	200/5	40.0

458	untuniutntrng55886	0.0	48293	200/5	40.0

459	untuniutntrng55886	0.0	48449	200/5	40.0

460	untuniutntrng55886	0.0	48397	200/5	40.0

461	untuniutntrng55886	0.0	48490	200/5	40.0

462	untuniutntrng55886	0.0	48396	200/5	40.0

463	untuniutntrng55886	0.0	48304	200/5	40.0

464	untuniutntrng55886	0.0	48150	200/5	40.0

465	untuniutntrng55886	0.0	48263	200/5	40.0

466	untuniutntrng55886	0.0	48305	200/5	40.0

467	untuniutntrng55886	0.0	48480	200/5	40.0

468	untuniutntrng55886	0.0	48530	200/5	40.0

469	untuniutntrng55886	0.0	48447	200/5	40.0

470	untuniutntrng55886	0.0	48310	200/5	40.0

471	untuniutntrng55886	0.0	48428	200/5	40.0

472	untuniutntrng55886	0.0	48241	200/5	40.0

473	untuniutntrng55886	0.0	48364	200/5	40.0

474	untuniutntrng55886	0.0	48484	200/5	40.0

475	untuniutntrng55886	0.0	48422	200/5	40.0

476	untuniutntrng55886	0.0	48370	200/5	40.0

477	untuniutntrng55886	0.0	48485	200/5	40.0

478	untuniutntrng55886	0.0	48299	200/5	40.0

479	untuniutntrng55886	0.0	48419	200/5	40.0

480	untuniutntrng55886	0.0	48199	200/5	40.0

481	untuniutntrng55886	0.0	48168	200/5	40.0

482	untuniutntrng55886	0.0	48450	200/5	40.0

483	untuniutntrng55886	0.0	48275	200/5	40.0

484	untuniutntrng55886	0.0	48619	200/5	40.0

485	untuniutntrng55886	0.0	48459	200/5	40.0

486	untuniutntrng55886	0.0	48144	200/5	40.0

487	untuniutntrng55886	0.0	48452	200/5	40.0

488	untuniutntrng55886	0.0	48360	200/5	40.0

489	untuniutntrng55886	0.0	48236	200/5	40.0

490	untuniutntrng55886	0.0	48441	200/5	40.0

491	untuniutntrng55886	0.0	48385	200/5	40.0

492	untuniutntrng55886	0.0	48452	200/5	40.0

493	untuniutntrng55886	0.0	48148	200/5	40.0

494	untuniutntrng55886	0.0	48394	200/5	40.0

495	untuniutntrng55886	0.0	48453	200/5	40.0

496	untuniutntrng55886	0.0	48254	200/5	40.0

497	untuniutntrng55886	0.0	48313	200/5	40.0

498	untuniutntrng55886	0.0	48364	200/5	40.0

499	untuniutntrng55886	0.0	48312	200/5	40.0

500	untuniutntrng55886	0.0	48496	20/50	0.4

501	untuniutntrng55886	0.0	48383	20/50	0.4

502	untuniutntrng55886	0.0	48396	20/50	0.4

503	untuniutntrng55886	0.0	48269	20/50	0.4

504	untuniutntrng55886	0.0	48425	20/50	0.4

505	untuniutntrng55886	0.0	48163	20/50	0.4

506	untuniutntrng55886	0.0	48412	20/50	0.4

507	untuniutntrng55886	0.0	48536	20/50	0.4

508	untuniutntrng55886	0.0	48522	20/50	0.4

509	untuniutntrng55886	0.0	48341	20/50	0.4

510	untuniutntrng55886	0.0	48361	20/50	0.4

511	untuniutntrng55886	0.0	48366	20/50	0.4

512	untuniutntrng55886	0.0	48271	20/50	0.4

513	untuniutntrng55886	0.0	48374	20/50	0.4

514	untuniutntrng55886	0.0	48381	20/50	0.4

515	untuniutntrng55886	0.0	48480	20/50	0.4

516	untuniutntrng55886	0.0	48440	20/50	0.4

517	untuniutntrng55886	0.0	48499	20/50	0.4

518	untuniutntrng55886	0.0	48593	20/50	0.4

519	untuniutntrng55886	0.0	48443	20/50	0.4

520	untuniutntrng55886	0.0	48239	20/50	0.4

521	untuniutntrng55886	0.0	48359	20/50	0.4

522	untuniutntrng55886	0.0	48590	20/50	0.4

523	untuniutntrng55886	0.0	48310	20/50	0.4

524	untuniutntrng55886	0.0	48287	20/50	0.4

525	untuniutntrng55886	0.0	48379	20/50	0.4

526	untuniutntrng55886	0.0	48463	20/50	0.4

527	untuniutntrng55886	0.0	48390	20/50	0.4

528	untuniutntrng55886	0.0	48378	20/50	0.4

529	untuniutntrng55886	0.0	48472	20/50	0.4

530	untuniutntrng55886	0.0	48303	20/50	0.4

531	untuniutntrng55886	0.0	48471	20/50	0.4

532	untuniutntrng55886	0.0	48351	20/50	0.4

533	untuniutntrng55886	0.0	48396	20/50	0.4

534	untuniutntrng55886	0.0	48122	20/50	0.4

535	untuniutntrng55886	0.0	48420	20/50	0.4

536	untuniutntrng55886	0.0	48405	20/50	0.4

537	untuniutntrng55886	0.0	48268	20/50	0.4

538	untuniutntrng55886	0.0	48284	20/50	0.4

539	untuniutntrng55886	0.0	48352	20/50	0.4

540	untuniutntrng55886	0.0	48231	20/50	0.4

541	untuniutntrng55886	0.0	48433	20/50	0.4

542	untuniutntrng55886	0.0	48441	20/50	0.4

543	untuniutntrng55886	0.0	48418	20/50	0.4

544	untuniutntrng55886	0.0	48482	20/50	0.4

545	untuniutntrng55886	0.0	48543	20/50	0.4

546	untuniutntrng55886	0.0	48358	20/50	0.4

547	untuniutntrng55886	0.0	48399	20/50	0.4

548	untuniutntrng55886	0.0	48507	20/50	0.4

549	untuniutntrng55886	0.0	48469	20/50	0.4

550	untuniutntrng55886	0.0	48501	20/50	0.4

551	untuniutntrng55886	0.0	48372	20/50	0.4

552	untuniutntrng55886	0.0	48437	20/50	0.4

553	untuniutntrng55886	0.0	48542	20/50	0.4

554	untuniutntrng55886	0.0	48324	20/50	0.4

555	untuniutntrng55886	0.0	48305	20/50	0.4

556	untuniutntrng55886	0.0	48369	20/50	0.4

557	untuniutntrng55886	0.0	48258	20/50	0.4

558	untuniutntrng55886	0.0	48365	20/50	0.4

559	untuniutntrng55886	0.0	48270	20/50	0.4

560	untuniutntrng55886	0.0	48533	20/50	0.4

561	untuniutntrng55886	0.0	48331	20/50	0.4

562	untuniutntrng55886	0.0	48398	20/50	0.4

563	untuniutntrng55886	0.0	48316	20/50	0.4

564	untuniutntrng55886	0.0	48292	20/50	0.4

565	untuniutntrng55886	0.0	48531	20/50	0.4

566	untuniutntrng55886	0.0	48420	20/50	0.4

567	untuniutntrng55886	0.0	48214	20/50	0.4

568	untuniutntrng55886	0.0	48308	20/50	0.4

569	untuniutntrng55886	0.0	48371	20/50	0.4

570	untuniutntrng55886	0.0	48435	20/50	0.4

571	untuniutntrng55886	0.0	48333	20/50	0.4

572	untuniutntrng55886	0.0	48225	20/50	0.4

573	untuniutntrng55886	0.0	48499	20/50	0.4

574	untuniutntrng55886	0.0	48386	20/50	0.4

575	untuniutntrng55886	0.0	48401	20/50	0.4

576	untuniutntrng55886	0.0	48203	20/50	0.4

577	untuniutntrng55886	0.0	48437	20/50	0.4

578	untuniutntrng55886	0.0	48228	20/50	0.4

579	untuniutntrng55886	0.0	48474	20/50	0.4

580	untuniutntrng55886	0.0	48191	20/50	0.4

581	untuniutntrng55886	0.0	48327	20/50	0.4

582	untuniutntrng55886	0.0	48471	20/50	0.4

583	untuniutntrng55886	0.0	48410	20/50	0.4

584	untuniutntrng55886	0.0	48342	20/50	0.4

585	untuniutntrng55886	0.0	48437	20/50	0.4

586	untuniutntrng55886	0.0	48381	20/50	0.4

587	untuniutntrng55886	0.0	48434	20/50	0.4

588	untuniutntrng55886	0.0	48609	20/50	0.4

589	untuniutntrng55886	0.0	48341	20/50	0.4

590	untuniutntrng55886	0.0	48456	20/50	0.4

591	untuniutntrng55886	0.0	48409	20/50	0.4

592	untuniutntrng55886	0.0	48283	20/50	0.4

593	untuniutntrng55886	0.0	48465	20/50	0.4

594	untuniutntrng55886	0.0	48546	20/50	0.4

595	untuniutntrng55886	0.0	48266	20/50	0.4

596	untuniutntrng55886	0.0	48447	20/50	0.4

597	untuniutntrng55886	0.0	48289	20/50	0.4

598	untuniutntrng55886	0.0	48464	20/50	0.4

599	untuniutntrng55886	0.0	48307	20/50	0.4

600	untuniutntrng55886	0.0	48216	2/500	0.004

601	untuniutntrng55886	0.0	48504	2/500	0.004

602	untuniutntrng55886	0.0	48286	2/500	0.004

603	untuniutntrng55886	0.0	48224	2/500	0.004

604	untuniutntrng55886	0.0	48291	2/500	0.004

605	untuniutntrng55886	0.0	48377	2/500	0.004

606	untuniutntrng55886	0.0	48110	2/500	0.004

607	untuniutntrng55886	0.0	48379	2/500	0.004

608	untuniutntrng55886	0.0	48282	2/500	0.004

609	untuniutntrng55886	0.0	48524	2/500	0.004

610	untuniutntrng55886	0.0	48567	2/500	0.004

611	untuniutntrng55886	0.0	48535	2/500	0.004

612	untuniutntrng55886	0.0	48606	2/500	0.004

613	untuniutntrng55886	0.0	48513	2/500	0.004

614	untuniutntrng55886	0.0	48489	2/500	0.004

615	untuniutntrng55886	0.0	48544	2/500	0.004

616	untuniutntrng55886	0.0	48391	2/500	0.004

617	untuniutntrng55886	0.0	48252	2/500	0.004

618	untuniutntrng55886	0.0	48375	2/500	0.004

619	untuniutntrng55886	0.0	48392	2/500	0.004

620	untuniutntrng55886	0.0	48475	2/500	0.004

621	untuniutntrng55886	0.0	48513	2/500	0.004

622	untuniutntrng55886	0.0	48252	2/500	0.004

623	untuniutntrng55886	0.0	48372	2/500	0.004

624	untuniutntrng55886	0.0	48429	2/500	0.004

625	untuniutntrng55886	0.0	48327	2/500	0.004

626	untuniutntrng55886	0.0	48314	2/500	0.004

627	untuniutntrng55886	0.0	48442	2/500	0.004

628	untuniutntrng55886	0.0	48393	2/500	0.004

629	untuniutntrng55886	0.0	48179	2/500	0.004

630	untuniutntrng55886	0.0	48499	2/500	0.004

631	untuniutntrng55886	0.0	48487	2/500	0.004

632	untuniutntrng55886	0.0	48386	2/500	0.004

633	untuniutntrng55886	0.0	48314	2/500	0.004

634	untuniutntrng55886	0.0	48374	2/500	0.004

635	untuniutntrng55886	0.0	48310	2/500	0.004

636	untuniutntrng55886	0.0	48494	2/500	0.004

637	untuniutntrng55886	0.0	48305	2/500	0.004

638	untuniutntrng55886	0.0	48264	2/500	0.004

639	untuniutntrng55886	0.0	48359	2/500	0.004

640	untuniutntrng55886	0.0	48391	2/500	0.004

641	untuniutntrng55886	0.0	48443	2/500	0.004

642	untuniutntrng55886	0.0	48427	2/500	0.004

643	untuniutntrng55886	0.0	48366	2/500	0.004

644	untuniutntrng55886	0.0	48303	2/500	0.004

645	untuniutntrng55886	0.0	48414	2/500	0.004

646	untuniutntrng55886	0.0	48286	2/500	0.004

647	untuniutntrng55886	0.0	48372	2/500	0.004

648	untuniutntrng55886	0.0	48496	2/500	0.004

649	untuniutntrng55886	0.0	48323	2/500	0.004

650	untuniutntrng55886	0.0	48205	2/500	0.004

651	untuniutntrng55886	0.0	48409	2/500	0.004

652	untuniutntrng55886	0.0	48331	2/500	0.004

653	untuniutntrng55886	0.0	48346	2/500	0.004

654	untuniutntrng55886	0.0	48494	2/500	0.004

655	untuniutntrng55886	0.0	48297	2/500	0.004

656	untuniutntrng55886	0.0	48534	2/500	0.004

657	untuniutntrng55886	0.0	48404	2/500	0.004

658	untuniutntrng55886	0.0	48389	2/500	0.004

659	untuniutntrng55886	0.0	48240	2/500	0.004

660	untuniutntrng55886	0.0	51703	2/500	0.004

661	untuniutntrng55886	0.0	48276	2/500	0.004

662	untuniutntrng55886	0.0	48473	2/500	0.004

663	untuniutntrng55886	0.0	48489	2/500	0.004

664	untuniutntrng55886	0.0	48430	2/500	0.004

665	untuniutntrng55886	0.0	48276	2/500	0.004

666	untuniutntrng55886	0.0	48210	2/500	0.004

667	untuniutntrng55886	0.0	48299	2/500	0.004

668	untuniutntrng55886	0.0	48448	2/500	0.004

669	untuniutntrng55886	0.0	48332	2/500	0.004

670	untuniutntrng55886	0.0	48517	2/500	0.004

671	untuniutntrng55886	0.0	48499	2/500	0.004

672	untuniutntrng55886	0.0	48317	2/500	0.004

673	untuniutntrng55886	0.0	48283	2/500	0.004

674	untuniutntrng55886	0.0	48490	2/500	0.004

675	untuniutntrng55886	0.0	48157	2/500	0.004

676	untuniutntrng55886	0.0	48261	2/500	0.004

677	untuniutntrng55886	0.0	48252	2/500	0.004

678	untuniutntrng55886	0.0	48516	2/500	0.004

679	untuniutntrng55886	0.0	48447	2/500	0.004

680	untuniutntrng55886	0.0	48450	2/500	0.004

681	untuniutntrng55886	0.0	48497	2/500	0.004

682	untuniutntrng55886	0.0	48309	2/500	0.004

683	untuniutntrng55886	0.0	48495	2/500	0.004

684	untuniutntrng55886	0.0	48375	2/500	0.004

685	untuniutntrng55886	0.0	48427	2/500	0.004

686	untuniutntrng55886	0.0	48495	2/500	0.004

687	untuniutntrng55886	0.0	48211	2/500	0.004

688	untuniutntrng55886	0.0	48303	2/500	0.004

689	untuniutntrng55886	0.0	48381	2/500	0.004

690	untuniutntrng55886	0.0	48440	2/500	0.004

691	untuniutntrng55886	0.0	48353	2/500	0.004

692	untuniutntrng55886	0.0	48316	2/500	0.004

693	untuniutntrng55886	0.0	48440	2/500	0.004

694	untuniutntrng55886	0.0	48412	2/500	0.004

695	untuniutntrng55886	0.0	48408	2/500	0.004

696	untuniutntrng55886	0.0	48311	2/500	0.004

697	untuniutntrng55886	0.0	48402	2/500	0.004

698	untuniutntrng55886	0.0	48343	2/500	0.004

699	untuniutntrng55886	0.0	48272	2/500	0.004

700	untuniutntrng55886	0.0	46045	500/2	250.0

701	untuniutntrng55886	0.0	42253	500/2	250.0

702	untuniutntrng55886	0.0	44939	500/2	250.0

703	untuniutntrng55886	0.0	42435	500/2	250.0

704	untuniutntrng55886	0.0	46200	500/2	250.0

705	untuniutntrng55886	0.0	45915	500/2	250.0

706	untuniutntrng55886	0.0	46104	500/2	250.0

707	untuniutntrng55886	0.0	42210	500/2	250.0

708	untuniutntrng55886	0.0	42117	500/2	250.0

709	untuniutntrng55886	0.0	46183	500/2	250.0

710	untuniutntrng55886	0.0	46306	500/2	250.0

711	untuniutntrng55886	0.0	46135	500/2	250.0

712	untuniutntrng55886	0.0	43853	500/2	250.0

713	untuniutntrng55886	0.0	43844	500/2	250.0

714	untuniutntrng55886	0.0	46344	500/2	250.0

715	untuniutntrng55886	0.0	43694	500/2	250.0

716	untuniutntrng55886	0.0	42478	500/2	250.0

717	untuniutntrng55886	0.0	44719	500/2	250.0

718	untuniutntrng55886	0.0	47367	500/2	250.0

719	untuniutntrng55886	0.0	46413	500/2	250.0

720	untuniutntrng55886	0.0	46265	500/2	250.0

721	untuniutntrng55886	0.0	46112	500/2	250.0

722	untuniutntrng55886	0.0	46286	500/2	250.0

723	untuniutntrng55886	0.0	46173	500/2	250.0

724	untuniutntrng55886	0.0	45886	500/2	250.0

725	untuniutntrng55886	0.0	43984	500/2	250.0

726	untuniutntrng55886	0.0	46275	500/2	250.0

727	untuniutntrng55886	0.0	46393	500/2	250.0

728	untuniutntrng55886	0.0	42246	500/2	250.0

729	untuniutntrng55886	0.0	42501	500/2	250.0

730	untuniutntrng55886	0.0	46074	500/2	250.0

731	untuniutntrng55886	0.0	46163	500/2	250.0

732	untuniutntrng55886	0.0	46786	500/2	250.0

733	untuniutntrng55886	0.0	44932	500/2	250.0

734	untuniutntrng55886	0.0	44067	500/2	250.0

735	untuniutntrng55886	0.0	46255	500/2	250.0

736	untuniutntrng55886	0.0	43760	500/2	250.0

737	untuniutntrng55886	0.0	44230	500/2	250.0

738	untuniutntrng55886	0.0	42127	500/2	250.0

739	untuniutntrng55886	0.0	46182	500/2	250.0

740	untuniutntrng55886	0.0	46296	500/2	250.0

741	untuniutntrng55886	0.0	41993	500/2	250.0

742	untuniutntrng55886	0.0	46240	500/2	250.0

743	untuniutntrng55886	0.0	46125	500/2	250.0

744	untuniutntrng55886	0.0	46339	500/2	250.0

745	untuniutntrng55886	0.0	46173	500/2	250.0

746	untuniutntrng55886	0.0	46375	500/2	250.0

747	untuniutntrng55886	0.0	46196	500/2	250.0

748	untuniutntrng55886	0.0	46342	500/2	250.0

749	untuniutntrng55886	0.0	46256	500/2	250.0

750	untuniutntrng55886	0.0	41996	500/2	250.0

751	untuniutntrng55886	0.0	43906	500/2	250.0

752	untuniutntrng55886	0.0	43502	500/2	250.0

753	untuniutntrng55886	0.0	44221	500/2	250.0

754	untuniutntrng55886	0.0	46172	500/2	250.0

755	untuniutntrng55886	0.0	44685	500/2	250.0

756	untuniutntrng55886	0.0	44910	500/2	250.0

757	untuniutntrng55886	0.0	46225	500/2	250.0

758	untuniutntrng55886	0.0	45994	500/2	250.0

759	untuniutntrng55886	0.0	43745	500/2	250.0

760	untuniutntrng55886	0.0	46135	500/2	250.0

761	untuniutntrng55886	0.0	45059	500/2	250.0

762	untuniutntrng55886	0.0	46281	500/2	250.0

763	untuniutntrng55886	0.0	46211	500/2	250.0

764	untuniutntrng55886	0.0	46624	500/2	250.0

765	untuniutntrng55886	0.0	46178	500/2	250.0

766	untuniutntrng55886	0.0	46327	500/2	250.0

767	untuniutntrng55886	0.0	47444	500/2	250.0

768	untuniutntrng55886	0.0	44531	500/2	250.0

769	untuniutntrng55886	0.0	46136	500/2	250.0

770	untuniutntrng55886	0.0	44751	500/2	250.0

771	untuniutntrng55886	0.0	44347	500/2	250.0

772	untuniutntrng55886	0.0	46303	500/2	250.0

773	untuniutntrng55886	0.0	44981	500/2	250.0

774	untuniutntrng55886	0.0	44544	500/2	250.0

775	untuniutntrng55886	0.0	42653	500/2	250.0

776	untuniutntrng55886	0.0	46309	500/2	250.0

777	untuniutntrng55886	0.0	44218	500/2	250.0

778	untuniutntrng55886	0.0	45948	500/2	250.0

779	untuniutntrng55886	0.0	46505	500/2	250.0

780	untuniutntrng55886	0.0	43149	500/2	250.0

781	untuniutntrng55886	0.0	46271	500/2	250.0

782	untuniutntrng55886	0.0	44427	500/2	250.0

783	untuniutntrng55886	0.0	42066	500/2	250.0

784	untuniutntrng55886	0.0	43517	500/2	250.0

785	untuniutntrng55886	0.0	43098	500/2	250.0

786	untuniutntrng55886	0.0	44023	500/2	250.0

787	untuniutntrng55886	0.0	42404	500/2	250.0

788	untuniutntrng55886	0.0	45835	500/2	250.0

789	untuniutntrng55886	0.0	46231	500/2	250.0

790	untuniutntrng55886	0.0	46229	500/2	250.0

791	untuniutntrng55886	0.0	45751	500/2	250.0

792	untuniutntrng55886	0.0	46076	500/2	250.0

793	untuniutntrng55886	0.0	46272	500/2	250.0

794	untuniutntrng55886	0.0	46256	500/2	250.0

795	untuniutntrng55886	0.0	46258	500/2	250.0

796	untuniutntrng55886	0.0	44849	500/2	250.0

797	untuniutntrng55886	0.0	43644	500/2	250.0

798	untuniutntrng55886	0.0	46437	500/2	250.0

799	untuniutntrng55886	0.0	43892	500/2	250.0

800	untuniutntrng55886	0.0	48428	50/20	2.5

801	untuniutntrng55886	0.0	48542	50/20	2.5

802	untuniutntrng55886	0.0	48268	50/20	2.5

803	untuniutntrng55886	0.0	48448	50/20	2.5

804	untuniutntrng55886	0.0	48499	50/20	2.5

805	untuniutntrng55886	0.0	48442	50/20	2.5

806	untuniutntrng55886	0.0	48512	50/20	2.5

807	untuniutntrng55886	0.0	48214	50/20	2.5

808	untuniutntrng55886	0.0	48231	50/20	2.5

809	untuniutntrng55886	0.0	48388	50/20	2.5

810	untuniutntrng55886	0.0	48299	50/20	2.5

811	untuniutntrng55886	0.0	48263	50/20	2.5

812	untuniutntrng55886	0.0	48353	50/20	2.5

813	untuniutntrng55886	0.0	48290	50/20	2.5

814	untuniutntrng55886	0.0	48530	50/20	2.5

815	untuniutntrng55886	0.0	48522	50/20	2.5

816	untuniutntrng55886	0.0	48522	50/20	2.5

817	untuniutntrng55886	0.0	48434	50/20	2.5

818	untuniutntrng55886	0.0	48338	50/20	2.5

819	untuniutntrng55886	0.0	48346	50/20	2.5

820	untuniutntrng55886	0.0	48373	50/20	2.5

821	untuniutntrng55886	0.0	48616	50/20	2.5

822	untuniutntrng55886	0.0	48334	50/20	2.5

823	untuniutntrng55886	0.0	48394	50/20	2.5

824	untuniutntrng55886	0.0	48436	50/20	2.5

825	untuniutntrng55886	0.0	48313	50/20	2.5

826	untuniutntrng55886	0.0	48552	50/20	2.5

827	untuniutntrng55886	0.0	48414	50/20	2.5

828	untuniutntrng55886	0.0	48345	50/20	2.5

829	untuniutntrng55886	0.0	48396	50/20	2.5

830	untuniutntrng55886	0.0	48335	50/20	2.5

831	untuniutntrng55886	0.0	48608	50/20	2.5

832	untuniutntrng55886	0.0	48282	50/20	2.5

833	untuniutntrng55886	0.0	48447	50/20	2.5

834	untuniutntrng55886	0.0	48245	50/20	2.5

835	untuniutntrng55886	0.0	48541	50/20	2.5

836	untuniutntrng55886	0.0	48438	50/20	2.5

837	untuniutntrng55886	0.0	48380	50/20	2.5

838	untuniutntrng55886	0.0	48293	50/20	2.5

839	untuniutntrng55886	0.0	48352	50/20	2.5

840	untuniutntrng55886	0.0	54165	50/20	2.5

841	untuniutntrng55886	0.0	48569	50/20	2.5

842	untuniutntrng55886	0.0	48425	50/20	2.5

843	untuniutntrng55886	0.0	48292	50/20	2.5

844	untuniutntrng55886	0.0	48559	50/20	2.5

845	untuniutntrng55886	0.0	48338	50/20	2.5

846	untuniutntrng55886	0.0	48304	50/20	2.5

847	untuniutntrng55886	0.0	48498	50/20	2.5

848	untuniutntrng55886	0.0	48306	50/20	2.5

849	untuniutntrng55886	0.0	48281	50/20	2.5

850	untuniutntrng55886	0.0	48292	50/20	2.5

851	untuniutntrng55886	0.0	48379	50/20	2.5

852	untuniutntrng55886	0.0	48480	50/20	2.5

853	untuniutntrng55886	0.0	48311	50/20	2.5

854	untuniutntrng55886	0.0	48501	50/20	2.5

855	untuniutntrng55886	0.0	48458	50/20	2.5

856	untuniutntrng55886	0.0	48467	50/20	2.5

857	untuniutntrng55886	0.0	48299	50/20	2.5

858	untuniutntrng55886	0.0	48209	50/20	2.5

859	untuniutntrng55886	0.0	48398	50/20	2.5

860	untuniutntrng55886	0.0	48361	50/20	2.5

861	untuniutntrng55886	0.0	48495	50/20	2.5

862	untuniutntrng55886	0.0	48510	50/20	2.5

863	untuniutntrng55886	0.0	48322	50/20	2.5

864	untuniutntrng55886	0.0	48504	50/20	2.5

865	untuniutntrng55886	0.0	48286	50/20	2.5

866	untuniutntrng55886	0.0	48333	50/20	2.5

867	untuniutntrng55886	0.0	48341	50/20	2.5

868	untuniutntrng55886	0.0	48289	50/20	2.5

869	untuniutntrng55886	0.0	48411	50/20	2.5

870	untuniutntrng55886	0.0	48387	50/20	2.5

871	untuniutntrng55886	0.0	48326	50/20	2.5

872	untuniutntrng55886	0.0	48161	50/20	2.5

873	untuniutntrng55886	0.0	48510	50/20	2.5

874	untuniutntrng55886	0.0	48461	50/20	2.5

875	untuniutntrng55886	0.0	48396	50/20	2.5

876	untuniutntrng55886	0.0	48710	50/20	2.5

877	untuniutntrng55886	0.0	48314	50/20	2.5

878	untuniutntrng55886	0.0	48327	50/20	2.5

879	untuniutntrng55886	0.0	48296	50/20	2.5

880	untuniutntrng55886	0.0	48453	50/20	2.5

881	untuniutntrng55886	0.0	48290	50/20	2.5

882	untuniutntrng55886	0.0	48374	50/20	2.5

883	untuniutntrng55886	0.0	48530	50/20	2.5

884	untuniutntrng55886	0.0	48369	50/20	2.5

885	untuniutntrng55886	0.0	48363	50/20	2.5

886	untuniutntrng55886	0.0	48432	50/20	2.5

887	untuniutntrng55886	0.0	48474	50/20	2.5

888	untuniutntrng55886	0.0	48345	50/20	2.5

889	untuniutntrng55886	0.0	48459	50/20	2.5

890	untuniutntrng55886	0.0	48389	50/20	2.5

891	untuniutntrng55886	0.0	48405	50/20	2.5

892	untuniutntrng55886	0.0	48232	50/20	2.5

893	untuniutntrng55886	0.0	48604	50/20	2.5

894	untuniutntrng55886	0.0	48346	50/20	2.5

895	untuniutntrng55886	0.0	48537	50/20	2.5

896	untuniutntrng55886	0.0	48406	50/20	2.5

897	untuniutntrng55886	0.0	48414	50/20	2.5

898	untuniutntrng55886	0.0	48319	50/20	2.5

899	untuniutntrng55886	0.0	48461	50/20	2.5

900	untuniutntrng55886	0.0	48475	5/200	0.025

901	untuniutntrng55886	0.0	48448	5/200	0.025

902	untuniutntrng55886	0.0	48383	5/200	0.025

903	untuniutntrng55886	0.0	48341	5/200	0.025

904	untuniutntrng55886	0.0	48381	5/200	0.025

905	untuniutntrng55886	0.0	48303	5/200	0.025

906	untuniutntrng55886	0.0	48408	5/200	0.025

907	untuniutntrng55886	0.0	48213	5/200	0.025

908	untuniutntrng55886	0.0	48502	5/200	0.025

909	untuniutntrng55886	0.0	48443	5/200	0.025

910	untuniutntrng55886	0.0	48476	5/200	0.025

911	untuniutntrng55886	0.0	48465	5/200	0.025

912	untuniutntrng55886	0.0	48443	5/200	0.025

913	untuniutntrng55886	0.0	48431	5/200	0.025

914	untuniutntrng55886	0.0	48550	5/200	0.025

915	untuniutntrng55886	0.0	48400	5/200	0.025

916	untuniutntrng55886	0.0	48317	5/200	0.025

917	untuniutntrng55886	0.0	48408	5/200	0.025

918	untuniutntrng55886	0.0	48474	5/200	0.025

919	untuniutntrng55886	0.0	48236	5/200	0.025

920	untuniutntrng55886	0.0	48426	5/200	0.025

921	untuniutntrng55886	0.0	48351	5/200	0.025

922	untuniutntrng55886	0.0	48467	5/200	0.025

923	untuniutntrng55886	0.0	48324	5/200	0.025

924	untuniutntrng55886	0.0	48353	5/200	0.025

925	untuniutntrng55886	0.0	48420	5/200	0.025

926	untuniutntrng55886	0.0	48205	5/200	0.025

927	untuniutntrng55886	0.0	48510	5/200	0.025

928	untuniutntrng55886	0.0	48589	5/200	0.025

929	untuniutntrng55886	0.0	48482	5/200	0.025

930	untuniutntrng55886	0.0	48296	5/200	0.025

931	untuniutntrng55886	0.0	48565	5/200	0.025

932	untuniutntrng55886	0.0	48454	5/200	0.025

933	untuniutntrng55886	0.0	48618	5/200	0.025

934	untuniutntrng55886	0.0	48406	5/200	0.025

935	untuniutntrng55886	0.0	48379	5/200	0.025

936	untuniutntrng55886	0.0	48484	5/200	0.025

937	untuniutntrng55886	0.0	48358	5/200	0.025

938	untuniutntrng55886	0.0	48242	5/200	0.025

939	untuniutntrng55886	0.0	48184	5/200	0.025

940	untuniutntrng55886	0.0	48547	5/200	0.025

941	untuniutntrng55886	0.0	48296	5/200	0.025

942	untuniutntrng55886	0.0	48372	5/200	0.025

943	untuniutntrng55886	0.0	48521	5/200	0.025

944	untuniutntrng55886	0.0	48408	5/200	0.025

945	untuniutntrng55886	0.0	48352	5/200	0.025

946	untuniutntrng55886	0.0	48327	5/200	0.025

947	untuniutntrng55886	0.0	48491	5/200	0.025

948	untuniutntrng55886	0.0	48309	5/200	0.025

949	untuniutntrng55886	0.0	48445	5/200	0.025

950	untuniutntrng55886	0.0	48211	5/200	0.025

951	untuniutntrng55886	0.0	48496	5/200	0.025

952	untuniutntrng55886	0.0	48264	5/200	0.025

953	untuniutntrng55886	0.0	48313	5/200	0.025

954	untuniutntrng55886	0.0	48532	5/200	0.025

955	untuniutntrng55886	0.0	48409	5/200	0.025

956	untuniutntrng55886	0.0	48511	5/200	0.025

957	untuniutntrng55886	0.0	48277	5/200	0.025

958	untuniutntrng55886	0.0	48483	5/200	0.025

959	untuniutntrng55886	0.0	48524	5/200	0.025

960	untuniutntrng55886	0.0	48345	5/200	0.025

961	untuniutntrng55886	0.0	48279	5/200	0.025

962	untuniutntrng55886	0.0	48493	5/200	0.025

963	untuniutntrng55886	0.0	48414	5/200	0.025

964	untuniutntrng55886	0.0	48565	5/200	0.025

965	untuniutntrng55886	0.0	48483	5/200	0.025

966	untuniutntrng55886	0.0	48517	5/200	0.025

967	untuniutntrng55886	0.0	48347	5/200	0.025

968	untuniutntrng55886	0.0	48424	5/200	0.025

969	untuniutntrng55886	0.0	48542	5/200	0.025

970	untuniutntrng55886	0.0	48478	5/200	0.025

971	untuniutntrng55886	0.0	48525	5/200	0.025

972	untuniutntrng55886	0.0	48297	5/200	0.025

973	untuniutntrng55886	0.0	48460	5/200	0.025

974	untuniutntrng55886	0.0	48308	5/200	0.025

975	untuniutntrng55886	0.0	48353	5/200	0.025

976	untuniutntrng55886	0.0	48546	5/200	0.025

977	untuniutntrng55886	0.0	48503	5/200	0.025

978	untuniutntrng55886	0.0	48330	5/200	0.025

979	untuniutntrng55886	0.0	48325	5/200	0.025

980	untuniutntrng55886	0.0	48375	5/200	0.025

981	untuniutntrng55886	0.0	48389	5/200	0.025

982	untuniutntrng55886	0.0	48464	5/200	0.025

983	untuniutntrng55886	0.0	48456	5/200	0.025

984	untuniutntrng55886	0.0	48408	5/200	0.025

985	untuniutntrng55886	0.0	48336	5/200	0.025

986	untuniutntrng55886	0.0	48409	5/200	0.025

987	untuniutntrng55886	0.0	48477	5/200	0.025

988	untuniutntrng55886	0.0	48443	5/200	0.025

989	untuniutntrng55886	0.0	48520	5/200	0.025

990	untuniutntrng55886	0.0	48432	5/200	0.025

991	untuniutntrng55886	0.0	48376	5/200	0.025

992	untuniutntrng55886	0.0	48462	5/200	0.025

993	untuniutntrng55886	0.0	48335	5/200	0.025

994	untuniutntrng55886	0.0	48213	5/200	0.025

995	untuniutntrng55886	0.0	48141	5/200	0.025

996	untuniutntrng55886	0.0	48388	5/200	0.025

997	untuniutntrng55886	0.0	48342	5/200	0.025

998	untuniutntrng55886	0.0	48500	5/200	0.025

999	untuniutntrng55886	0.0	48392	5/200	0.025

