	chi_square_words	chi_square	chi_square_rang	frequency
0	untuniutntrng55886	979.4952959551275	1	1000
1	untuniutntrng55886	979.4952959551275	1	1000
2	untuniutntrng55886	979.4952959551275	1	1000
3	untuniutntrng55886	979.4952959551275	1	1000
4	untuniutntrng55886	979.4952959551275	1	1000
5	untuniutntrng55886	979.4952959551275	1	1000
6	untuniutntrng55886	979.4952959551275	1	1000
7	untuniutntrng55886	979.4952959551275	1	1000
8	untuniutntrng55886	979.4952959551275	1	1000
9	untuniutntrng55886	979.4952959551275	1	1000
10	untuniutntrng55886	979.4952959551275	1	1000
11	untuniutntrng55886	979.4952959551275	1	1000
12	untuniutntrng55886	979.4952959551275	1	1000
13	untuniutntrng55886	979.4952959551275	1	1000
14	untuniutntrng55886	979.4952959551275	1	1000
15	untuniutntrng55886	979.4952959551275	1	1000
16	untuniutntrng55886	979.4952959551275	1	1000
17	untuniutntrng55886	979.4952959551275	1	1000
18	untuniutntrng55886	979.4952959551275	1	1000
19	untuniutntrng55886	979.4952959551275	1	1000
20	untuniutntrng55886	979.4952959551275	1	1000
21	untuniutntrng55886	979.4952959551275	1	1000
22	untuniutntrng55886	979.4952959551275	1	1000
23	untuniutntrng55886	979.4952959551275	1	1000
24	untuniutntrng55886	979.4952959551275	1	1000
25	untuniutntrng55886	979.4952959551275	1	1000
26	untuniutntrng55886	979.4952959551275	1	1000
27	untuniutntrng55886	979.4952959551275	1	1000
28	untuniutntrng55886	979.4952959551275	1	1000
29	untuniutntrng55886	979.4952959551275	1	1000
30	untuniutntrng55886	979.4952959551275	1	1000
31	untuniutntrng55886	979.4952959551275	1	1000
32	untuniutntrng55886	979.4952959551275	1	1000
33	untuniutntrng55886	979.4952959551275	1	1000
34	untuniutntrng55886	979.4952959551275	1	1000
35	untuniutntrng55886	979.4952959551275	1	1000
36	untuniutntrng55886	979.4952959551275	1	1000
37	untuniutntrng55886	979.4952959551275	1	1000
38	untuniutntrng55886	979.4952959551275	1	1000
39	untuniutntrng55886	979.4952959551275	1	1000
40	untuniutntrng55886	979.4952959551275	1	1000
41	untuniutntrng55886	979.4952959551275	1	1000
42	untuniutntrng55886	979.4952959551275	1	1000
43	untuniutntrng55886	979.4952959551275	1	1000
44	untuniutntrng55886	979.4952959551275	1	1000
45	untuniutntrng55886	979.4952959551275	1	1000
46	untuniutntrng55886	979.4952959551275	1	1000
47	untuniutntrng55886	979.4952959551275	1	1000
48	untuniutntrng55886	979.4952959551275	1	1000
49	untuniutntrng55886	979.4952959551275	1	1000
50	untuniutntrng55886	979.4952959551275	1	1000
51	untuniutntrng55886	979.4952959551275	1	1000
52	untuniutntrng55886	979.4952959551275	1	1000
53	untuniutntrng55886	979.4952959551275	1	1000
54	untuniutntrng55886	979.4952959551275	1	1000
55	untuniutntrng55886	979.4952959551275	1	1000
56	untuniutntrng55886	979.4952959551275	1	1000
57	untuniutntrng55886	979.4952959551275	1	1000
58	untuniutntrng55886	979.4952959551275	1	1000
59	untuniutntrng55886	979.4952959551275	1	1000
60	untuniutntrng55886	979.4952959551275	1	1000
61	untuniutntrng55886	979.4952959551275	1	1000
62	untuniutntrng55886	979.4952959551275	1	1000
63	untuniutntrng55886	979.4952959551275	1	1000
64	untuniutntrng55886	979.4952959551275	1	1000
65	untuniutntrng55886	979.4952959551275	1	1000
66	untuniutntrng55886	979.4952959551275	1	1000
67	untuniutntrng55886	979.4952959551275	1	1000
68	untuniutntrng55886	979.4952959551275	1	1000
69	untuniutntrng55886	979.4952959551275	1	1000
70	untuniutntrng55886	979.4952959551275	1	1000
71	untuniutntrng55886	979.4952959551275	1	1000
72	untuniutntrng55886	979.4952959551275	1	1000
73	untuniutntrng55886	979.4952959551275	1	1000
74	untuniutntrng55886	979.4952959551275	1	1000
75	untuniutntrng55886	979.4952959551275	1	1000
76	untuniutntrng55886	979.4952959551275	1	1000
77	untuniutntrng55886	979.4952959551275	1	1000
78	untuniutntrng55886	979.4952959551275	1	1000
79	untuniutntrng55886	979.4952959551275	1	1000
80	untuniutntrng55886	979.4952959551275	1	1000
81	untuniutntrng55886	979.4952959551275	1	1000
82	untuniutntrng55886	979.4952959551275	1	1000
83	untuniutntrng55886	979.4952959551275	1	1000
84	untuniutntrng55886	979.4952959551275	1	1000
85	untuniutntrng55886	979.4952959551275	1	1000
86	untuniutntrng55886	979.4952959551275	1	1000
87	untuniutntrng55886	979.4952959551275	1	1000
88	untuniutntrng55886	979.4952959551275	1	1000
89	untuniutntrng55886	979.4952959551275	1	1000
90	untuniutntrng55886	979.4952959551275	1	1000
91	untuniutntrng55886	979.4952959551275	1	1000
92	untuniutntrng55886	979.4952959551275	1	1000
93	untuniutntrng55886	979.4952959551275	1	1000
94	untuniutntrng55886	979.4952959551275	1	1000
95	untuniutntrng55886	979.4952959551275	1	1000
96	untuniutntrng55886	979.4952959551275	1	1000
97	untuniutntrng55886	979.4952959551275	1	1000
98	untuniutntrng55886	979.4952959551275	1	1000
99	untuniutntrng55886	979.4952959551275	1	1000
100	untuniutntrng55886	83.24364790558002	1	100
101	untuniutntrng55886	83.24364790558002	1	100
102	untuniutntrng55886	83.24364790558002	1	100
103	untuniutntrng55886	83.24364790558002	1	100
104	untuniutntrng55886	83.24364790558002	1	100
105	untuniutntrng55886	83.24364790558002	1	100
106	untuniutntrng55886	83.24364790558002	1	100
107	untuniutntrng55886	83.24364790558002	1	100
108	untuniutntrng55886	83.24364790558002	1	100
109	untuniutntrng55886	83.24364790558002	1	100
110	untuniutntrng55886	83.24364790558002	1	100
111	untuniutntrng55886	83.24364790558002	1	100
112	untuniutntrng55886	83.24364790558002	1	100
113	untuniutntrng55886	83.24364790558002	1	100
114	untuniutntrng55886	83.24364790558002	1	100
115	untuniutntrng55886	83.24364790558002	1	100
116	untuniutntrng55886	83.24364790558002	1	100
117	untuniutntrng55886	83.24364790558002	1	100
118	untuniutntrng55886	83.24364790558002	1	100
119	untuniutntrng55886	83.24364790558002	1	100
120	untuniutntrng55886	83.24364790558002	1	100
121	untuniutntrng55886	83.24364790558002	1	100
122	untuniutntrng55886	83.24364790558002	1	100
123	untuniutntrng55886	83.24364790558002	1	100
124	untuniutntrng55886	83.24364790558002	1	100
125	untuniutntrng55886	83.24364790558002	1	100
126	untuniutntrng55886	83.24364790558002	1	100
127	untuniutntrng55886	83.24364790558002	1	100
128	untuniutntrng55886	83.24364790558002	1	100
129	untuniutntrng55886	83.24364790558002	1	100
130	untuniutntrng55886	83.24364790558002	1	100
131	untuniutntrng55886	83.24364790558002	1	100
132	untuniutntrng55886	83.24364790558002	1	100
133	untuniutntrng55886	83.24364790558002	1	100
134	untuniutntrng55886	83.24364790558002	1	100
135	untuniutntrng55886	83.24364790558002	1	100
136	untuniutntrng55886	83.24364790558002	1	100
137	untuniutntrng55886	83.24364790558002	1	100
138	untuniutntrng55886	83.24364790558002	1	100
139	untuniutntrng55886	83.24364790558002	1	100
140	untuniutntrng55886	83.24364790558002	1	100
141	untuniutntrng55886	83.24364790558002	1	100
142	untuniutntrng55886	83.24364790558002	1	100
143	untuniutntrng55886	83.24364790558002	1	100
144	untuniutntrng55886	83.24364790558002	1	100
145	untuniutntrng55886	83.24364790558002	1	100
146	untuniutntrng55886	83.24364790558002	1	100
147	untuniutntrng55886	83.24364790558002	1	100
148	untuniutntrng55886	83.24364790558002	1	100
149	untuniutntrng55886	83.24364790558002	1	100
150	untuniutntrng55886	83.24364790558002	1	100
151	untuniutntrng55886	83.24364790558002	1	100
152	untuniutntrng55886	83.24364790558002	1	100
153	untuniutntrng55886	83.24364790558002	1	100
154	untuniutntrng55886	83.24364790558002	1	100
155	untuniutntrng55886	83.24364790558002	1	100
156	untuniutntrng55886	83.24364790558002	1	100
157	untuniutntrng55886	83.24364790558002	1	100
158	untuniutntrng55886	83.24364790558002	1	100
159	untuniutntrng55886	83.24364790558002	1	100
160	untuniutntrng55886	83.24364790558002	1	100
161	untuniutntrng55886	83.24364790558002	1	100
162	untuniutntrng55886	83.24364790558002	1	100
163	untuniutntrng55886	83.24364790558002	1	100
164	untuniutntrng55886	83.24364790558002	1	100
165	untuniutntrng55886	83.24364790558002	1	100
166	untuniutntrng55886	83.24364790558002	1	100
167	untuniutntrng55886	83.24364790558002	1	100
168	untuniutntrng55886	83.24364790558002	1	100
169	untuniutntrng55886	83.24364790558002	1	100
170	untuniutntrng55886	83.24364790558002	1	100
171	untuniutntrng55886	83.24364790558002	1	100
172	untuniutntrng55886	83.24364790558002	1	100
173	untuniutntrng55886	83.24364790558002	1	100
174	untuniutntrng55886	83.24364790558002	1	100
175	untuniutntrng55886	83.24364790558002	1	100
176	untuniutntrng55886	83.24364790558002	1	100
177	untuniutntrng55886	83.24364790558002	1	100
178	untuniutntrng55886	83.24364790558002	1	100
179	untuniutntrng55886	83.24364790558002	1	100
180	untuniutntrng55886	83.24364790558002	1	100
181	untuniutntrng55886	83.24364790558002	1	100
182	untuniutntrng55886	83.24364790558002	1	100
183	untuniutntrng55886	83.24364790558002	1	100
184	untuniutntrng55886	83.24364790558002	1	100
185	untuniutntrng55886	83.24364790558002	1	100
186	untuniutntrng55886	83.24364790558002	1	100
187	untuniutntrng55886	83.24364790558002	1	100
188	untuniutntrng55886	83.24364790558002	1	100
189	untuniutntrng55886	83.24364790558002	1	100
190	untuniutntrng55886	83.24364790558002	1	100
191	untuniutntrng55886	83.24364790558002	1	100
192	untuniutntrng55886	83.24364790558002	1	100
193	untuniutntrng55886	83.24364790558002	1	100
194	untuniutntrng55886	83.24364790558002	1	100
195	untuniutntrng55886	83.24364790558002	1	100
196	untuniutntrng55886	83.24364790558002	1	100
197	untuniutntrng55886	83.24364790558002	1	100
198	untuniutntrng55886	83.24364790558002	1	100
199	untuniutntrng55886	83.24364790558002	1	100
200	untuniutntrng55886	1978.4042978687407	1	2000
201	untuniutntrng55886	1978.4042978687407	1	2000
202	untuniutntrng55886	1978.4042978687407	1	2000
203	untuniutntrng55886	1978.4042978687407	1	2000
204	untuniutntrng55886	1978.4042978687407	1	2000
205	untuniutntrng55886	1978.4042978687407	1	2000
206	untuniutntrng55886	1978.4042978687407	1	2000
207	untuniutntrng55886	1978.4042978687407	1	2000
208	untuniutntrng55886	1978.4042978687407	1	2000
209	untuniutntrng55886	1978.4042978687407	1	2000
210	untuniutntrng55886	1978.4042978687407	1	2000
211	untuniutntrng55886	1978.4042978687407	1	2000
212	untuniutntrng55886	1978.4042978687407	1	2000
213	untuniutntrng55886	1978.4042978687407	1	2000
214	untuniutntrng55886	1978.4042978687407	1	2000
215	untuniutntrng55886	1978.4042978687407	1	2000
216	untuniutntrng55886	1978.4042978687407	1	2000
217	untuniutntrng55886	1978.4042978687407	1	2000
218	untuniutntrng55886	1978.4042978687407	1	2000
219	untuniutntrng55886	1978.4042978687407	1	2000
220	untuniutntrng55886	1978.4042978687407	1	2000
221	untuniutntrng55886	1978.4042978687407	1	2000
222	untuniutntrng55886	1978.4042978687407	1	2000
223	untuniutntrng55886	1978.4042978687407	1	2000
224	untuniutntrng55886	1978.4042978687407	1	2000
225	untuniutntrng55886	1978.4042978687407	1	2000
226	untuniutntrng55886	1978.4042978687407	1	2000
227	untuniutntrng55886	1978.4042978687407	1	2000
228	untuniutntrng55886	1978.4042978687407	1	2000
229	untuniutntrng55886	1978.4042978687407	1	2000
230	untuniutntrng55886	1978.4042978687407	1	2000
231	untuniutntrng55886	1978.4042978687407	1	2000
232	untuniutntrng55886	1978.4042978687407	1	2000
233	untuniutntrng55886	1978.4042978687407	1	2000
234	untuniutntrng55886	1978.4042978687407	1	2000
235	untuniutntrng55886	1978.4042978687407	1	2000
236	untuniutntrng55886	1978.4042978687407	1	2000
237	untuniutntrng55886	1978.4042978687407	1	2000
238	untuniutntrng55886	1978.4042978687407	1	2000
239	untuniutntrng55886	1978.4042978687407	1	2000
240	untuniutntrng55886	1978.4042978687407	1	2000
241	untuniutntrng55886	1978.4042978687407	1	2000
242	untuniutntrng55886	1978.4042978687407	1	2000
243	untuniutntrng55886	1978.4042978687407	1	2000
244	untuniutntrng55886	1978.4042978687407	1	2000
245	untuniutntrng55886	1978.4042978687407	1	2000
246	untuniutntrng55886	1978.4042978687407	1	2000
247	untuniutntrng55886	1978.4042978687407	1	2000
248	untuniutntrng55886	1978.4042978687407	1	2000
249	untuniutntrng55886	1978.4042978687407	1	2000
250	untuniutntrng55886	1978.4042978687407	1	2000
251	untuniutntrng55886	1978.4042978687407	1	2000
252	untuniutntrng55886	1978.4042978687407	1	2000
253	untuniutntrng55886	1978.4042978687407	1	2000
254	untuniutntrng55886	1978.4042978687407	1	2000
255	untuniutntrng55886	1978.4042978687407	1	2000
256	untuniutntrng55886	1978.4042978687407	1	2000
257	untuniutntrng55886	1978.4042978687407	1	2000
258	untuniutntrng55886	1978.4042978687407	1	2000
259	untuniutntrng55886	1978.4042978687407	1	2000
260	untuniutntrng55886	1978.4042978687407	1	2000
261	untuniutntrng55886	1978.4042978687407	1	2000
262	untuniutntrng55886	1978.4042978687407	1	2000
263	untuniutntrng55886	1978.4042978687407	1	2000
264	untuniutntrng55886	1978.4042978687407	1	2000
265	untuniutntrng55886	1978.4042978687407	1	2000
266	untuniutntrng55886	1978.4042978687407	1	2000
267	untuniutntrng55886	1978.4042978687407	1	2000
268	untuniutntrng55886	1978.4042978687407	1	2000
269	untuniutntrng55886	1978.4042978687407	1	2000
270	untuniutntrng55886	1978.4042978687407	1	2000
271	untuniutntrng55886	1978.4042978687407	1	2000
272	untuniutntrng55886	1978.4042978687407	1	2000
273	untuniutntrng55886	1978.4042978687407	1	2000
274	untuniutntrng55886	1978.4042978687407	1	2000
275	untuniutntrng55886	1978.4042978687407	1	2000
276	untuniutntrng55886	1978.4042978687407	1	2000
277	untuniutntrng55886	1978.4042978687407	1	2000
278	untuniutntrng55886	1978.4042978687407	1	2000
279	untuniutntrng55886	1978.4042978687407	1	2000
280	untuniutntrng55886	1978.4042978687407	1	2000
281	untuniutntrng55886	1978.4042978687407	1	2000
282	untuniutntrng55886	1978.4042978687407	1	2000
283	untuniutntrng55886	1978.4042978687407	1	2000
284	untuniutntrng55886	1978.4042978687407	1	2000
285	untuniutntrng55886	1978.4042978687407	1	2000
286	untuniutntrng55886	1978.4042978687407	1	2000
287	untuniutntrng55886	1978.4042978687407	1	2000
288	untuniutntrng55886	1978.4042978687407	1	2000
289	untuniutntrng55886	1978.4042978687407	1	2000
290	untuniutntrng55886	1978.4042978687407	1	2000
291	untuniutntrng55886	1978.4042978687407	1	2000
292	untuniutntrng55886	1978.4042978687407	1	2000
293	untuniutntrng55886	1978.4042978687407	1	2000
294	untuniutntrng55886	1978.4042978687407	1	2000
295	untuniutntrng55886	1978.4042978687407	1	2000
296	untuniutntrng55886	1978.4042978687407	1	2000
297	untuniutntrng55886	1978.4042978687407	1	2000
298	untuniutntrng55886	1978.4042978687407	1	2000
299	untuniutntrng55886	1978.4042978687407	1	2000
300	untuniutntrng55886	181.6388099868186	1	200
301	untuniutntrng55886	181.6388099868186	1	200
302	untuniutntrng55886	181.6388099868186	1	200
303	untuniutntrng55886	181.6388099868186	1	200
304	untuniutntrng55886	181.6388099868186	1	200
305	untuniutntrng55886	181.6388099868186	1	200
306	untuniutntrng55886	181.6388099868186	1	200
307	untuniutntrng55886	181.6388099868186	1	200
308	untuniutntrng55886	181.6388099868186	1	200
309	untuniutntrng55886	181.6388099868186	1	200
310	untuniutntrng55886	181.6388099868186	1	200
311	untuniutntrng55886	181.6388099868186	1	200
312	untuniutntrng55886	181.6388099868186	1	200
313	untuniutntrng55886	181.6388099868186	1	200
314	untuniutntrng55886	181.6388099868186	1	200
315	untuniutntrng55886	181.6388099868186	1	200
316	untuniutntrng55886	181.6388099868186	1	200
317	untuniutntrng55886	181.6388099868186	1	200
318	untuniutntrng55886	181.6388099868186	1	200
319	untuniutntrng55886	181.6388099868186	1	200
320	untuniutntrng55886	181.6388099868186	1	200
321	untuniutntrng55886	181.6388099868186	1	200
322	untuniutntrng55886	181.6388099868186	1	200
323	untuniutntrng55886	181.6388099868186	1	200
324	untuniutntrng55886	181.6388099868186	1	200
325	untuniutntrng55886	181.6388099868186	1	200
326	untuniutntrng55886	181.6388099868186	1	200
327	untuniutntrng55886	181.6388099868186	1	200
328	untuniutntrng55886	181.6388099868186	1	200
329	untuniutntrng55886	181.6388099868186	1	200
330	untuniutntrng55886	181.6388099868186	1	200
331	untuniutntrng55886	181.6388099868186	1	200
332	untuniutntrng55886	181.6388099868186	1	200
333	untuniutntrng55886	181.6388099868186	1	200
334	untuniutntrng55886	181.6388099868186	1	200
335	untuniutntrng55886	181.6388099868186	1	200
336	untuniutntrng55886	181.6388099868186	1	200
337	untuniutntrng55886	181.6388099868186	1	200
338	untuniutntrng55886	181.6388099868186	1	200
339	untuniutntrng55886	181.6388099868186	1	200
340	untuniutntrng55886	181.6388099868186	1	200
341	untuniutntrng55886	181.6388099868186	1	200
342	untuniutntrng55886	181.6388099868186	1	200
343	untuniutntrng55886	181.6388099868186	1	200
344	untuniutntrng55886	181.6388099868186	1	200
345	untuniutntrng55886	181.6388099868186	1	200
346	untuniutntrng55886	181.6388099868186	1	200
347	untuniutntrng55886	181.6388099868186	1	200
348	untuniutntrng55886	181.6388099868186	1	200
349	untuniutntrng55886	181.6388099868186	1	200
350	untuniutntrng55886	181.6388099868186	1	200
351	untuniutntrng55886	181.6388099868186	1	200
352	untuniutntrng55886	181.6388099868186	1	200
353	untuniutntrng55886	181.6388099868186	1	200
354	untuniutntrng55886	181.6388099868186	1	200
355	untuniutntrng55886	181.6388099868186	1	200
356	untuniutntrng55886	181.6388099868186	1	200
357	untuniutntrng55886	181.6388099868186	1	200
358	untuniutntrng55886	181.6388099868186	1	200
359	untuniutntrng55886	181.6388099868186	1	200
360	untuniutntrng55886	181.6388099868186	1	200
361	untuniutntrng55886	181.6388099868186	1	200
362	untuniutntrng55886	181.6388099868186	1	200
363	untuniutntrng55886	181.6388099868186	1	200
364	untuniutntrng55886	181.6388099868186	1	200
365	untuniutntrng55886	181.6388099868186	1	200
366	untuniutntrng55886	181.6388099868186	1	200
367	untuniutntrng55886	181.6388099868186	1	200
368	untuniutntrng55886	181.6388099868186	1	200
369	untuniutntrng55886	181.6388099868186	1	200
370	untuniutntrng55886	181.6388099868186	1	200
371	untuniutntrng55886	181.6388099868186	1	200
372	untuniutntrng55886	181.6388099868186	1	200
373	untuniutntrng55886	181.6388099868186	1	200
374	untuniutntrng55886	181.6388099868186	1	200
375	untuniutntrng55886	181.6388099868186	1	200
376	untuniutntrng55886	181.6388099868186	1	200
377	untuniutntrng55886	181.6388099868186	1	200
378	untuniutntrng55886	181.6388099868186	1	200
379	untuniutntrng55886	181.6388099868186	1	200
380	untuniutntrng55886	181.6388099868186	1	200
381	untuniutntrng55886	181.6388099868186	1	200
382	untuniutntrng55886	181.6388099868186	1	200
383	untuniutntrng55886	181.6388099868186	1	200
384	untuniutntrng55886	181.6388099868186	1	200
385	untuniutntrng55886	181.6388099868186	1	200
386	untuniutntrng55886	181.6388099868186	1	200
387	untuniutntrng55886	181.6388099868186	1	200
388	untuniutntrng55886	181.6388099868186	1	200
389	untuniutntrng55886	181.6388099868186	1	200
390	untuniutntrng55886	181.6388099868186	1	200
391	untuniutntrng55886	181.6388099868186	1	200
392	untuniutntrng55886	181.6388099868186	1	200
393	untuniutntrng55886	181.6388099868186	1	200
394	untuniutntrng55886	181.6388099868186	1	200
395	untuniutntrng55886	181.6388099868186	1	200
396	untuniutntrng55886	181.6388099868186	1	200
397	untuniutntrng55886	181.6388099868186	1	200
398	untuniutntrng55886	181.6388099868186	1	200
399	untuniutntrng55886	181.6388099868186	1	200
400	untuniutntrng55886	9.982064792973247	40	20
401	untuniutntrng55886	9.982064792973247	33	20
402	untuniutntrng55886	9.982064792973247	28	20
403	untuniutntrng55886	9.982064792973247	40	20
404	untuniutntrng55886	9.982064792973247	33	20
405	untuniutntrng55886	9.982064792973247	24	20
406	untuniutntrng55886	9.982064792973247	25	20
407	untuniutntrng55886	9.982064792973247	35	20
408	untuniutntrng55886	9.982064792973247	41	20
409	untuniutntrng55886	9.982064792973247	41	20
410	untuniutntrng55886	9.982064792973247	35	20
411	untuniutntrng55886	9.982064792973247	29	20
412	untuniutntrng55886	9.982064792973247	32	20
413	untuniutntrng55886	9.982064792973247	37	20
414	untuniutntrng55886	9.982064792973247	33	20
415	untuniutntrng55886	9.982064792973247	37	20
416	untuniutntrng55886	9.982064792973247	40	20
417	untuniutntrng55886	9.982064792973247	45	20
418	untuniutntrng55886	9.982064792973247	31	20
419	untuniutntrng55886	9.982064792973247	34	20
420	untuniutntrng55886	9.982064792973247	36	20
421	untuniutntrng55886	9.982064792973247	43	20
422	untuniutntrng55886	9.982064792973247	35	20
423	untuniutntrng55886	9.982064792973247	31	20
424	untuniutntrng55886	9.982064792973247	36	20
425	untuniutntrng55886	9.982064792973247	27	20
426	untuniutntrng55886	9.982064792973247	35	20
427	untuniutntrng55886	9.982064792973247	29	20
428	untuniutntrng55886	9.982064792973247	37	20
429	untuniutntrng55886	9.982064792973247	42	20
430	untuniutntrng55886	9.982064792973247	40	20
431	untuniutntrng55886	9.982064792973247	37	20
432	untuniutntrng55886	9.982064792973247	29	20
433	untuniutntrng55886	9.982064792973247	30	20
434	untuniutntrng55886	9.982064792973247	37	20
435	untuniutntrng55886	9.982064792973247	36	20
436	untuniutntrng55886	9.982064792973247	27	20
437	untuniutntrng55886	9.982064792973247	40	20
438	untuniutntrng55886	9.982064792973247	35	20
439	untuniutntrng55886	9.982064792973247	32	20
440	untuniutntrng55886	9.982064792973247	36	20
441	untuniutntrng55886	9.982064792973247	36	20
442	untuniutntrng55886	9.982064792973247	26	20
443	untuniutntrng55886	9.982064792973247	26	20
444	untuniutntrng55886	9.982064792973247	36	20
445	untuniutntrng55886	9.982064792973247	41	20
446	untuniutntrng55886	9.982064792973247	28	20
447	untuniutntrng55886	9.982064792973247	32	20
448	untuniutntrng55886	9.982064792973247	42	20
449	untuniutntrng55886	9.982064792973247	32	20
450	untuniutntrng55886	9.982064792973247	45	20
451	untuniutntrng55886	9.982064792973247	34	20
452	untuniutntrng55886	9.982064792973247	30	20
453	untuniutntrng55886	9.982064792973247	35	20
454	untuniutntrng55886	9.982064792973247	31	20
455	untuniutntrng55886	9.982064792973247	31	20
456	untuniutntrng55886	9.982064792973247	34	20
457	untuniutntrng55886	9.982064792973247	26	20
458	untuniutntrng55886	9.982064792973247	35	20
459	untuniutntrng55886	9.982064792973247	35	20
460	untuniutntrng55886	9.982064792973247	35	20
461	untuniutntrng55886	9.982064792973247	31	20
462	untuniutntrng55886	9.982064792973247	36	20
463	untuniutntrng55886	9.982064792973247	40	20
464	untuniutntrng55886	9.982064792973247	37	20
465	untuniutntrng55886	9.982064792973247	36	20
466	untuniutntrng55886	9.982064792973247	28	20
467	untuniutntrng55886	9.982064792973247	33	20
468	untuniutntrng55886	9.982064792973247	35	20
469	untuniutntrng55886	9.982064792973247	41	20
470	untuniutntrng55886	9.982064792973247	36	20
471	untuniutntrng55886	9.982064792973247	31	20
472	untuniutntrng55886	9.982064792973247	24	20
473	untuniutntrng55886	9.982064792973247	40	20
474	untuniutntrng55886	9.982064792973247	29	20
475	untuniutntrng55886	9.982064792973247	34	20
476	untuniutntrng55886	9.982064792973247	42	20
477	untuniutntrng55886	9.982064792973247	29	20
478	untuniutntrng55886	9.982064792973247	54	20
479	untuniutntrng55886	9.982064792973247	41	20
480	untuniutntrng55886	9.982064792973247	41	20
481	untuniutntrng55886	9.982064792973247	39	20
482	untuniutntrng55886	9.982064792973247	36	20
483	untuniutntrng55886	9.982064792973247	41	20
484	untuniutntrng55886	9.982064792973247	35	20
485	untuniutntrng55886	9.982064792973247	30	20
486	untuniutntrng55886	9.982064792973247	39	20
487	untuniutntrng55886	9.982064792973247	34	20
488	untuniutntrng55886	9.982064792973247	29	20
489	untuniutntrng55886	9.982064792973247	33	20
490	untuniutntrng55886	9.982064792973247	39	20
491	untuniutntrng55886	9.982064792973247	25	20
492	untuniutntrng55886	9.982064792973247	43	20
493	untuniutntrng55886	9.982064792973247	41	20
494	untuniutntrng55886	9.982064792973247	34	20
495	untuniutntrng55886	9.982064792973247	34	20
496	untuniutntrng55886	9.982064792973247	39	20
497	untuniutntrng55886	9.982064792973247	48	20
498	untuniutntrng55886	9.982064792973247	32	20
499	untuniutntrng55886	9.982064792973247	31	20
500	untuniutntrng55886	280.98094195562385	1	300
501	untuniutntrng55886	280.98094195562385	1	300
502	untuniutntrng55886	280.98094195562385	1	300
503	untuniutntrng55886	280.98094195562385	1	300
504	untuniutntrng55886	280.98094195562385	1	300
505	untuniutntrng55886	280.98094195562385	1	300
506	untuniutntrng55886	280.98094195562385	1	300
507	untuniutntrng55886	280.98094195562385	1	300
508	untuniutntrng55886	280.98094195562385	1	300
509	untuniutntrng55886	280.98094195562385	1	300
510	untuniutntrng55886	280.98094195562385	1	300
511	untuniutntrng55886	280.98094195562385	1	300
512	untuniutntrng55886	280.98094195562385	1	300
513	untuniutntrng55886	280.98094195562385	1	300
514	untuniutntrng55886	280.98094195562385	1	300
515	untuniutntrng55886	280.98094195562385	1	300
516	untuniutntrng55886	280.98094195562385	1	300
517	untuniutntrng55886	280.98094195562385	1	300
518	untuniutntrng55886	280.98094195562385	1	300
519	untuniutntrng55886	280.98094195562385	1	300
520	untuniutntrng55886	280.98094195562385	1	300
521	untuniutntrng55886	280.98094195562385	1	300
522	untuniutntrng55886	280.98094195562385	1	300
523	untuniutntrng55886	280.98094195562385	1	300
524	untuniutntrng55886	280.98094195562385	1	300
525	untuniutntrng55886	280.98094195562385	1	300
526	untuniutntrng55886	280.98094195562385	1	300
527	untuniutntrng55886	280.98094195562385	1	300
528	untuniutntrng55886	280.98094195562385	1	300
529	untuniutntrng55886	280.98094195562385	1	300
530	untuniutntrng55886	280.98094195562385	1	300
531	untuniutntrng55886	280.98094195562385	1	300
532	untuniutntrng55886	280.98094195562385	1	300
533	untuniutntrng55886	280.98094195562385	1	300
534	untuniutntrng55886	280.98094195562385	1	300
535	untuniutntrng55886	280.98094195562385	1	300
536	untuniutntrng55886	280.98094195562385	1	300
537	untuniutntrng55886	280.98094195562385	1	300
538	untuniutntrng55886	280.98094195562385	1	300
539	untuniutntrng55886	280.98094195562385	1	300
540	untuniutntrng55886	280.98094195562385	1	300
541	untuniutntrng55886	280.98094195562385	1	300
542	untuniutntrng55886	280.98094195562385	1	300
543	untuniutntrng55886	280.98094195562385	1	300
544	untuniutntrng55886	280.98094195562385	1	300
545	untuniutntrng55886	280.98094195562385	1	300
546	untuniutntrng55886	280.98094195562385	1	300
547	untuniutntrng55886	280.98094195562385	1	300
548	untuniutntrng55886	280.98094195562385	1	300
549	untuniutntrng55886	280.98094195562385	1	300
550	untuniutntrng55886	280.98094195562385	1	300
551	untuniutntrng55886	280.98094195562385	1	300
552	untuniutntrng55886	280.98094195562385	1	300
553	untuniutntrng55886	280.98094195562385	1	300
554	untuniutntrng55886	280.98094195562385	1	300
555	untuniutntrng55886	280.98094195562385	1	300
556	untuniutntrng55886	280.98094195562385	1	300
557	untuniutntrng55886	280.98094195562385	1	300
558	untuniutntrng55886	280.98094195562385	1	300
559	untuniutntrng55886	280.98094195562385	1	300
560	untuniutntrng55886	280.98094195562385	1	300
561	untuniutntrng55886	280.98094195562385	1	300
562	untuniutntrng55886	280.98094195562385	1	300
563	untuniutntrng55886	280.98094195562385	1	300
564	untuniutntrng55886	280.98094195562385	1	300
565	untuniutntrng55886	280.98094195562385	1	300
566	untuniutntrng55886	280.98094195562385	1	300
567	untuniutntrng55886	280.98094195562385	1	300
568	untuniutntrng55886	280.98094195562385	1	300
569	untuniutntrng55886	280.98094195562385	1	300
570	untuniutntrng55886	280.98094195562385	1	300
571	untuniutntrng55886	280.98094195562385	1	300
572	untuniutntrng55886	280.98094195562385	1	300
573	untuniutntrng55886	280.98094195562385	1	300
574	untuniutntrng55886	280.98094195562385	1	300
575	untuniutntrng55886	280.98094195562385	1	300
576	untuniutntrng55886	280.98094195562385	1	300
577	untuniutntrng55886	280.98094195562385	1	300
578	untuniutntrng55886	280.98094195562385	1	300
579	untuniutntrng55886	280.98094195562385	1	300
580	untuniutntrng55886	280.98094195562385	1	300
581	untuniutntrng55886	280.98094195562385	1	300
582	untuniutntrng55886	280.98094195562385	1	300
583	untuniutntrng55886	280.98094195562385	1	300
584	untuniutntrng55886	280.98094195562385	1	300
585	untuniutntrng55886	280.98094195562385	1	300
586	untuniutntrng55886	280.98094195562385	1	300
587	untuniutntrng55886	280.98094195562385	1	300
588	untuniutntrng55886	280.98094195562385	1	300
589	untuniutntrng55886	280.98094195562385	1	300
590	untuniutntrng55886	280.98094195562385	1	300
591	untuniutntrng55886	280.98094195562385	1	300
592	untuniutntrng55886	280.98094195562385	1	300
593	untuniutntrng55886	280.98094195562385	1	300
594	untuniutntrng55886	280.98094195562385	1	300
595	untuniutntrng55886	280.98094195562385	1	300
596	untuniutntrng55886	280.98094195562385	1	300
597	untuniutntrng55886	280.98094195562385	1	300
598	untuniutntrng55886	280.98094195562385	1	300
599	untuniutntrng55886	280.98094195562385	1	300
600	untuniutntrng55886	17.973095780566933	2	30
601	untuniutntrng55886	17.973095780566933	1	30
602	untuniutntrng55886	17.973095780566933	1	30
603	untuniutntrng55886	17.973095780566933	2	30
604	untuniutntrng55886	17.973095780566933	1	30
605	untuniutntrng55886	17.973095780566933	1	30
606	untuniutntrng55886	17.973095780566933	4	30
607	untuniutntrng55886	17.973095780566933	2	30
608	untuniutntrng55886	17.973095780566933	3	30
609	untuniutntrng55886	17.973095780566933	1	30
610	untuniutntrng55886	17.973095780566933	1	30
611	untuniutntrng55886	17.973095780566933	1	30
612	untuniutntrng55886	17.973095780566933	1	30
613	untuniutntrng55886	17.973095780566933	1	30
614	untuniutntrng55886	17.973095780566933	1	30
615	untuniutntrng55886	17.973095780566933	1	30
616	untuniutntrng55886	17.973095780566933	1	30
617	untuniutntrng55886	17.973095780566933	1	30
618	untuniutntrng55886	17.973095780566933	1	30
619	untuniutntrng55886	17.973095780566933	3	30
620	untuniutntrng55886	17.973095780566933	1	30
621	untuniutntrng55886	17.973095780566933	1	30
622	untuniutntrng55886	17.973095780566933	1	30
623	untuniutntrng55886	17.973095780566933	1	30
624	untuniutntrng55886	17.973095780566933	1	30
625	untuniutntrng55886	17.973095780566933	2	30
626	untuniutntrng55886	17.973095780566933	1	30
627	untuniutntrng55886	17.973095780566933	2	30
628	untuniutntrng55886	17.973095780566933	1	30
629	untuniutntrng55886	17.973095780566933	1	30
630	untuniutntrng55886	17.973095780566933	2	30
631	untuniutntrng55886	17.973095780566933	2	30
632	untuniutntrng55886	17.973095780566933	1	30
633	untuniutntrng55886	17.973095780566933	1	30
634	untuniutntrng55886	17.973095780566933	1	30
635	untuniutntrng55886	17.973095780566933	1	30
636	untuniutntrng55886	17.973095780566933	2	30
637	untuniutntrng55886	17.973095780566933	2	30
638	untuniutntrng55886	17.973095780566933	1	30
639	untuniutntrng55886	17.973095780566933	1	30
640	untuniutntrng55886	17.973095780566933	1	30
641	untuniutntrng55886	17.973095780566933	1	30
642	untuniutntrng55886	17.973095780566933	1	30
643	untuniutntrng55886	17.973095780566933	1	30
644	untuniutntrng55886	17.973095780566933	1	30
645	untuniutntrng55886	17.973095780566933	1	30
646	untuniutntrng55886	17.973095780566933	1	30
647	untuniutntrng55886	17.973095780566933	1	30
648	untuniutntrng55886	17.973095780566933	1	30
649	untuniutntrng55886	17.973095780566933	1	30
650	untuniutntrng55886	17.973095780566933	1	30
651	untuniutntrng55886	17.973095780566933	1	30
652	untuniutntrng55886	17.973095780566933	1	30
653	untuniutntrng55886	17.973095780566933	1	30
654	untuniutntrng55886	17.973095780566933	1	30
655	untuniutntrng55886	17.973095780566933	1	30
656	untuniutntrng55886	17.973095780566933	1	30
657	untuniutntrng55886	17.973095780566933	1	30
658	untuniutntrng55886	17.973095780566933	1	30
659	untuniutntrng55886	17.973095780566933	2	30
660	untuniutntrng55886	17.973095780566933	1	30
661	untuniutntrng55886	17.973095780566933	1	30
662	untuniutntrng55886	17.973095780566933	1	30
663	untuniutntrng55886	17.973095780566933	1	30
664	untuniutntrng55886	17.973095780566933	1	30
665	untuniutntrng55886	17.973095780566933	1	30
666	untuniutntrng55886	17.973095780566933	2	30
667	untuniutntrng55886	17.973095780566933	2	30
668	untuniutntrng55886	17.973095780566933	2	30
669	untuniutntrng55886	17.973095780566933	1	30
670	untuniutntrng55886	17.973095780566933	1	30
671	untuniutntrng55886	17.973095780566933	2	30
672	untuniutntrng55886	17.973095780566933	1	30
673	untuniutntrng55886	17.973095780566933	2	30
674	untuniutntrng55886	17.973095780566933	1	30
675	untuniutntrng55886	17.973095780566933	1	30
676	untuniutntrng55886	17.973095780566933	1	30
677	untuniutntrng55886	17.973095780566933	1	30
678	untuniutntrng55886	17.973095780566933	1	30
679	untuniutntrng55886	17.973095780566933	1	30
680	untuniutntrng55886	17.973095780566933	1	30
681	untuniutntrng55886	17.973095780566933	1	30
682	untuniutntrng55886	17.973095780566933	2	30
683	untuniutntrng55886	17.973095780566933	1	30
684	untuniutntrng55886	17.973095780566933	1	30
685	untuniutntrng55886	17.973095780566933	1	30
686	untuniutntrng55886	17.973095780566933	1	30
687	untuniutntrng55886	17.973095780566933	1	30
688	untuniutntrng55886	17.973095780566933	1	30
689	untuniutntrng55886	17.973095780566933	1	30
690	untuniutntrng55886	17.973095780566933	1	30
691	untuniutntrng55886	17.973095780566933	1	30
692	untuniutntrng55886	17.973095780566933	1	30
693	untuniutntrng55886	17.973095780566933	1	30
694	untuniutntrng55886	17.973095780566933	1	30
695	untuniutntrng55886	17.973095780566933	1	30
696	untuniutntrng55886	17.973095780566933	1	30
697	untuniutntrng55886	17.973095780566933	1	30
698	untuniutntrng55886	17.973095780566933	1	30
699	untuniutntrng55886	17.973095780566933	2	30
700	untuniutntrng55886	380.59363674944825	1	400
701	untuniutntrng55886	380.59363674944825	1	400
702	untuniutntrng55886	380.59363674944825	1	400
703	untuniutntrng55886	380.59363674944825	1	400
704	untuniutntrng55886	380.59363674944825	1	400
705	untuniutntrng55886	380.59363674944825	1	400
706	untuniutntrng55886	380.59363674944825	1	400
707	untuniutntrng55886	380.59363674944825	1	400
708	untuniutntrng55886	380.59363674944825	1	400
709	untuniutntrng55886	380.59363674944825	1	400
710	untuniutntrng55886	380.59363674944825	1	400
711	untuniutntrng55886	380.59363674944825	1	400
712	untuniutntrng55886	380.59363674944825	1	400
713	untuniutntrng55886	380.59363674944825	1	400
714	untuniutntrng55886	380.59363674944825	1	400
715	untuniutntrng55886	380.59363674944825	1	400
716	untuniutntrng55886	380.59363674944825	1	400
717	untuniutntrng55886	380.59363674944825	1	400
718	untuniutntrng55886	380.59363674944825	1	400
719	untuniutntrng55886	380.59363674944825	1	400
720	untuniutntrng55886	380.59363674944825	1	400
721	untuniutntrng55886	380.59363674944825	1	400
722	untuniutntrng55886	380.59363674944825	1	400
723	untuniutntrng55886	380.59363674944825	1	400
724	untuniutntrng55886	380.59363674944825	1	400
725	untuniutntrng55886	380.59363674944825	1	400
726	untuniutntrng55886	380.59363674944825	1	400
727	untuniutntrng55886	380.59363674944825	1	400
728	untuniutntrng55886	380.59363674944825	1	400
729	untuniutntrng55886	380.59363674944825	1	400
730	untuniutntrng55886	380.59363674944825	1	400
731	untuniutntrng55886	380.59363674944825	1	400
732	untuniutntrng55886	380.59363674944825	1	400
733	untuniutntrng55886	380.59363674944825	1	400
734	untuniutntrng55886	380.59363674944825	1	400
735	untuniutntrng55886	380.59363674944825	1	400
736	untuniutntrng55886	380.59363674944825	1	400
737	untuniutntrng55886	380.59363674944825	1	400
738	untuniutntrng55886	380.59363674944825	1	400
739	untuniutntrng55886	380.59363674944825	1	400
740	untuniutntrng55886	380.59363674944825	1	400
741	untuniutntrng55886	380.59363674944825	1	400
742	untuniutntrng55886	380.59363674944825	1	400
743	untuniutntrng55886	380.59363674944825	1	400
744	untuniutntrng55886	380.59363674944825	1	400
745	untuniutntrng55886	380.59363674944825	1	400
746	untuniutntrng55886	380.59363674944825	1	400
747	untuniutntrng55886	380.59363674944825	1	400
748	untuniutntrng55886	380.59363674944825	1	400
749	untuniutntrng55886	380.59363674944825	1	400
750	untuniutntrng55886	380.59363674944825	1	400
751	untuniutntrng55886	380.59363674944825	1	400
752	untuniutntrng55886	380.59363674944825	1	400
753	untuniutntrng55886	380.59363674944825	1	400
754	untuniutntrng55886	380.59363674944825	1	400
755	untuniutntrng55886	380.59363674944825	1	400
756	untuniutntrng55886	380.59363674944825	1	400
757	untuniutntrng55886	380.59363674944825	1	400
758	untuniutntrng55886	380.59363674944825	1	400
759	untuniutntrng55886	380.59363674944825	1	400
760	untuniutntrng55886	380.59363674944825	1	400
761	untuniutntrng55886	380.59363674944825	1	400
762	untuniutntrng55886	380.59363674944825	1	400
763	untuniutntrng55886	380.59363674944825	1	400
764	untuniutntrng55886	380.59363674944825	1	400
765	untuniutntrng55886	380.59363674944825	1	400
766	untuniutntrng55886	380.59363674944825	1	400
767	untuniutntrng55886	380.59363674944825	1	400
768	untuniutntrng55886	380.59363674944825	1	400
769	untuniutntrng55886	380.59363674944825	1	400
770	untuniutntrng55886	380.59363674944825	1	400
771	untuniutntrng55886	380.59363674944825	1	400
772	untuniutntrng55886	380.59363674944825	1	400
773	untuniutntrng55886	380.59363674944825	1	400
774	untuniutntrng55886	380.59363674944825	1	400
775	untuniutntrng55886	380.59363674944825	1	400
776	untuniutntrng55886	380.59363674944825	1	400
777	untuniutntrng55886	380.59363674944825	1	400
778	untuniutntrng55886	380.59363674944825	1	400
779	untuniutntrng55886	380.59363674944825	1	400
780	untuniutntrng55886	380.59363674944825	1	400
781	untuniutntrng55886	380.59363674944825	1	400
782	untuniutntrng55886	380.59363674944825	1	400
783	untuniutntrng55886	380.59363674944825	1	400
784	untuniutntrng55886	380.59363674944825	1	400
785	untuniutntrng55886	380.59363674944825	1	400
786	untuniutntrng55886	380.59363674944825	1	400
787	untuniutntrng55886	380.59363674944825	1	400
788	untuniutntrng55886	380.59363674944825	1	400
789	untuniutntrng55886	380.59363674944825	1	400
790	untuniutntrng55886	380.59363674944825	1	400
791	untuniutntrng55886	380.59363674944825	1	400
792	untuniutntrng55886	380.59363674944825	1	400
793	untuniutntrng55886	380.59363674944825	1	400
794	untuniutntrng55886	380.59363674944825	1	400
795	untuniutntrng55886	380.59363674944825	1	400
796	untuniutntrng55886	380.59363674944825	1	400
797	untuniutntrng55886	380.59363674944825	1	400
798	untuniutntrng55886	380.59363674944825	1	400
799	untuniutntrng55886	380.59363674944825	1	400
800	untuniutntrng55886	26.63079356900758	1	40
801	untuniutntrng55886	26.63079356900758	1	40
802	untuniutntrng55886	26.63079356900758	1	40
803	untuniutntrng55886	26.63079356900758	1	40
804	untuniutntrng55886	26.63079356900758	1	40
805	untuniutntrng55886	26.63079356900758	1	40
806	untuniutntrng55886	26.63079356900758	1	40
807	untuniutntrng55886	26.63079356900758	1	40
808	untuniutntrng55886	26.63079356900758	1	40
809	untuniutntrng55886	26.63079356900758	1	40
810	untuniutntrng55886	26.63079356900758	1	40
811	untuniutntrng55886	26.63079356900758	1	40
812	untuniutntrng55886	26.63079356900758	1	40
813	untuniutntrng55886	26.63079356900758	1	40
814	untuniutntrng55886	26.63079356900758	1	40
815	untuniutntrng55886	26.63079356900758	1	40
816	untuniutntrng55886	26.63079356900758	1	40
817	untuniutntrng55886	26.63079356900758	1	40
818	untuniutntrng55886	26.63079356900758	1	40
819	untuniutntrng55886	26.63079356900758	1	40
820	untuniutntrng55886	26.63079356900758	1	40
821	untuniutntrng55886	26.63079356900758	1	40
822	untuniutntrng55886	26.63079356900758	1	40
823	untuniutntrng55886	26.63079356900758	1	40
824	untuniutntrng55886	26.63079356900758	1	40
825	untuniutntrng55886	26.63079356900758	1	40
826	untuniutntrng55886	26.63079356900758	1	40
827	untuniutntrng55886	26.63079356900758	1	40
828	untuniutntrng55886	26.63079356900758	1	40
829	untuniutntrng55886	26.63079356900758	1	40
830	untuniutntrng55886	26.63079356900758	1	40
831	untuniutntrng55886	26.63079356900758	1	40
832	untuniutntrng55886	26.63079356900758	1	40
833	untuniutntrng55886	26.63079356900758	1	40
834	untuniutntrng55886	26.63079356900758	1	40
835	untuniutntrng55886	26.63079356900758	1	40
836	untuniutntrng55886	26.63079356900758	1	40
837	untuniutntrng55886	26.63079356900758	1	40
838	untuniutntrng55886	26.63079356900758	1	40
839	untuniutntrng55886	26.63079356900758	1	40
840	untuniutntrng55886	26.63079356900758	1	40
841	untuniutntrng55886	26.63079356900758	1	40
842	untuniutntrng55886	26.63079356900758	1	40
843	untuniutntrng55886	26.63079356900758	1	40
844	untuniutntrng55886	26.63079356900758	1	40
845	untuniutntrng55886	26.63079356900758	1	40
846	untuniutntrng55886	26.63079356900758	1	40
847	untuniutntrng55886	26.63079356900758	1	40
848	untuniutntrng55886	26.63079356900758	1	40
849	untuniutntrng55886	26.63079356900758	1	40
850	untuniutntrng55886	26.63079356900758	1	40
851	untuniutntrng55886	26.63079356900758	1	40
852	untuniutntrng55886	26.63079356900758	1	40
853	untuniutntrng55886	26.63079356900758	1	40
854	untuniutntrng55886	26.63079356900758	1	40
855	untuniutntrng55886	26.63079356900758	1	40
856	untuniutntrng55886	26.63079356900758	1	40
857	untuniutntrng55886	26.63079356900758	1	40
858	untuniutntrng55886	26.63079356900758	1	40
859	untuniutntrng55886	26.63079356900758	1	40
860	untuniutntrng55886	26.63079356900758	1	40
861	untuniutntrng55886	26.63079356900758	1	40
862	untuniutntrng55886	26.63079356900758	1	40
863	untuniutntrng55886	26.63079356900758	1	40
864	untuniutntrng55886	26.63079356900758	1	40
865	untuniutntrng55886	26.63079356900758	1	40
866	untuniutntrng55886	26.63079356900758	1	40
867	untuniutntrng55886	26.63079356900758	1	40
868	untuniutntrng55886	26.63079356900758	1	40
869	untuniutntrng55886	26.63079356900758	1	40
870	untuniutntrng55886	26.63079356900758	1	40
871	untuniutntrng55886	26.63079356900758	1	40
872	untuniutntrng55886	26.63079356900758	1	40
873	untuniutntrng55886	26.63079356900758	1	40
874	untuniutntrng55886	26.63079356900758	1	40
875	untuniutntrng55886	26.63079356900758	1	40
876	untuniutntrng55886	26.63079356900758	1	40
877	untuniutntrng55886	26.63079356900758	1	40
878	untuniutntrng55886	26.63079356900758	1	40
879	untuniutntrng55886	26.63079356900758	1	40
880	untuniutntrng55886	26.63079356900758	1	40
881	untuniutntrng55886	26.63079356900758	1	40
882	untuniutntrng55886	26.63079356900758	1	40
883	untuniutntrng55886	26.63079356900758	1	40
884	untuniutntrng55886	26.63079356900758	1	40
885	untuniutntrng55886	26.63079356900758	1	40
886	untuniutntrng55886	26.63079356900758	1	40
887	untuniutntrng55886	26.63079356900758	1	40
888	untuniutntrng55886	26.63079356900758	1	40
889	untuniutntrng55886	26.63079356900758	1	40
890	untuniutntrng55886	26.63079356900758	1	40
891	untuniutntrng55886	26.63079356900758	1	40
892	untuniutntrng55886	26.63079356900758	1	40
893	untuniutntrng55886	26.63079356900758	1	40
894	untuniutntrng55886	26.63079356900758	1	40
895	untuniutntrng55886	26.63079356900758	1	40
896	untuniutntrng55886	26.63079356900758	1	40
897	untuniutntrng55886	26.63079356900758	1	40
898	untuniutntrng55886	26.63079356900758	1	40
899	untuniutntrng55886	26.63079356900758	1	40
900	untuniutntrng55886	480.3208004307805	1	500
901	untuniutntrng55886	480.3208004307805	1	500
902	untuniutntrng55886	480.3208004307805	1	500
903	untuniutntrng55886	480.3208004307805	1	500
904	untuniutntrng55886	480.3208004307805	1	500
905	untuniutntrng55886	480.3208004307805	1	500
906	untuniutntrng55886	480.3208004307805	1	500
907	untuniutntrng55886	480.3208004307805	1	500
908	untuniutntrng55886	480.3208004307805	1	500
909	untuniutntrng55886	480.3208004307805	1	500
910	untuniutntrng55886	480.3208004307805	1	500
911	untuniutntrng55886	480.3208004307805	1	500
912	untuniutntrng55886	480.3208004307805	1	500
913	untuniutntrng55886	480.3208004307805	1	500
914	untuniutntrng55886	480.3208004307805	1	500
915	untuniutntrng55886	480.3208004307805	1	500
916	untuniutntrng55886	480.3208004307805	1	500
917	untuniutntrng55886	480.3208004307805	1	500
918	untuniutntrng55886	480.3208004307805	1	500
919	untuniutntrng55886	480.3208004307805	1	500
920	untuniutntrng55886	480.3208004307805	1	500
921	untuniutntrng55886	480.3208004307805	1	500
922	untuniutntrng55886	480.3208004307805	1	500
923	untuniutntrng55886	480.3208004307805	1	500
924	untuniutntrng55886	480.3208004307805	1	500
925	untuniutntrng55886	480.3208004307805	1	500
926	untuniutntrng55886	480.3208004307805	1	500
927	untuniutntrng55886	480.3208004307805	1	500
928	untuniutntrng55886	480.3208004307805	1	500
929	untuniutntrng55886	480.3208004307805	1	500
930	untuniutntrng55886	480.3208004307805	1	500
931	untuniutntrng55886	480.3208004307805	1	500
932	untuniutntrng55886	480.3208004307805	1	500
933	untuniutntrng55886	480.3208004307805	1	500
934	untuniutntrng55886	480.3208004307805	1	500
935	untuniutntrng55886	480.3208004307805	1	500
936	untuniutntrng55886	480.3208004307805	1	500
937	untuniutntrng55886	480.3208004307805	1	500
938	untuniutntrng55886	480.3208004307805	1	500
939	untuniutntrng55886	480.3208004307805	1	500
940	untuniutntrng55886	480.3208004307805	1	500
941	untuniutntrng55886	480.3208004307805	1	500
942	untuniutntrng55886	480.3208004307805	1	500
943	untuniutntrng55886	480.3208004307805	1	500
944	untuniutntrng55886	480.3208004307805	1	500
945	untuniutntrng55886	480.3208004307805	1	500
946	untuniutntrng55886	480.3208004307805	1	500
947	untuniutntrng55886	480.3208004307805	1	500
948	untuniutntrng55886	480.3208004307805	1	500
949	untuniutntrng55886	480.3208004307805	1	500
950	untuniutntrng55886	480.3208004307805	1	500
951	untuniutntrng55886	480.3208004307805	1	500
952	untuniutntrng55886	480.3208004307805	1	500
953	untuniutntrng55886	480.3208004307805	1	500
954	untuniutntrng55886	480.3208004307805	1	500
955	untuniutntrng55886	480.3208004307805	1	500
956	untuniutntrng55886	480.3208004307805	1	500
957	untuniutntrng55886	480.3208004307805	1	500
958	untuniutntrng55886	480.3208004307805	1	500
959	untuniutntrng55886	480.3208004307805	1	500
960	untuniutntrng55886	480.3208004307805	1	500
961	untuniutntrng55886	480.3208004307805	1	500
962	untuniutntrng55886	480.3208004307805	1	500
963	untuniutntrng55886	480.3208004307805	1	500
964	untuniutntrng55886	480.3208004307805	1	500
965	untuniutntrng55886	480.3208004307805	1	500
966	untuniutntrng55886	480.3208004307805	1	500
967	untuniutntrng55886	480.3208004307805	1	500
968	untuniutntrng55886	480.3208004307805	1	500
969	untuniutntrng55886	480.3208004307805	1	500
970	untuniutntrng55886	480.3208004307805	1	500
971	untuniutntrng55886	480.3208004307805	1	500
972	untuniutntrng55886	480.3208004307805	1	500
973	untuniutntrng55886	480.3208004307805	1	500
974	untuniutntrng55886	480.3208004307805	1	500
975	untuniutntrng55886	480.3208004307805	1	500
976	untuniutntrng55886	480.3208004307805	1	500
977	untuniutntrng55886	480.3208004307805	1	500
978	untuniutntrng55886	480.3208004307805	1	500
979	untuniutntrng55886	480.3208004307805	1	500
980	untuniutntrng55886	480.3208004307805	1	500
981	untuniutntrng55886	480.3208004307805	1	500
982	untuniutntrng55886	480.3208004307805	1	500
983	untuniutntrng55886	480.3208004307805	1	500
984	untuniutntrng55886	480.3208004307805	1	500
985	untuniutntrng55886	480.3208004307805	1	500
986	untuniutntrng55886	480.3208004307805	1	500
987	untuniutntrng55886	480.3208004307805	1	500
988	untuniutntrng55886	480.3208004307805	1	500
989	untuniutntrng55886	480.3208004307805	1	500
990	untuniutntrng55886	480.3208004307805	1	500
991	untuniutntrng55886	480.3208004307805	1	500
992	untuniutntrng55886	480.3208004307805	1	500
993	untuniutntrng55886	480.3208004307805	1	500
994	untuniutntrng55886	480.3208004307805	1	500
995	untuniutntrng55886	480.3208004307805	1	500
996	untuniutntrng55886	480.3208004307805	1	500
997	untuniutntrng55886	480.3208004307805	1	500
998	untuniutntrng55886	480.3208004307805	1	500
999	untuniutntrng55886	480.3208004307805	1	500
1000	untuniutntrng55886	35.66944381507503	1	50
1001	untuniutntrng55886	35.66944381507503	1	50
1002	untuniutntrng55886	35.66944381507503	1	50
1003	untuniutntrng55886	35.66944381507503	1	50
1004	untuniutntrng55886	35.66944381507503	1	50
1005	untuniutntrng55886	35.66944381507503	1	50
1006	untuniutntrng55886	35.66944381507503	1	50
1007	untuniutntrng55886	35.66944381507503	1	50
1008	untuniutntrng55886	35.66944381507503	1	50
1009	untuniutntrng55886	35.66944381507503	1	50
1010	untuniutntrng55886	35.66944381507503	1	50
1011	untuniutntrng55886	35.66944381507503	1	50
1012	untuniutntrng55886	35.66944381507503	1	50
1013	untuniutntrng55886	35.66944381507503	1	50
1014	untuniutntrng55886	35.66944381507503	1	50
1015	untuniutntrng55886	35.66944381507503	1	50
1016	untuniutntrng55886	35.66944381507503	1	50
1017	untuniutntrng55886	35.66944381507503	1	50
1018	untuniutntrng55886	35.66944381507503	1	50
1019	untuniutntrng55886	35.66944381507503	1	50
1020	untuniutntrng55886	35.66944381507503	1	50
1021	untuniutntrng55886	35.66944381507503	1	50
1022	untuniutntrng55886	35.66944381507503	1	50
1023	untuniutntrng55886	35.66944381507503	1	50
1024	untuniutntrng55886	35.66944381507503	1	50
1025	untuniutntrng55886	35.66944381507503	1	50
1026	untuniutntrng55886	35.66944381507503	1	50
1027	untuniutntrng55886	35.66944381507503	1	50
1028	untuniutntrng55886	35.66944381507503	1	50
1029	untuniutntrng55886	35.66944381507503	1	50
1030	untuniutntrng55886	35.66944381507503	1	50
1031	untuniutntrng55886	35.66944381507503	1	50
1032	untuniutntrng55886	35.66944381507503	1	50
1033	untuniutntrng55886	35.66944381507503	1	50
1034	untuniutntrng55886	35.66944381507503	1	50
1035	untuniutntrng55886	35.66944381507503	1	50
1036	untuniutntrng55886	35.66944381507503	1	50
1037	untuniutntrng55886	35.66944381507503	1	50
1038	untuniutntrng55886	35.66944381507503	1	50
1039	untuniutntrng55886	35.66944381507503	1	50
1040	untuniutntrng55886	35.66944381507503	1	50
1041	untuniutntrng55886	35.66944381507503	1	50
1042	untuniutntrng55886	35.66944381507503	1	50
1043	untuniutntrng55886	35.66944381507503	1	50
1044	untuniutntrng55886	35.66944381507503	1	50
1045	untuniutntrng55886	35.66944381507503	1	50
1046	untuniutntrng55886	35.66944381507503	1	50
1047	untuniutntrng55886	35.66944381507503	1	50
1048	untuniutntrng55886	35.66944381507503	1	50
1049	untuniutntrng55886	35.66944381507503	1	50
1050	untuniutntrng55886	35.66944381507503	1	50
1051	untuniutntrng55886	35.66944381507503	1	50
1052	untuniutntrng55886	35.66944381507503	1	50
1053	untuniutntrng55886	35.66944381507503	1	50
1054	untuniutntrng55886	35.66944381507503	1	50
1055	untuniutntrng55886	35.66944381507503	1	50
1056	untuniutntrng55886	35.66944381507503	1	50
1057	untuniutntrng55886	35.66944381507503	1	50
1058	untuniutntrng55886	35.66944381507503	1	50
1059	untuniutntrng55886	35.66944381507503	1	50
1060	untuniutntrng55886	35.66944381507503	1	50
1061	untuniutntrng55886	35.66944381507503	1	50
1062	untuniutntrng55886	35.66944381507503	1	50
1063	untuniutntrng55886	35.66944381507503	1	50
1064	untuniutntrng55886	35.66944381507503	1	50
1065	untuniutntrng55886	35.66944381507503	1	50
1066	untuniutntrng55886	35.66944381507503	1	50
1067	untuniutntrng55886	35.66944381507503	1	50
1068	untuniutntrng55886	35.66944381507503	1	50
1069	untuniutntrng55886	35.66944381507503	1	50
1070	untuniutntrng55886	35.66944381507503	1	50
1071	untuniutntrng55886	35.66944381507503	1	50
1072	untuniutntrng55886	35.66944381507503	1	50
1073	untuniutntrng55886	35.66944381507503	1	50
1074	untuniutntrng55886	35.66944381507503	1	50
1075	untuniutntrng55886	35.66944381507503	1	50
1076	untuniutntrng55886	35.66944381507503	1	50
1077	untuniutntrng55886	35.66944381507503	1	50
1078	untuniutntrng55886	35.66944381507503	1	50
1079	untuniutntrng55886	35.66944381507503	1	50
1080	untuniutntrng55886	35.66944381507503	1	50
1081	untuniutntrng55886	35.66944381507503	1	50
1082	untuniutntrng55886	35.66944381507503	1	50
1083	untuniutntrng55886	35.66944381507503	1	50
1084	untuniutntrng55886	35.66944381507503	1	50
1085	untuniutntrng55886	35.66944381507503	1	50
1086	untuniutntrng55886	35.66944381507503	1	50
1087	untuniutntrng55886	35.66944381507503	1	50
1088	untuniutntrng55886	35.66944381507503	1	50
1089	untuniutntrng55886	35.66944381507503	1	50
1090	untuniutntrng55886	35.66944381507503	1	50
1091	untuniutntrng55886	35.66944381507503	1	50
1092	untuniutntrng55886	35.66944381507503	1	50
1093	untuniutntrng55886	35.66944381507503	1	50
1094	untuniutntrng55886	35.66944381507503	1	50
1095	untuniutntrng55886	35.66944381507503	1	50
1096	untuniutntrng55886	35.66944381507503	1	50
1097	untuniutntrng55886	35.66944381507503	1	50
1098	untuniutntrng55886	35.66944381507503	1	50
1099	untuniutntrng55886	35.66944381507503	1	50
