	welsh_words	welsh	welsh_rang	frequency
0	untuniutntrng55886	0.9998999234614002	26099	1000
1	untuniutntrng55886	0.9998999234614004	26055	1000
2	untuniutntrng55886	0.9998999234614004	26120	1000
3	untuniutntrng55886	0.9998999234614004	26222	1000
4	untuniutntrng55886	0.9998999234614004	26136	1000
5	untuniutntrng55886	0.9998999234614004	26178	1000
6	untuniutntrng55886	0.9998999234614004	25964	1000
7	untuniutntrng55886	0.9998999234614004	26162	1000
8	untuniutntrng55886	0.9998999234614004	25938	1000
9	untuniutntrng55886	0.9998999234614004	26094	1000
10	untuniutntrng55886	0.9998999234614004	26038	1000
11	untuniutntrng55886	0.9998999234614004	26006	1000
12	untuniutntrng55886	0.9998999234614004	26411	1000
13	untuniutntrng55886	0.9998999234614004	26411	1000
14	untuniutntrng55886	0.9998999234614004	26251	1000
15	untuniutntrng55886	0.9998999234614004	26106	1000
16	untuniutntrng55886	0.9998999234614004	26339	1000
17	untuniutntrng55886	0.9998999234614004	26033	1000
18	untuniutntrng55886	0.9998999234614004	26166	1000
19	untuniutntrng55886	0.9998999234614004	25962	1000
20	untuniutntrng55886	0.9998999234614004	26142	1000
21	untuniutntrng55886	0.9998999234614004	26062	1000
22	untuniutntrng55886	0.9998999234614002	25934	1000
23	untuniutntrng55886	0.9998999234614004	26155	1000
24	untuniutntrng55886	0.9998999234614004	26252	1000
25	untuniutntrng55886	0.9998999234614004	26055	1000
26	untuniutntrng55886	0.9998999234614004	26211	1000
27	untuniutntrng55886	0.9998999234614004	26292	1000
28	untuniutntrng55886	0.9998999234614004	26259	1000
29	untuniutntrng55886	0.9998999234614004	26176	1000
30	untuniutntrng55886	0.9998999234614004	26127	1000
31	untuniutntrng55886	0.9998999234614004	26247	1000
32	untuniutntrng55886	0.9998999234614004	26074	1000
33	untuniutntrng55886	0.9998999234614004	26007	1000
34	untuniutntrng55886	0.9998999234614004	26126	1000
35	untuniutntrng55886	0.9998999234614004	26142	1000
36	untuniutntrng55886	0.9998999234614002	26198	1000
37	untuniutntrng55886	0.9998999234614004	26127	1000
38	untuniutntrng55886	0.9998999234614004	26024	1000
39	untuniutntrng55886	0.9998999234614004	26173	1000
40	untuniutntrng55886	0.9998999234614004	26052	1000
41	untuniutntrng55886	0.9998999234614002	26235	1000
42	untuniutntrng55886	0.9998999234614004	26115	1000
43	untuniutntrng55886	0.9998999234614004	26241	1000
44	untuniutntrng55886	0.9998999234614004	26022	1000
45	untuniutntrng55886	0.9998999234614004	25837	1000
46	untuniutntrng55886	0.9998999234614004	26132	1000
47	untuniutntrng55886	0.9998999234614004	26146	1000
48	untuniutntrng55886	0.9998999234614002	26165	1000
49	untuniutntrng55886	0.9998999234614004	26167	1000
50	untuniutntrng55886	0.9998999234614004	26228	1000
51	untuniutntrng55886	0.9998999234614004	26293	1000
52	untuniutntrng55886	0.9998999234614004	26214	1000
53	untuniutntrng55886	0.9998999234614004	25995	1000
54	untuniutntrng55886	0.9998999234614004	26058	1000
55	untuniutntrng55886	0.9998999234614004	26437	1000
56	untuniutntrng55886	0.9998999234614004	26096	1000
57	untuniutntrng55886	0.9998999234614004	26465	1000
58	untuniutntrng55886	0.9998999234614004	26046	1000
59	untuniutntrng55886	0.9998999234614004	26074	1000
60	untuniutntrng55886	0.9998999234614004	26260	1000
61	untuniutntrng55886	0.9998999234614004	26201	1000
62	untuniutntrng55886	0.9998999234614004	26129	1000
63	untuniutntrng55886	0.9998999234614004	26103	1000
64	untuniutntrng55886	0.9998999234614004	26202	1000
65	untuniutntrng55886	0.9998999234614004	26139	1000
66	untuniutntrng55886	0.9998999234614004	26134	1000
67	untuniutntrng55886	0.9998999234614002	26220	1000
68	untuniutntrng55886	0.9998999234614004	26025	1000
69	untuniutntrng55886	0.9998999234614004	26079	1000
70	untuniutntrng55886	0.9998999234614004	26247	1000
71	untuniutntrng55886	0.9998999234614004	26239	1000
72	untuniutntrng55886	0.9998999234614004	25934	1000
73	untuniutntrng55886	0.9998999234614004	26233	1000
74	untuniutntrng55886	0.9998999234614004	26185	1000
75	untuniutntrng55886	0.9998999234614004	26014	1000
76	untuniutntrng55886	0.9998999234614004	26237	1000
77	untuniutntrng55886	0.9998999234614004	26258	1000
78	untuniutntrng55886	0.9998999234614004	26295	1000
79	untuniutntrng55886	0.9998999234614004	26247	1000
80	untuniutntrng55886	0.9998999234614004	26113	1000
81	untuniutntrng55886	0.9998999234614004	25992	1000
82	untuniutntrng55886	0.9998999234614004	26255	1000
83	untuniutntrng55886	0.9998999234614002	26073	1000
84	untuniutntrng55886	0.9998999234614004	26332	1000
85	untuniutntrng55886	0.9998999234614004	26014	1000
86	untuniutntrng55886	0.9998999234614004	26254	1000
87	untuniutntrng55886	0.9998999234614004	26186	1000
88	untuniutntrng55886	0.9998999234614004	26082	1000
89	untuniutntrng55886	0.9998999234614004	26187	1000
90	untuniutntrng55886	0.9998999234614004	26139	1000
91	untuniutntrng55886	0.9998999234614004	26016	1000
92	untuniutntrng55886	0.9998999234614004	26175	1000
93	untuniutntrng55886	0.9998999234614004	26196	1000
94	untuniutntrng55886	0.9998999234614004	26163	1000
95	untuniutntrng55886	0.9998999234614004	26399	1000
96	untuniutntrng55886	0.9998999234614004	26255	1000
97	untuniutntrng55886	0.9998999234614004	26300	1000
98	untuniutntrng55886	0.9998999234614004	26211	1000
99	untuniutntrng55886	0.9998999234614004	26240	1000
100	untuniutntrng55886	0.9901370846153592	26055	100
101	untuniutntrng55886	0.9901370846153592	26264	100
102	untuniutntrng55886	0.9901370846153592	26067	100
103	untuniutntrng55886	0.9901370846153592	26320	100
104	untuniutntrng55886	0.9901370846153592	26176	100
105	untuniutntrng55886	0.9901370846153594	26126	100
106	untuniutntrng55886	0.9901370846153592	26332	100
107	untuniutntrng55886	0.9901370846153592	26444	100
108	untuniutntrng55886	0.9901370846153594	25972	100
109	untuniutntrng55886	0.9901370846153592	26321	100
110	untuniutntrng55886	0.9901370846153592	26115	100
111	untuniutntrng55886	0.9901370846153592	26305	100
112	untuniutntrng55886	0.9901370846153592	25989	100
113	untuniutntrng55886	0.9901370846153592	26313	100
114	untuniutntrng55886	0.9901370846153592	26155	100
115	untuniutntrng55886	0.9901370846153592	26202	100
116	untuniutntrng55886	0.9901370846153592	26107	100
117	untuniutntrng55886	0.9901370846153592	26268	100
118	untuniutntrng55886	0.9901370846153592	26322	100
119	untuniutntrng55886	0.9901370846153592	26212	100
120	untuniutntrng55886	0.9901370846153592	26267	100
121	untuniutntrng55886	0.9901370846153594	26114	100
122	untuniutntrng55886	0.9901370846153594	26259	100
123	untuniutntrng55886	0.9901370846153594	26088	100
124	untuniutntrng55886	0.9901370846153592	26038	100
125	untuniutntrng55886	0.9901370846153592	26053	100
126	untuniutntrng55886	0.9901370846153594	26040	100
127	untuniutntrng55886	0.9901370846153594	26070	100
128	untuniutntrng55886	0.9901370846153594	26101	100
129	untuniutntrng55886	0.9901370846153592	26264	100
130	untuniutntrng55886	0.9901370846153594	26355	100
131	untuniutntrng55886	0.9901370846153592	26145	100
132	untuniutntrng55886	0.9901370846153592	26107	100
133	untuniutntrng55886	0.9901370846153592	26269	100
134	untuniutntrng55886	0.9901370846153592	26194	100
135	untuniutntrng55886	0.9901370846153592	26096	100
136	untuniutntrng55886	0.9901370846153592	26145	100
137	untuniutntrng55886	0.9901370846153592	26058	100
138	untuniutntrng55886	0.9901370846153592	26236	100
139	untuniutntrng55886	0.9901370846153594	26248	100
140	untuniutntrng55886	0.9901370846153594	26108	100
141	untuniutntrng55886	0.9901370846153594	26333	100
142	untuniutntrng55886	0.9901370846153594	26038	100
143	untuniutntrng55886	0.9901370846153597	26181	100
144	untuniutntrng55886	0.9901370846153592	26113	100
145	untuniutntrng55886	0.9901370846153592	26446	100
146	untuniutntrng55886	0.9901370846153592	26069	100
147	untuniutntrng55886	0.9901370846153594	26102	100
148	untuniutntrng55886	0.9901370846153592	26322	100
149	untuniutntrng55886	0.9901370846153592	26105	100
150	untuniutntrng55886	0.9901370846153594	26078	100
151	untuniutntrng55886	0.9901370846153592	26261	100
152	untuniutntrng55886	0.9901370846153592	26202	100
153	untuniutntrng55886	0.9901370846153594	26366	100
154	untuniutntrng55886	0.9901370846153592	25982	100
155	untuniutntrng55886	0.9901370846153592	26048	100
156	untuniutntrng55886	0.9901370846153594	26023	100
157	untuniutntrng55886	0.9901370846153594	26351	100
158	untuniutntrng55886	0.9901370846153594	25954	100
159	untuniutntrng55886	0.9901370846153592	25871	100
160	untuniutntrng55886	0.9901370846153592	26050	100
161	untuniutntrng55886	0.9901370846153592	26139	100
162	untuniutntrng55886	0.9901370846153592	26285	100
163	untuniutntrng55886	0.9901370846153594	26311	100
164	untuniutntrng55886	0.9901370846153592	26203	100
165	untuniutntrng55886	0.9901370846153592	26453	100
166	untuniutntrng55886	0.9901370846153594	26261	100
167	untuniutntrng55886	0.9901370846153594	26119	100
168	untuniutntrng55886	0.9901370846153592	26152	100
169	untuniutntrng55886	0.9901370846153592	26166	100
170	untuniutntrng55886	0.9901370846153592	26323	100
171	untuniutntrng55886	0.9901370846153592	26219	100
172	untuniutntrng55886	0.9901370846153592	26146	100
173	untuniutntrng55886	0.9901370846153592	26173	100
174	untuniutntrng55886	0.9901370846153594	26092	100
175	untuniutntrng55886	0.9901370846153592	26069	100
176	untuniutntrng55886	0.9901370846153592	26120	100
177	untuniutntrng55886	0.9901370846153592	26290	100
178	untuniutntrng55886	0.9901370846153592	26120	100
179	untuniutntrng55886	0.9901370846153592	26153	100
180	untuniutntrng55886	0.9901370846153592	26135	100
181	untuniutntrng55886	0.9901370846153592	26320	100
182	untuniutntrng55886	0.9901370846153592	26305	100
183	untuniutntrng55886	0.9901370846153592	25933	100
184	untuniutntrng55886	0.9901370846153592	26086	100
185	untuniutntrng55886	0.9901370846153592	26221	100
186	untuniutntrng55886	0.9901370846153594	26412	100
187	untuniutntrng55886	0.9901370846153592	26280	100
188	untuniutntrng55886	0.9901370846153592	26384	100
189	untuniutntrng55886	0.9901370846153592	26136	100
190	untuniutntrng55886	0.9901370846153594	26206	100
191	untuniutntrng55886	0.9901370846153594	26210	100
192	untuniutntrng55886	0.9901370846153592	26264	100
193	untuniutntrng55886	0.9901370846153592	26253	100
194	untuniutntrng55886	0.9901370846153594	25976	100
195	untuniutntrng55886	0.9901370846153592	26267	100
196	untuniutntrng55886	0.9901370846153592	26311	100
197	untuniutntrng55886	0.9901370846153592	26163	100
198	untuniutntrng55886	0.9901370846153592	26507	100
199	untuniutntrng55886	0.9901370846153592	26126	100
200	untuniutntrng55886	0.9999749782728904	25976	2000
201	untuniutntrng55886	0.9999749782728904	26286	2000
202	untuniutntrng55886	0.9999749782728904	26111	2000
203	untuniutntrng55886	0.9999749782728904	26278	2000
204	untuniutntrng55886	0.9999749782728906	26196	2000
205	untuniutntrng55886	0.9999749782728904	26283	2000
206	untuniutntrng55886	0.9999749782728904	26153	2000
207	untuniutntrng55886	0.9999749782728906	26154	2000
208	untuniutntrng55886	0.9999749782728904	26162	2000
209	untuniutntrng55886	0.9999749782728906	26348	2000
210	untuniutntrng55886	0.9999749782728904	26049	2000
211	untuniutntrng55886	0.9999749782728904	26106	2000
212	untuniutntrng55886	0.9999749782728906	26163	2000
213	untuniutntrng55886	0.9999749782728906	26180	2000
214	untuniutntrng55886	0.9999749782728904	26253	2000
215	untuniutntrng55886	0.9999749782728906	26106	2000
216	untuniutntrng55886	0.9999749782728906	26016	2000
217	untuniutntrng55886	0.9999749782728906	26355	2000
218	untuniutntrng55886	0.9999749782728904	26298	2000
219	untuniutntrng55886	0.9999749782728904	26317	2000
220	untuniutntrng55886	0.9999749782728906	26222	2000
221	untuniutntrng55886	0.9999749782728904	26236	2000
222	untuniutntrng55886	0.9999749782728904	25865	2000
223	untuniutntrng55886	0.9999749782728906	26307	2000
224	untuniutntrng55886	0.9999749782728904	26131	2000
225	untuniutntrng55886	0.9999749782728906	26180	2000
226	untuniutntrng55886	0.9999749782728904	26195	2000
227	untuniutntrng55886	0.9999749782728906	26022	2000
228	untuniutntrng55886	0.9999749782728906	26099	2000
229	untuniutntrng55886	0.9999749782728904	26250	2000
230	untuniutntrng55886	0.9999749782728906	26056	2000
231	untuniutntrng55886	0.9999749782728906	26137	2000
232	untuniutntrng55886	0.9999749782728904	26299	2000
233	untuniutntrng55886	0.9999749782728906	26075	2000
234	untuniutntrng55886	0.9999749782728906	26006	2000
235	untuniutntrng55886	0.9999749782728906	26277	2000
236	untuniutntrng55886	0.9999749782728906	26047	2000
237	untuniutntrng55886	0.9999749782728904	26113	2000
238	untuniutntrng55886	0.9999749782728906	26177	2000
239	untuniutntrng55886	0.9999749782728906	26169	2000
240	untuniutntrng55886	0.9999749782728906	26008	2000
241	untuniutntrng55886	0.9999749782728906	26044	2000
242	untuniutntrng55886	0.9999749782728904	26003	2000
243	untuniutntrng55886	0.9999749782728904	26148	2000
244	untuniutntrng55886	0.9999749782728904	26104	2000
245	untuniutntrng55886	0.9999749782728906	26167	2000
246	untuniutntrng55886	0.9999749782728906	26103	2000
247	untuniutntrng55886	0.9999749782728904	26126	2000
248	untuniutntrng55886	0.9999749782728906	26327	2000
249	untuniutntrng55886	0.9999749782728906	26173	2000
250	untuniutntrng55886	0.9999749782728906	25910	2000
251	untuniutntrng55886	0.9999749782728904	26273	2000
252	untuniutntrng55886	0.9999749782728906	26093	2000
253	untuniutntrng55886	0.9999749782728906	26184	2000
254	untuniutntrng55886	0.9999749782728904	26087	2000
255	untuniutntrng55886	0.9999749782728904	26252	2000
256	untuniutntrng55886	0.9999749782728904	26035	2000
257	untuniutntrng55886	0.9999749782728904	26285	2000
258	untuniutntrng55886	0.9999749782728904	26193	2000
259	untuniutntrng55886	0.9999749782728904	26258	2000
260	untuniutntrng55886	0.9999749782728904	26070	2000
261	untuniutntrng55886	0.9999749782728906	26093	2000
262	untuniutntrng55886	0.9999749782728904	26103	2000
263	untuniutntrng55886	0.9999749782728904	26168	2000
264	untuniutntrng55886	0.9999749782728906	26171	2000
265	untuniutntrng55886	0.9999749782728906	26227	2000
266	untuniutntrng55886	0.9999749782728904	26234	2000
267	untuniutntrng55886	0.9999749782728906	26143	2000
268	untuniutntrng55886	0.9999749782728904	26153	2000
269	untuniutntrng55886	0.9999749782728904	26066	2000
270	untuniutntrng55886	0.9999749782728904	26117	2000
271	untuniutntrng55886	0.9999749782728904	26072	2000
272	untuniutntrng55886	0.9999749782728904	26048	2000
273	untuniutntrng55886	0.9999749782728904	26166	2000
274	untuniutntrng55886	0.9999749782728904	26319	2000
275	untuniutntrng55886	0.9999749782728906	26131	2000
276	untuniutntrng55886	0.9999749782728906	26118	2000
277	untuniutntrng55886	0.9999749782728906	26044	2000
278	untuniutntrng55886	0.9999749782728904	26210	2000
279	untuniutntrng55886	0.9999749782728904	26339	2000
280	untuniutntrng55886	0.9999749782728904	26408	2000
281	untuniutntrng55886	0.9999749782728904	26150	2000
282	untuniutntrng55886	0.9999749782728904	26148	2000
283	untuniutntrng55886	0.9999749782728906	26270	2000
284	untuniutntrng55886	0.9999749782728904	26032	2000
285	untuniutntrng55886	0.9999749782728904	25994	2000
286	untuniutntrng55886	0.9999749782728904	26235	2000
287	untuniutntrng55886	0.9999749782728904	26108	2000
288	untuniutntrng55886	0.9999749782728904	25917	2000
289	untuniutntrng55886	0.9999749782728904	26220	2000
290	untuniutntrng55886	0.9999749782728906	26095	2000
291	untuniutntrng55886	0.9999749782728906	25946	2000
292	untuniutntrng55886	0.9999749782728904	26032	2000
293	untuniutntrng55886	0.9999749782728906	26069	2000
294	untuniutntrng55886	0.9999749782728904	26042	2000
295	untuniutntrng55886	0.9999749782728906	26066	2000
296	untuniutntrng55886	0.9999749782728904	26168	2000
297	untuniutntrng55886	0.9999749782728906	26153	2000
298	untuniutntrng55886	0.9999749782728904	26110	2000
299	untuniutntrng55886	0.9999749782728904	26073	2000
300	untuniutntrng55886	0.9975068857193332	26076	200
301	untuniutntrng55886	0.9975068857193332	26010	200
302	untuniutntrng55886	0.9975068857193332	26019	200
303	untuniutntrng55886	0.9975068857193332	26220	200
304	untuniutntrng55886	0.9975068857193334	26068	200
305	untuniutntrng55886	0.9975068857193334	26437	200
306	untuniutntrng55886	0.9975068857193332	26518	200
307	untuniutntrng55886	0.9975068857193332	26129	200
308	untuniutntrng55886	0.9975068857193332	26109	200
309	untuniutntrng55886	0.9975068857193332	26047	200
310	untuniutntrng55886	0.9975068857193334	26143	200
311	untuniutntrng55886	0.9975068857193332	26107	200
312	untuniutntrng55886	0.9975068857193332	26246	200
313	untuniutntrng55886	0.9975068857193334	26061	200
314	untuniutntrng55886	0.9975068857193334	26140	200
315	untuniutntrng55886	0.9975068857193332	26048	200
316	untuniutntrng55886	0.9975068857193332	26065	200
317	untuniutntrng55886	0.9975068857193332	26101	200
318	untuniutntrng55886	0.9975068857193334	26167	200
319	untuniutntrng55886	0.9975068857193332	26071	200
320	untuniutntrng55886	0.9975068857193334	25910	200
321	untuniutntrng55886	0.9975068857193332	26007	200
322	untuniutntrng55886	0.9975068857193332	25988	200
323	untuniutntrng55886	0.9975068857193332	26302	200
324	untuniutntrng55886	0.9975068857193334	26059	200
325	untuniutntrng55886	0.9975068857193332	26263	200
326	untuniutntrng55886	0.9975068857193332	26332	200
327	untuniutntrng55886	0.9975068857193334	26058	200
328	untuniutntrng55886	0.9975068857193332	25866	200
329	untuniutntrng55886	0.9975068857193332	26076	200
330	untuniutntrng55886	0.9975068857193332	26183	200
331	untuniutntrng55886	0.9975068857193334	26224	200
332	untuniutntrng55886	0.9975068857193332	26052	200
333	untuniutntrng55886	0.9975068857193332	25948	200
334	untuniutntrng55886	0.9975068857193332	26147	200
335	untuniutntrng55886	0.9975068857193332	26106	200
336	untuniutntrng55886	0.9975068857193332	26273	200
337	untuniutntrng55886	0.9975068857193332	26115	200
338	untuniutntrng55886	0.9975068857193332	26107	200
339	untuniutntrng55886	0.9975068857193332	26168	200
340	untuniutntrng55886	0.9975068857193332	26174	200
341	untuniutntrng55886	0.9975068857193332	25995	200
342	untuniutntrng55886	0.9975068857193332	25992	200
343	untuniutntrng55886	0.9975068857193332	26087	200
344	untuniutntrng55886	0.9975068857193332	26013	200
345	untuniutntrng55886	0.9975068857193334	26270	200
346	untuniutntrng55886	0.9975068857193334	26059	200
347	untuniutntrng55886	0.9975068857193334	26115	200
348	untuniutntrng55886	0.9975068857193332	26291	200
349	untuniutntrng55886	0.9975068857193334	26267	200
350	untuniutntrng55886	0.9975068857193332	26249	200
351	untuniutntrng55886	0.9975068857193332	26077	200
352	untuniutntrng55886	0.9975068857193332	26249	200
353	untuniutntrng55886	0.9975068857193334	26041	200
354	untuniutntrng55886	0.9975068857193332	26134	200
355	untuniutntrng55886	0.9975068857193334	26021	200
356	untuniutntrng55886	0.9975068857193332	26303	200
357	untuniutntrng55886	0.9975068857193334	26219	200
358	untuniutntrng55886	0.9975068857193332	26120	200
359	untuniutntrng55886	0.9975068857193332	26368	200
360	untuniutntrng55886	0.9975068857193334	26050	200
361	untuniutntrng55886	0.9975068857193332	26123	200
362	untuniutntrng55886	0.9975068857193332	26123	200
363	untuniutntrng55886	0.9975068857193332	26117	200
364	untuniutntrng55886	0.9975068857193334	26074	200
365	untuniutntrng55886	0.9975068857193332	26222	200
366	untuniutntrng55886	0.9975068857193334	26088	200
367	untuniutntrng55886	0.9975068857193332	26074	200
368	untuniutntrng55886	0.9975068857193332	26110	200
369	untuniutntrng55886	0.9975068857193332	26118	200
370	untuniutntrng55886	0.9975068857193332	26034	200
371	untuniutntrng55886	0.9975068857193334	26190	200
372	untuniutntrng55886	0.9975068857193332	26015	200
373	untuniutntrng55886	0.9975068857193332	26005	200
374	untuniutntrng55886	0.9975068857193332	26197	200
375	untuniutntrng55886	0.9975068857193332	26119	200
376	untuniutntrng55886	0.9975068857193332	26335	200
377	untuniutntrng55886	0.9975068857193332	26186	200
378	untuniutntrng55886	0.9975068857193334	25952	200
379	untuniutntrng55886	0.9975068857193332	26181	200
380	untuniutntrng55886	0.9975068857193332	26037	200
381	untuniutntrng55886	0.9975068857193332	26099	200
382	untuniutntrng55886	0.9975068857193332	26185	200
383	untuniutntrng55886	0.9975068857193332	26053	200
384	untuniutntrng55886	0.9975068857193334	26069	200
385	untuniutntrng55886	0.9975068857193332	26130	200
386	untuniutntrng55886	0.9975068857193332	25915	200
387	untuniutntrng55886	0.9975068857193334	26247	200
388	untuniutntrng55886	0.9975068857193332	26086	200
389	untuniutntrng55886	0.9975068857193332	26177	200
390	untuniutntrng55886	0.9975068857193334	26055	200
391	untuniutntrng55886	0.9975068857193332	26230	200
392	untuniutntrng55886	0.9975068857193332	26364	200
393	untuniutntrng55886	0.9975068857193334	26251	200
394	untuniutntrng55886	0.9975068857193334	26208	200
395	untuniutntrng55886	0.9975068857193332	26155	200
396	untuniutntrng55886	0.9975068857193332	26365	200
397	untuniutntrng55886	0.9975068857193334	26161	200
398	untuniutntrng55886	0.9975068857193332	26132	200
399	untuniutntrng55886	0.9975068857193334	25993	200
400	untuniutntrng55886	0.8162521849216934	28139	20
401	untuniutntrng55886	0.8162521849216934	28345	20
402	untuniutntrng55886	0.8162521849216934	28197	20
403	untuniutntrng55886	0.8162521849216934	27982	20
404	untuniutntrng55886	0.8162521849216934	28150	20
405	untuniutntrng55886	0.8162521849216934	28242	20
406	untuniutntrng55886	0.8162521849216934	28080	20
407	untuniutntrng55886	0.8162521849216934	28362	20
408	untuniutntrng55886	0.8162521849216934	28077	20
409	untuniutntrng55886	0.8162521849216934	28277	20
410	untuniutntrng55886	0.8162521849216934	28138	20
411	untuniutntrng55886	0.8162521849216934	28008	20
412	untuniutntrng55886	0.8162521849216934	28100	20
413	untuniutntrng55886	0.8162521849216934	28009	20
414	untuniutntrng55886	0.8162521849216934	27884	20
415	untuniutntrng55886	0.8162521849216934	28174	20
416	untuniutntrng55886	0.8162521849216934	28166	20
417	untuniutntrng55886	0.8162521849216934	28367	20
418	untuniutntrng55886	0.8162521849216934	28233	20
419	untuniutntrng55886	0.8162521849216934	27888	20
420	untuniutntrng55886	0.8162521849216934	28262	20
421	untuniutntrng55886	0.8162521849216934	28218	20
422	untuniutntrng55886	0.8162521849216934	28211	20
423	untuniutntrng55886	0.8162521849216934	28234	20
424	untuniutntrng55886	0.8162521849216934	27963	20
425	untuniutntrng55886	0.8162521849216934	28031	20
426	untuniutntrng55886	0.8162521849216934	27978	20
427	untuniutntrng55886	0.8162521849216934	28289	20
428	untuniutntrng55886	0.8162521849216934	28079	20
429	untuniutntrng55886	0.8162521849216934	27995	20
430	untuniutntrng55886	0.8162521849216934	28199	20
431	untuniutntrng55886	0.8162521849216934	27974	20
432	untuniutntrng55886	0.8162521849216934	28309	20
433	untuniutntrng55886	0.8162521849216934	28331	20
434	untuniutntrng55886	0.8162521849216934	27983	20
435	untuniutntrng55886	0.8162521849216934	28230	20
436	untuniutntrng55886	0.8162521849216934	28202	20
437	untuniutntrng55886	0.8162521849216934	28237	20
438	untuniutntrng55886	0.8162521849216934	28137	20
439	untuniutntrng55886	0.8162521849216934	28093	20
440	untuniutntrng55886	0.8162521849216934	28211	20
441	untuniutntrng55886	0.8162521849216934	28146	20
442	untuniutntrng55886	0.8162521849216934	27855	20
443	untuniutntrng55886	0.8162521849216934	28120	20
444	untuniutntrng55886	0.8162521849216934	28036	20
445	untuniutntrng55886	0.8162521849216934	28172	20
446	untuniutntrng55886	0.8162521849216934	28041	20
447	untuniutntrng55886	0.8162521849216934	28413	20
448	untuniutntrng55886	0.8162521849216934	27977	20
449	untuniutntrng55886	0.8162521849216934	28210	20
450	untuniutntrng55886	0.8162521849216934	28150	20
451	untuniutntrng55886	0.8162521849216934	27946	20
452	untuniutntrng55886	0.8162521849216934	28131	20
453	untuniutntrng55886	0.8162521849216934	28172	20
454	untuniutntrng55886	0.8162521849216934	28147	20
455	untuniutntrng55886	0.8162521849216934	28174	20
456	untuniutntrng55886	0.8162521849216934	27987	20
457	untuniutntrng55886	0.8162521849216934	28095	20
458	untuniutntrng55886	0.8162521849216934	28125	20
459	untuniutntrng55886	0.8162521849216934	28270	20
460	untuniutntrng55886	0.8162521849216934	28075	20
461	untuniutntrng55886	0.8162521849216934	28120	20
462	untuniutntrng55886	0.8162521849216934	28078	20
463	untuniutntrng55886	0.8162521849216934	28107	20
464	untuniutntrng55886	0.8162521849216934	28045	20
465	untuniutntrng55886	0.8162521849216934	28171	20
466	untuniutntrng55886	0.8162521849216934	28013	20
467	untuniutntrng55886	0.8162521849216934	28074	20
468	untuniutntrng55886	0.8162521849216934	27985	20
469	untuniutntrng55886	0.8162521849216934	27995	20
470	untuniutntrng55886	0.8162521849216934	28221	20
471	untuniutntrng55886	0.8162521849216934	28167	20
472	untuniutntrng55886	0.8162521849216934	28243	20
473	untuniutntrng55886	0.8162521849216934	27913	20
474	untuniutntrng55886	0.8162521849216934	28201	20
475	untuniutntrng55886	0.8162521849216934	28194	20
476	untuniutntrng55886	0.8162521849216934	28096	20
477	untuniutntrng55886	0.8162521849216934	28409	20
478	untuniutntrng55886	0.8162521849216934	28129	20
479	untuniutntrng55886	0.8162521849216934	28276	20
480	untuniutntrng55886	0.8162521849216934	28017	20
481	untuniutntrng55886	0.8162521849216934	28115	20
482	untuniutntrng55886	0.8162521849216934	28076	20
483	untuniutntrng55886	0.8162521849216934	28414	20
484	untuniutntrng55886	0.8162521849216934	28052	20
485	untuniutntrng55886	0.8162521849216934	28207	20
486	untuniutntrng55886	0.8162521849216934	28032	20
487	untuniutntrng55886	0.8162521849216934	28172	20
488	untuniutntrng55886	0.8162521849216934	28267	20
489	untuniutntrng55886	0.8162521849216934	28077	20
490	untuniutntrng55886	0.8162521849216934	27890	20
491	untuniutntrng55886	0.8162521849216934	28179	20
492	untuniutntrng55886	0.8162521849216934	28324	20
493	untuniutntrng55886	0.8162521849216934	28115	20
494	untuniutntrng55886	0.8162521849216934	28163	20
495	untuniutntrng55886	0.8162521849216934	28340	20
496	untuniutntrng55886	0.8162521849216934	28125	20
497	untuniutntrng55886	0.8162521849216934	28313	20
498	untuniutntrng55886	0.8162521849216934	28024	20
499	untuniutntrng55886	0.8162521849216934	28093	20
500	untuniutntrng55886	0.9988896768932451	26076	300
501	untuniutntrng55886	0.9988896768932451	26171	300
502	untuniutntrng55886	0.9988896768932448	26057	300
503	untuniutntrng55886	0.9988896768932448	26361	300
504	untuniutntrng55886	0.9988896768932451	26277	300
505	untuniutntrng55886	0.9988896768932451	26159	300
506	untuniutntrng55886	0.9988896768932451	26017	300
507	untuniutntrng55886	0.9988896768932451	26154	300
508	untuniutntrng55886	0.9988896768932451	26256	300
509	untuniutntrng55886	0.9988896768932451	26116	300
510	untuniutntrng55886	0.9988896768932451	26086	300
511	untuniutntrng55886	0.9988896768932448	26286	300
512	untuniutntrng55886	0.9988896768932451	26236	300
513	untuniutntrng55886	0.9988896768932448	26079	300
514	untuniutntrng55886	0.9988896768932448	26128	300
515	untuniutntrng55886	0.9988896768932451	26015	300
516	untuniutntrng55886	0.9988896768932448	25902	300
517	untuniutntrng55886	0.9988896768932451	26333	300
518	untuniutntrng55886	0.9988896768932451	26309	300
519	untuniutntrng55886	0.9988896768932451	26445	300
520	untuniutntrng55886	0.9988896768932448	26327	300
521	untuniutntrng55886	0.9988896768932448	26047	300
522	untuniutntrng55886	0.9988896768932448	26101	300
523	untuniutntrng55886	0.9988896768932451	26079	300
524	untuniutntrng55886	0.9988896768932448	26150	300
525	untuniutntrng55886	0.9988896768932448	26185	300
526	untuniutntrng55886	0.9988896768932451	26230	300
527	untuniutntrng55886	0.9988896768932448	26140	300
528	untuniutntrng55886	0.9988896768932448	26179	300
529	untuniutntrng55886	0.9988896768932448	26102	300
530	untuniutntrng55886	0.9988896768932451	26281	300
531	untuniutntrng55886	0.9988896768932448	25975	300
532	untuniutntrng55886	0.9988896768932448	26051	300
533	untuniutntrng55886	0.9988896768932448	25899	300
534	untuniutntrng55886	0.9988896768932448	26175	300
535	untuniutntrng55886	0.9988896768932451	26003	300
536	untuniutntrng55886	0.9988896768932451	26131	300
537	untuniutntrng55886	0.9988896768932456	26089	300
538	untuniutntrng55886	0.9988896768932448	26266	300
539	untuniutntrng55886	0.9988896768932451	25960	300
540	untuniutntrng55886	0.9988896768932448	26271	300
541	untuniutntrng55886	0.9988896768932448	26214	300
542	untuniutntrng55886	0.9988896768932448	26032	300
543	untuniutntrng55886	0.9988896768932451	26067	300
544	untuniutntrng55886	0.9988896768932451	26403	300
545	untuniutntrng55886	0.9988896768932451	26259	300
546	untuniutntrng55886	0.9988896768932451	26143	300
547	untuniutntrng55886	0.9988896768932451	26146	300
548	untuniutntrng55886	0.9988896768932451	26135	300
549	untuniutntrng55886	0.9988896768932448	26393	300
550	untuniutntrng55886	0.9988896768932451	26220	300
551	untuniutntrng55886	0.9988896768932451	26096	300
552	untuniutntrng55886	0.9988896768932448	26214	300
553	untuniutntrng55886	0.9988896768932448	26057	300
554	untuniutntrng55886	0.9988896768932448	26087	300
555	untuniutntrng55886	0.9988896768932448	26143	300
556	untuniutntrng55886	0.9988896768932451	26325	300
557	untuniutntrng55886	0.9988896768932451	26253	300
558	untuniutntrng55886	0.9988896768932448	26206	300
559	untuniutntrng55886	0.9988896768932456	26242	300
560	untuniutntrng55886	0.9988896768932451	26256	300
561	untuniutntrng55886	0.9988896768932448	26253	300
562	untuniutntrng55886	0.9988896768932456	26132	300
563	untuniutntrng55886	0.9988896768932448	26140	300
564	untuniutntrng55886	0.9988896768932451	26015	300
565	untuniutntrng55886	0.9988896768932451	26245	300
566	untuniutntrng55886	0.9988896768932451	26048	300
567	untuniutntrng55886	0.9988896768932451	26102	300
568	untuniutntrng55886	0.9988896768932448	26244	300
569	untuniutntrng55886	0.9988896768932451	25977	300
570	untuniutntrng55886	0.9988896768932451	26319	300
571	untuniutntrng55886	0.9988896768932451	26276	300
572	untuniutntrng55886	0.9988896768932448	26243	300
573	untuniutntrng55886	0.9988896768932448	26118	300
574	untuniutntrng55886	0.9988896768932448	26092	300
575	untuniutntrng55886	0.9988896768932448	26134	300
576	untuniutntrng55886	0.9988896768932451	26238	300
577	untuniutntrng55886	0.9988896768932451	25936	300
578	untuniutntrng55886	0.9988896768932456	26309	300
579	untuniutntrng55886	0.9988896768932448	26142	300
580	untuniutntrng55886	0.9988896768932451	26037	300
581	untuniutntrng55886	0.9988896768932448	26378	300
582	untuniutntrng55886	0.9988896768932451	25940	300
583	untuniutntrng55886	0.9988896768932448	26211	300
584	untuniutntrng55886	0.9988896768932451	26189	300
585	untuniutntrng55886	0.9988896768932451	26129	300
586	untuniutntrng55886	0.9988896768932448	26201	300
587	untuniutntrng55886	0.9988896768932448	26177	300
588	untuniutntrng55886	0.9988896768932451	26155	300
589	untuniutntrng55886	0.9988896768932451	26218	300
590	untuniutntrng55886	0.9988896768932448	26308	300
591	untuniutntrng55886	0.9988896768932448	26042	300
592	untuniutntrng55886	0.9988896768932451	26120	300
593	untuniutntrng55886	0.9988896768932451	26160	300
594	untuniutntrng55886	0.9988896768932448	26229	300
595	untuniutntrng55886	0.9988896768932451	26091	300
596	untuniutntrng55886	0.9988896768932448	26163	300
597	untuniutntrng55886	0.9988896768932448	26343	300
598	untuniutntrng55886	0.9988896768932448	26207	300
599	untuniutntrng55886	0.9988896768932448	26470	300
600	untuniutntrng55886	0.9044109668802188	26679	30
601	untuniutntrng55886	0.9044109668802188	26948	30
602	untuniutntrng55886	0.9044109668802188	26931	30
603	untuniutntrng55886	0.9044109668802188	26981	30
604	untuniutntrng55886	0.9044109668802188	26765	30
605	untuniutntrng55886	0.9044109668802188	26988	30
606	untuniutntrng55886	0.9044109668802188	26936	30
607	untuniutntrng55886	0.9044109668802188	26856	30
608	untuniutntrng55886	0.9044109668802188	26752	30
609	untuniutntrng55886	0.9044109668802188	26938	30
610	untuniutntrng55886	0.9044109668802188	26756	30
611	untuniutntrng55886	0.9044109668802188	26972	30
612	untuniutntrng55886	0.9044109668802188	26940	30
613	untuniutntrng55886	0.9044109668802188	26769	30
614	untuniutntrng55886	0.9044109668802188	26599	30
615	untuniutntrng55886	0.9044109668802188	26721	30
616	untuniutntrng55886	0.9044109668802188	26979	30
617	untuniutntrng55886	0.9044109668802188	26781	30
618	untuniutntrng55886	0.9044109668802188	26775	30
619	untuniutntrng55886	0.9044109668802188	26975	30
620	untuniutntrng55886	0.9044109668802188	26881	30
621	untuniutntrng55886	0.9044109668802188	26663	30
622	untuniutntrng55886	0.9044109668802188	26671	30
623	untuniutntrng55886	0.9044109668802188	26744	30
624	untuniutntrng55886	0.9044109668802188	26794	30
625	untuniutntrng55886	0.9044109668802188	26715	30
626	untuniutntrng55886	0.9044109668802188	26660	30
627	untuniutntrng55886	0.9044109668802188	26800	30
628	untuniutntrng55886	0.9044109668802188	26895	30
629	untuniutntrng55886	0.9044109668802188	27000	30
630	untuniutntrng55886	0.9044109668802188	26671	30
631	untuniutntrng55886	0.9044109668802188	26820	30
632	untuniutntrng55886	0.9044109668802188	26764	30
633	untuniutntrng55886	0.9044109668802188	26555	30
634	untuniutntrng55886	0.9044109668802188	26735	30
635	untuniutntrng55886	0.9044109668802188	26972	30
636	untuniutntrng55886	0.9044109668802188	26830	30
637	untuniutntrng55886	0.9044109668802188	26838	30
638	untuniutntrng55886	0.9044109668802188	26564	30
639	untuniutntrng55886	0.9044109668802188	26667	30
640	untuniutntrng55886	0.9044109668802188	26836	30
641	untuniutntrng55886	0.9044109668802188	27021	30
642	untuniutntrng55886	0.9044109668802188	26812	30
643	untuniutntrng55886	0.9044109668802188	26716	30
644	untuniutntrng55886	0.9044109668802188	26941	30
645	untuniutntrng55886	0.9044109668802188	26877	30
646	untuniutntrng55886	0.9044109668802188	26767	30
647	untuniutntrng55886	0.9044109668802188	26714	30
648	untuniutntrng55886	0.9044109668802188	26874	30
649	untuniutntrng55886	0.9044109668802188	26708	30
650	untuniutntrng55886	0.9044109668802188	26919	30
651	untuniutntrng55886	0.9044109668802188	26917	30
652	untuniutntrng55886	0.9044109668802188	26894	30
653	untuniutntrng55886	0.9044109668802188	26780	30
654	untuniutntrng55886	0.9044109668802188	27006	30
655	untuniutntrng55886	0.9044109668802188	26766	30
656	untuniutntrng55886	0.9044109668802188	27080	30
657	untuniutntrng55886	0.9044109668802188	27001	30
658	untuniutntrng55886	0.9044109668802188	26684	30
659	untuniutntrng55886	0.9044109668802188	26780	30
660	untuniutntrng55886	0.9044109668802188	26757	30
661	untuniutntrng55886	0.9044109668802188	26875	30
662	untuniutntrng55886	0.9044109668802188	27010	30
663	untuniutntrng55886	0.9044109668802188	26770	30
664	untuniutntrng55886	0.9044109668802188	26723	30
665	untuniutntrng55886	0.9044109668802188	26588	30
666	untuniutntrng55886	0.9044109668802188	26838	30
667	untuniutntrng55886	0.9044109668802188	26652	30
668	untuniutntrng55886	0.9044109668802188	26710	30
669	untuniutntrng55886	0.9044109668802188	26861	30
670	untuniutntrng55886	0.9044109668802188	27066	30
671	untuniutntrng55886	0.9044109668802188	26717	30
672	untuniutntrng55886	0.9044109668802188	26634	30
673	untuniutntrng55886	0.9044109668802188	26694	30
674	untuniutntrng55886	0.9044109668802188	27091	30
675	untuniutntrng55886	0.9044109668802188	26921	30
676	untuniutntrng55886	0.9044109668802188	26964	30
677	untuniutntrng55886	0.9044109668802188	26878	30
678	untuniutntrng55886	0.9044109668802188	27022	30
679	untuniutntrng55886	0.9044109668802188	26761	30
680	untuniutntrng55886	0.9044109668802188	27061	30
681	untuniutntrng55886	0.9044109668802188	26805	30
682	untuniutntrng55886	0.9044109668802188	26786	30
683	untuniutntrng55886	0.9044109668802188	26756	30
684	untuniutntrng55886	0.9044109668802188	26878	30
685	untuniutntrng55886	0.9044109668802188	26623	30
686	untuniutntrng55886	0.9044109668802188	26705	30
687	untuniutntrng55886	0.9044109668802188	26866	30
688	untuniutntrng55886	0.9044109668802188	27018	30
689	untuniutntrng55886	0.9044109668802188	26863	30
690	untuniutntrng55886	0.9044109668802188	26765	30
691	untuniutntrng55886	0.9044109668802188	26933	30
692	untuniutntrng55886	0.9044109668802188	26736	30
693	untuniutntrng55886	0.9044109668802188	26719	30
694	untuniutntrng55886	0.9044109668802188	26709	30
695	untuniutntrng55886	0.9044109668802188	26945	30
696	untuniutntrng55886	0.9044109668802188	26880	30
697	untuniutntrng55886	0.9044109668802188	26930	30
698	untuniutntrng55886	0.9044109668802188	26867	30
699	untuniutntrng55886	0.9044109668802188	26937	30
700	untuniutntrng55886	0.9993749973117262	26036	400
701	untuniutntrng55886	0.9993749973117262	26152	400
702	untuniutntrng55886	0.9993749973117262	26266	400
703	untuniutntrng55886	0.999374997311726	26282	400
704	untuniutntrng55886	0.9993749973117262	26192	400
705	untuniutntrng55886	0.999374997311726	26225	400
706	untuniutntrng55886	0.999374997311726	26176	400
707	untuniutntrng55886	0.9993749973117262	26086	400
708	untuniutntrng55886	0.9993749973117262	26417	400
709	untuniutntrng55886	0.9993749973117262	26121	400
710	untuniutntrng55886	0.9993749973117262	26295	400
711	untuniutntrng55886	0.9993749973117262	25959	400
712	untuniutntrng55886	0.9993749973117262	26133	400
713	untuniutntrng55886	0.999374997311726	26119	400
714	untuniutntrng55886	0.9993749973117262	26199	400
715	untuniutntrng55886	0.9993749973117262	26166	400
716	untuniutntrng55886	0.9993749973117262	26029	400
717	untuniutntrng55886	0.9993749973117262	26165	400
718	untuniutntrng55886	0.9993749973117262	25957	400
719	untuniutntrng55886	0.9993749973117262	26403	400
720	untuniutntrng55886	0.9993749973117262	25636	400
721	untuniutntrng55886	0.9993749973117262	26035	400
722	untuniutntrng55886	0.9993749973117262	26056	400
723	untuniutntrng55886	0.999374997311726	26025	400
724	untuniutntrng55886	0.9993749973117262	26159	400
725	untuniutntrng55886	0.9993749973117262	26107	400
726	untuniutntrng55886	0.9993749973117262	26152	400
727	untuniutntrng55886	0.9993749973117262	26232	400
728	untuniutntrng55886	0.9993749973117262	25928	400
729	untuniutntrng55886	0.999374997311726	26291	400
730	untuniutntrng55886	0.999374997311726	26105	400
731	untuniutntrng55886	0.9993749973117262	26278	400
732	untuniutntrng55886	0.9993749973117262	25937	400
733	untuniutntrng55886	0.9993749973117262	26075	400
734	untuniutntrng55886	0.9993749973117262	26178	400
735	untuniutntrng55886	0.999374997311726	25925	400
736	untuniutntrng55886	0.9993749973117262	26139	400
737	untuniutntrng55886	0.999374997311726	26289	400
738	untuniutntrng55886	0.9993749973117262	26251	400
739	untuniutntrng55886	0.9993749973117262	26305	400
740	untuniutntrng55886	0.9993749973117262	25964	400
741	untuniutntrng55886	0.999374997311726	26293	400
742	untuniutntrng55886	0.999374997311726	26259	400
743	untuniutntrng55886	0.9993749973117262	26284	400
744	untuniutntrng55886	0.9993749973117262	26245	400
745	untuniutntrng55886	0.999374997311726	26402	400
746	untuniutntrng55886	0.9993749973117262	26099	400
747	untuniutntrng55886	0.9993749973117262	26229	400
748	untuniutntrng55886	0.9993749973117262	26143	400
749	untuniutntrng55886	0.9993749973117262	26344	400
750	untuniutntrng55886	0.9993749973117262	26217	400
751	untuniutntrng55886	0.9993749973117262	26321	400
752	untuniutntrng55886	0.9993749973117262	26172	400
753	untuniutntrng55886	0.9993749973117262	26323	400
754	untuniutntrng55886	0.999374997311726	26204	400
755	untuniutntrng55886	0.999374997311726	26213	400
756	untuniutntrng55886	0.999374997311726	26090	400
757	untuniutntrng55886	0.9993749973117262	26308	400
758	untuniutntrng55886	0.9993749973117262	26144	400
759	untuniutntrng55886	0.9993749973117262	26051	400
760	untuniutntrng55886	0.9993749973117262	26095	400
761	untuniutntrng55886	0.999374997311726	26056	400
762	untuniutntrng55886	0.9993749973117262	25981	400
763	untuniutntrng55886	0.999374997311726	26087	400
764	untuniutntrng55886	0.9993749973117262	26038	400
765	untuniutntrng55886	0.9993749973117262	25995	400
766	untuniutntrng55886	0.9993749973117262	26146	400
767	untuniutntrng55886	0.9993749973117262	26035	400
768	untuniutntrng55886	0.9993749973117262	26157	400
769	untuniutntrng55886	0.9993749973117262	26082	400
770	untuniutntrng55886	0.9993749973117262	26282	400
771	untuniutntrng55886	0.9993749973117262	25986	400
772	untuniutntrng55886	0.9993749973117262	26231	400
773	untuniutntrng55886	0.999374997311726	26164	400
774	untuniutntrng55886	0.999374997311726	26262	400
775	untuniutntrng55886	0.9993749973117262	26233	400
776	untuniutntrng55886	0.9993749973117262	26110	400
777	untuniutntrng55886	0.999374997311726	26050	400
778	untuniutntrng55886	0.9993749973117262	26148	400
779	untuniutntrng55886	0.999374997311726	25842	400
780	untuniutntrng55886	0.9993749973117262	26050	400
781	untuniutntrng55886	0.9993749973117262	26321	400
782	untuniutntrng55886	0.9993749973117262	26105	400
783	untuniutntrng55886	0.9993749973117262	26198	400
784	untuniutntrng55886	0.9993749973117262	26238	400
785	untuniutntrng55886	0.9993749973117262	26191	400
786	untuniutntrng55886	0.9993749973117262	26296	400
787	untuniutntrng55886	0.9993749973117262	26331	400
788	untuniutntrng55886	0.999374997311726	26180	400
789	untuniutntrng55886	0.9993749973117262	25959	400
790	untuniutntrng55886	0.9993749973117262	26247	400
791	untuniutntrng55886	0.9993749973117262	26433	400
792	untuniutntrng55886	0.9993749973117262	26138	400
793	untuniutntrng55886	0.9993749973117262	26123	400
794	untuniutntrng55886	0.9993749973117262	26067	400
795	untuniutntrng55886	0.9993749973117262	26134	400
796	untuniutntrng55886	0.9993749973117262	26088	400
797	untuniutntrng55886	0.9993749973117262	26053	400
798	untuniutntrng55886	0.9993749973117262	26031	400
799	untuniutntrng55886	0.999374997311726	26258	400
800	untuniutntrng55886	0.9427384931676728	26612	40
801	untuniutntrng55886	0.9427384931676728	26357	40
802	untuniutntrng55886	0.9427384931676728	26265	40
803	untuniutntrng55886	0.9427384931676728	26324	40
804	untuniutntrng55886	0.9427384931676728	26377	40
805	untuniutntrng55886	0.9427384931676728	26344	40
806	untuniutntrng55886	0.9427384931676728	26259	40
807	untuniutntrng55886	0.9427384931676728	26507	40
808	untuniutntrng55886	0.9427384931676728	26186	40
809	untuniutntrng55886	0.9427384931676728	26330	40
810	untuniutntrng55886	0.9427384931676728	26406	40
811	untuniutntrng55886	0.9427384931676728	26443	40
812	untuniutntrng55886	0.9427384931676728	26374	40
813	untuniutntrng55886	0.9427384931676728	26459	40
814	untuniutntrng55886	0.9427384931676728	26504	40
815	untuniutntrng55886	0.9427384931676728	26503	40
816	untuniutntrng55886	0.9427384931676728	26409	40
817	untuniutntrng55886	0.9427384931676728	26356	40
818	untuniutntrng55886	0.9427384931676728	26232	40
819	untuniutntrng55886	0.9427384931676728	26508	40
820	untuniutntrng55886	0.9427384931676728	26175	40
821	untuniutntrng55886	0.9427384931676728	26572	40
822	untuniutntrng55886	0.9427384931676728	26527	40
823	untuniutntrng55886	0.9427384931676728	26491	40
824	untuniutntrng55886	0.9427384931676726	26434	40
825	untuniutntrng55886	0.9427384931676728	26455	40
826	untuniutntrng55886	0.9427384931676728	26381	40
827	untuniutntrng55886	0.9427384931676728	26326	40
828	untuniutntrng55886	0.9427384931676728	26375	40
829	untuniutntrng55886	0.9427384931676728	26498	40
830	untuniutntrng55886	0.9427384931676728	26431	40
831	untuniutntrng55886	0.9427384931676726	26322	40
832	untuniutntrng55886	0.9427384931676726	26646	40
833	untuniutntrng55886	0.9427384931676728	26535	40
834	untuniutntrng55886	0.9427384931676728	26392	40
835	untuniutntrng55886	0.9427384931676728	26496	40
836	untuniutntrng55886	0.9427384931676728	26469	40
837	untuniutntrng55886	0.9427384931676728	26260	40
838	untuniutntrng55886	0.9427384931676728	26565	40
839	untuniutntrng55886	0.9427384931676728	26468	40
840	untuniutntrng55886	0.9427384931676728	26461	40
841	untuniutntrng55886	0.9427384931676728	26315	40
842	untuniutntrng55886	0.9427384931676728	26416	40
843	untuniutntrng55886	0.9427384931676728	26493	40
844	untuniutntrng55886	0.9427384931676728	26584	40
845	untuniutntrng55886	0.9427384931676728	26530	40
846	untuniutntrng55886	0.9427384931676728	26241	40
847	untuniutntrng55886	0.9427384931676728	26574	40
848	untuniutntrng55886	0.9427384931676728	26618	40
849	untuniutntrng55886	0.9427384931676728	26376	40
850	untuniutntrng55886	0.9427384931676728	26475	40
851	untuniutntrng55886	0.9427384931676728	26572	40
852	untuniutntrng55886	0.9427384931676728	26528	40
853	untuniutntrng55886	0.9427384931676728	26408	40
854	untuniutntrng55886	0.9427384931676728	26455	40
855	untuniutntrng55886	0.9427384931676728	26206	40
856	untuniutntrng55886	0.9427384931676728	26457	40
857	untuniutntrng55886	0.9427384931676728	26467	40
858	untuniutntrng55886	0.9427384931676726	26532	40
859	untuniutntrng55886	0.9427384931676728	26348	40
860	untuniutntrng55886	0.9427384931676728	26359	40
861	untuniutntrng55886	0.9427384931676728	26566	40
862	untuniutntrng55886	0.9427384931676728	26680	40
863	untuniutntrng55886	0.9427384931676728	26646	40
864	untuniutntrng55886	0.9427384931676728	26408	40
865	untuniutntrng55886	0.9427384931676728	26425	40
866	untuniutntrng55886	0.9427384931676728	26289	40
867	untuniutntrng55886	0.9427384931676726	26407	40
868	untuniutntrng55886	0.9427384931676728	26320	40
869	untuniutntrng55886	0.9427384931676728	26481	40
870	untuniutntrng55886	0.9427384931676728	26519	40
871	untuniutntrng55886	0.9427384931676728	26625	40
872	untuniutntrng55886	0.9427384931676728	26492	40
873	untuniutntrng55886	0.9427384931676728	26505	40
874	untuniutntrng55886	0.9427384931676728	26433	40
875	untuniutntrng55886	0.9427384931676728	26718	40
876	untuniutntrng55886	0.9427384931676728	26452	40
877	untuniutntrng55886	0.9427384931676728	26277	40
878	untuniutntrng55886	0.9427384931676728	26596	40
879	untuniutntrng55886	0.9427384931676728	26533	40
880	untuniutntrng55886	0.9427384931676728	26292	40
881	untuniutntrng55886	0.9427384931676728	26590	40
882	untuniutntrng55886	0.9427384931676728	26169	40
883	untuniutntrng55886	0.9427384931676728	26405	40
884	untuniutntrng55886	0.9427384931676728	26605	40
885	untuniutntrng55886	0.9427384931676728	26306	40
886	untuniutntrng55886	0.9427384931676728	26471	40
887	untuniutntrng55886	0.9427384931676728	26558	40
888	untuniutntrng55886	0.9427384931676728	26341	40
889	untuniutntrng55886	0.9427384931676728	26678	40
890	untuniutntrng55886	0.9427384931676728	26290	40
891	untuniutntrng55886	0.9427384931676728	26543	40
892	untuniutntrng55886	0.9427384931676728	26270	40
893	untuniutntrng55886	0.9427384931676728	26341	40
894	untuniutntrng55886	0.9427384931676728	26428	40
895	untuniutntrng55886	0.9427384931676726	26502	40
896	untuniutntrng55886	0.9427384931676728	26300	40
897	untuniutntrng55886	0.9427384931676728	26443	40
898	untuniutntrng55886	0.9427384931676728	26404	40
899	untuniutntrng55886	0.9427384931676728	26641	40
900	untuniutntrng55886	0.9995998668456396	26199	500
901	untuniutntrng55886	0.9995998668456396	26271	500
902	untuniutntrng55886	0.9995998668456396	26247	500
903	untuniutntrng55886	0.9995998668456396	26402	500
904	untuniutntrng55886	0.9995998668456396	26146	500
905	untuniutntrng55886	0.9995998668456396	26290	500
906	untuniutntrng55886	0.9995998668456396	26077	500
907	untuniutntrng55886	0.9995998668456396	26208	500
908	untuniutntrng55886	0.9995998668456396	26226	500
909	untuniutntrng55886	0.9995998668456396	26295	500
910	untuniutntrng55886	0.9995998668456396	26147	500
911	untuniutntrng55886	0.9995998668456396	26128	500
912	untuniutntrng55886	0.9995998668456396	26239	500
913	untuniutntrng55886	0.9995998668456396	26140	500
914	untuniutntrng55886	0.9995998668456396	26152	500
915	untuniutntrng55886	0.9995998668456396	26101	500
916	untuniutntrng55886	0.9995998668456396	26116	500
917	untuniutntrng55886	0.9995998668456396	25976	500
918	untuniutntrng55886	0.9995998668456396	25988	500
919	untuniutntrng55886	0.9995998668456396	26236	500
920	untuniutntrng55886	0.9995998668456396	26224	500
921	untuniutntrng55886	0.9995998668456396	26318	500
922	untuniutntrng55886	0.9995998668456396	26086	500
923	untuniutntrng55886	0.9995998668456396	26367	500
924	untuniutntrng55886	0.9995998668456396	26226	500
925	untuniutntrng55886	0.9995998668456396	26191	500
926	untuniutntrng55886	0.9995998668456396	26299	500
927	untuniutntrng55886	0.9995998668456396	26155	500
928	untuniutntrng55886	0.9995998668456396	26218	500
929	untuniutntrng55886	0.9995998668456396	26138	500
930	untuniutntrng55886	0.9995998668456396	26039	500
931	untuniutntrng55886	0.9995998668456396	26334	500
932	untuniutntrng55886	0.9995998668456396	26205	500
933	untuniutntrng55886	0.9995998668456396	26159	500
934	untuniutntrng55886	0.9995998668456396	26276	500
935	untuniutntrng55886	0.9995998668456396	26119	500
936	untuniutntrng55886	0.9995998668456396	26085	500
937	untuniutntrng55886	0.9995998668456396	26045	500
938	untuniutntrng55886	0.9995998668456396	26246	500
939	untuniutntrng55886	0.9995998668456396	26058	500
940	untuniutntrng55886	0.9995998668456396	26241	500
941	untuniutntrng55886	0.9995998668456396	26010	500
942	untuniutntrng55886	0.9995998668456396	26269	500
943	untuniutntrng55886	0.9995998668456396	26161	500
944	untuniutntrng55886	0.9995998668456396	26166	500
945	untuniutntrng55886	0.9995998668456396	26157	500
946	untuniutntrng55886	0.9995998668456396	26167	500
947	untuniutntrng55886	0.9995998668456396	25989	500
948	untuniutntrng55886	0.9995998668456396	26100	500
949	untuniutntrng55886	0.9995998668456396	26335	500
950	untuniutntrng55886	0.9995998668456396	26162	500
951	untuniutntrng55886	0.9995998668456396	26190	500
952	untuniutntrng55886	0.9995998668456396	26203	500
953	untuniutntrng55886	0.9995998668456396	26333	500
954	untuniutntrng55886	0.9995998668456396	26284	500
955	untuniutntrng55886	0.9995998668456396	26137	500
956	untuniutntrng55886	0.9995998668456396	26126	500
957	untuniutntrng55886	0.9995998668456396	26086	500
958	untuniutntrng55886	0.9995998668456396	26409	500
959	untuniutntrng55886	0.9995998668456396	26268	500
960	untuniutntrng55886	0.9995998668456396	26118	500
961	untuniutntrng55886	0.9995998668456396	26258	500
962	untuniutntrng55886	0.9995998668456396	26372	500
963	untuniutntrng55886	0.9995998668456396	26083	500
964	untuniutntrng55886	0.9995998668456396	25995	500
965	untuniutntrng55886	0.9995998668456396	26109	500
966	untuniutntrng55886	0.9995998668456396	25998	500
967	untuniutntrng55886	0.9995998668456396	26165	500
968	untuniutntrng55886	0.9995998668456396	26209	500
969	untuniutntrng55886	0.9995998668456396	26063	500
970	untuniutntrng55886	0.9995998668456396	26061	500
971	untuniutntrng55886	0.9995998668456396	26079	500
972	untuniutntrng55886	0.9995998668456396	26174	500
973	untuniutntrng55886	0.9995998668456396	26052	500
974	untuniutntrng55886	0.9995998668456396	26225	500
975	untuniutntrng55886	0.9995998668456396	25966	500
976	untuniutntrng55886	0.9995998668456396	26357	500
977	untuniutntrng55886	0.9995998668456396	26058	500
978	untuniutntrng55886	0.9995998668456396	26028	500
979	untuniutntrng55886	0.9995998668456396	26119	500
980	untuniutntrng55886	0.9995998668456396	26144	500
981	untuniutntrng55886	0.9995998668456396	26021	500
982	untuniutntrng55886	0.9995998668456396	26027	500
983	untuniutntrng55886	0.9995998668456396	26044	500
984	untuniutntrng55886	0.9995998668456396	26343	500
985	untuniutntrng55886	0.9995998668456396	26138	500
986	untuniutntrng55886	0.9995998668456396	26035	500
987	untuniutntrng55886	0.9995998668456396	26181	500
988	untuniutntrng55886	0.9995998668456396	26237	500
989	untuniutntrng55886	0.9995998668456396	26263	500
990	untuniutntrng55886	0.9995998668456396	26256	500
991	untuniutntrng55886	0.9995998668456396	26103	500
992	untuniutntrng55886	0.9995998668456396	25911	500
993	untuniutntrng55886	0.9995998668456396	26103	500
994	untuniutntrng55886	0.9995998668456396	26240	500
995	untuniutntrng55886	0.9995998668456396	25976	500
996	untuniutntrng55886	0.9995998668456396	26335	500
997	untuniutntrng55886	0.9995998668456396	26050	500
998	untuniutntrng55886	0.9995998668456396	25943	500
999	untuniutntrng55886	0.9995998668456396	26169	500
1000	untuniutntrng55886	0.9622056482703639	26389	50
1001	untuniutntrng55886	0.9622056482703639	26335	50
1002	untuniutntrng55886	0.962205648270364	26281	50
1003	untuniutntrng55886	0.9622056482703639	26236	50
1004	untuniutntrng55886	0.962205648270364	26308	50
1005	untuniutntrng55886	0.962205648270364	26384	50
1006	untuniutntrng55886	0.9622056482703639	26346	50
1007	untuniutntrng55886	0.9622056482703639	26333	50
1008	untuniutntrng55886	0.962205648270364	26302	50
1009	untuniutntrng55886	0.962205648270364	26289	50
1010	untuniutntrng55886	0.962205648270364	26447	50
1011	untuniutntrng55886	0.962205648270364	26280	50
1012	untuniutntrng55886	0.9622056482703639	26334	50
1013	untuniutntrng55886	0.962205648270364	26289	50
1014	untuniutntrng55886	0.962205648270364	26303	50
1015	untuniutntrng55886	0.9622056482703644	26223	50
1016	untuniutntrng55886	0.9622056482703639	26611	50
1017	untuniutntrng55886	0.9622056482703639	26180	50
1018	untuniutntrng55886	0.962205648270364	26266	50
1019	untuniutntrng55886	0.962205648270364	26557	50
1020	untuniutntrng55886	0.9622056482703639	26241	50
1021	untuniutntrng55886	0.9622056482703639	26277	50
1022	untuniutntrng55886	0.962205648270364	26372	50
1023	untuniutntrng55886	0.9622056482703639	26482	50
1024	untuniutntrng55886	0.962205648270364	26281	50
1025	untuniutntrng55886	0.9622056482703644	26429	50
1026	untuniutntrng55886	0.962205648270364	26261	50
1027	untuniutntrng55886	0.962205648270364	26362	50
1028	untuniutntrng55886	0.9622056482703639	26123	50
1029	untuniutntrng55886	0.962205648270364	26176	50
1030	untuniutntrng55886	0.9622056482703639	26225	50
1031	untuniutntrng55886	0.962205648270364	26264	50
1032	untuniutntrng55886	0.962205648270364	26280	50
1033	untuniutntrng55886	0.962205648270364	26407	50
1034	untuniutntrng55886	0.9622056482703639	26247	50
1035	untuniutntrng55886	0.962205648270364	26316	50
1036	untuniutntrng55886	0.9622056482703639	26316	50
1037	untuniutntrng55886	0.9622056482703639	26197	50
1038	untuniutntrng55886	0.962205648270364	26395	50
1039	untuniutntrng55886	0.9622056482703644	26330	50
1040	untuniutntrng55886	0.962205648270364	26458	50
1041	untuniutntrng55886	0.9622056482703639	26286	50
1042	untuniutntrng55886	0.962205648270364	26256	50
1043	untuniutntrng55886	0.962205648270364	26275	50
1044	untuniutntrng55886	0.9622056482703639	26404	50
1045	untuniutntrng55886	0.962205648270364	26554	50
1046	untuniutntrng55886	0.9622056482703639	26273	50
1047	untuniutntrng55886	0.962205648270364	26391	50
1048	untuniutntrng55886	0.9622056482703639	26260	50
1049	untuniutntrng55886	0.9622056482703639	26357	50
1050	untuniutntrng55886	0.9622056482703639	26250	50
1051	untuniutntrng55886	0.9622056482703639	26226	50
1052	untuniutntrng55886	0.962205648270364	26292	50
1053	untuniutntrng55886	0.962205648270364	26362	50
1054	untuniutntrng55886	0.962205648270364	26082	50
1055	untuniutntrng55886	0.9622056482703644	26610	50
1056	untuniutntrng55886	0.9622056482703639	26309	50
1057	untuniutntrng55886	0.962205648270364	26258	50
1058	untuniutntrng55886	0.9622056482703639	26387	50
1059	untuniutntrng55886	0.962205648270364	26398	50
1060	untuniutntrng55886	0.9622056482703639	26174	50
1061	untuniutntrng55886	0.9622056482703639	26123	50
1062	untuniutntrng55886	0.962205648270364	26534	50
1063	untuniutntrng55886	0.9622056482703644	26249	50
1064	untuniutntrng55886	0.962205648270364	26287	50
1065	untuniutntrng55886	0.9622056482703644	26356	50
1066	untuniutntrng55886	0.962205648270364	26498	50
1067	untuniutntrng55886	0.9622056482703639	26079	50
1068	untuniutntrng55886	0.9622056482703644	26343	50
1069	untuniutntrng55886	0.962205648270364	26350	50
1070	untuniutntrng55886	0.9622056482703639	26265	50
1071	untuniutntrng55886	0.962205648270364	26367	50
1072	untuniutntrng55886	0.9622056482703639	26096	50
1073	untuniutntrng55886	0.962205648270364	26362	50
1074	untuniutntrng55886	0.9622056482703644	26126	50
1075	untuniutntrng55886	0.9622056482703639	26414	50
1076	untuniutntrng55886	0.962205648270364	26406	50
1077	untuniutntrng55886	0.9622056482703639	26159	50
1078	untuniutntrng55886	0.962205648270364	26416	50
1079	untuniutntrng55886	0.9622056482703639	26409	50
1080	untuniutntrng55886	0.962205648270364	26487	50
1081	untuniutntrng55886	0.9622056482703639	26063	50
1082	untuniutntrng55886	0.962205648270364	26370	50
1083	untuniutntrng55886	0.962205648270364	26517	50
1084	untuniutntrng55886	0.962205648270364	26283	50
1085	untuniutntrng55886	0.962205648270364	26229	50
1086	untuniutntrng55886	0.962205648270364	26231	50
1087	untuniutntrng55886	0.962205648270364	26368	50
1088	untuniutntrng55886	0.962205648270364	26164	50
1089	untuniutntrng55886	0.962205648270364	26312	50
1090	untuniutntrng55886	0.962205648270364	26632	50
1091	untuniutntrng55886	0.962205648270364	26152	50
1092	untuniutntrng55886	0.962205648270364	26339	50
1093	untuniutntrng55886	0.962205648270364	26313	50
1094	untuniutntrng55886	0.9622056482703639	26515	50
1095	untuniutntrng55886	0.962205648270364	26073	50
1096	untuniutntrng55886	0.962205648270364	26239	50
1097	untuniutntrng55886	0.962205648270364	26168	50
1098	untuniutntrng55886	0.962205648270364	26332	50
1099	untuniutntrng55886	0.9622056482703639	26334	50
