	eta_sg0_words	eta_sg0	eta_sg0_rang	dispersion	dispersion_numeric
0	untuniutntrng55886	0.7804687499999999	1	1000/1	1000.0
1	untuniutntrng55886	0.7804687499999998	1	1000/1	1000.0
2	untuniutntrng55886	0.78046875	1	1000/1	1000.0
3	untuniutntrng55886	0.7804687499999999	1	1000/1	1000.0
4	untuniutntrng55886	0.7804687499999998	1	1000/1	1000.0
5	untuniutntrng55886	0.7804687499999999	1	1000/1	1000.0
6	untuniutntrng55886	0.7804687499999998	1	1000/1	1000.0
7	untuniutntrng55886	0.7804687499999998	1	1000/1	1000.0
8	untuniutntrng55886	0.7804687499999999	1	1000/1	1000.0
9	untuniutntrng55886	0.7804687499999999	1	1000/1	1000.0
10	untuniutntrng55886	0.7804687499999999	1	1000/1	1000.0
11	untuniutntrng55886	0.78046875	1	1000/1	1000.0
12	untuniutntrng55886	0.7804687499999999	1	1000/1	1000.0
13	untuniutntrng55886	0.78046875	1	1000/1	1000.0
14	untuniutntrng55886	0.7804687499999999	1	1000/1	1000.0
15	untuniutntrng55886	0.7804687499999999	1	1000/1	1000.0
16	untuniutntrng55886	0.7804687499999998	1	1000/1	1000.0
17	untuniutntrng55886	0.78046875	1	1000/1	1000.0
18	untuniutntrng55886	0.7804687499999998	1	1000/1	1000.0
19	untuniutntrng55886	0.78046875	1	1000/1	1000.0
20	untuniutntrng55886	0.78046875	1	1000/1	1000.0
21	untuniutntrng55886	0.7804687499999998	1	1000/1	1000.0
22	untuniutntrng55886	0.78046875	1	1000/1	1000.0
23	untuniutntrng55886	0.7804687499999999	1	1000/1	1000.0
24	untuniutntrng55886	0.7804687499999999	1	1000/1	1000.0
25	untuniutntrng55886	0.7804687499999998	1	1000/1	1000.0
26	untuniutntrng55886	0.7804687499999999	1	1000/1	1000.0
27	untuniutntrng55886	0.78046875	1	1000/1	1000.0
28	untuniutntrng55886	0.7804687499999999	1	1000/1	1000.0
29	untuniutntrng55886	0.7804687499999998	1	1000/1	1000.0
30	untuniutntrng55886	0.7804687499999999	1	1000/1	1000.0
31	untuniutntrng55886	0.7804687499999998	1	1000/1	1000.0
32	untuniutntrng55886	0.78046875	1	1000/1	1000.0
33	untuniutntrng55886	0.78046875	1	1000/1	1000.0
34	untuniutntrng55886	0.7804687499999999	1	1000/1	1000.0
35	untuniutntrng55886	0.7804687499999998	1	1000/1	1000.0
36	untuniutntrng55886	0.7804687499999998	1	1000/1	1000.0
37	untuniutntrng55886	0.7804687499999998	1	1000/1	1000.0
38	untuniutntrng55886	0.7804687499999998	1	1000/1	1000.0
39	untuniutntrng55886	0.7804687499999999	1	1000/1	1000.0
40	untuniutntrng55886	0.78046875	1	1000/1	1000.0
41	untuniutntrng55886	0.7804687499999999	1	1000/1	1000.0
42	untuniutntrng55886	0.7804687499999998	1	1000/1	1000.0
43	untuniutntrng55886	0.7804687499999998	1	1000/1	1000.0
44	untuniutntrng55886	0.7804687499999999	1	1000/1	1000.0
45	untuniutntrng55886	0.7804687499999999	1	1000/1	1000.0
46	untuniutntrng55886	0.7804687499999998	1	1000/1	1000.0
47	untuniutntrng55886	0.7804687499999999	1	1000/1	1000.0
48	untuniutntrng55886	0.7804687499999999	1	1000/1	1000.0
49	untuniutntrng55886	0.7804687499999999	1	1000/1	1000.0
50	untuniutntrng55886	0.7804687499999999	1	1000/1	1000.0
51	untuniutntrng55886	0.7804687499999999	1	1000/1	1000.0
52	untuniutntrng55886	0.78046875	1	1000/1	1000.0
53	untuniutntrng55886	0.7804687499999999	1	1000/1	1000.0
54	untuniutntrng55886	0.7804687499999998	1	1000/1	1000.0
55	untuniutntrng55886	0.78046875	1	1000/1	1000.0
56	untuniutntrng55886	0.78046875	1	1000/1	1000.0
57	untuniutntrng55886	0.7804687499999998	1	1000/1	1000.0
58	untuniutntrng55886	0.7804687499999998	1	1000/1	1000.0
59	untuniutntrng55886	0.78046875	1	1000/1	1000.0
60	untuniutntrng55886	0.7804687499999999	1	1000/1	1000.0
61	untuniutntrng55886	0.78046875	1	1000/1	1000.0
62	untuniutntrng55886	0.7804687499999999	1	1000/1	1000.0
63	untuniutntrng55886	0.7804687499999999	1	1000/1	1000.0
64	untuniutntrng55886	0.7804687499999999	1	1000/1	1000.0
65	untuniutntrng55886	0.78046875	1	1000/1	1000.0
66	untuniutntrng55886	0.7804687499999999	1	1000/1	1000.0
67	untuniutntrng55886	0.7804687499999998	1	1000/1	1000.0
68	untuniutntrng55886	0.7804687499999998	1	1000/1	1000.0
69	untuniutntrng55886	0.7804687499999998	1	1000/1	1000.0
70	untuniutntrng55886	0.7804687499999999	1	1000/1	1000.0
71	untuniutntrng55886	0.7804687499999999	1	1000/1	1000.0
72	untuniutntrng55886	0.7804687499999998	1	1000/1	1000.0
73	untuniutntrng55886	0.7804687499999998	1	1000/1	1000.0
74	untuniutntrng55886	0.7804687499999998	1	1000/1	1000.0
75	untuniutntrng55886	0.7804687499999999	1	1000/1	1000.0
76	untuniutntrng55886	0.7804687499999998	1	1000/1	1000.0
77	untuniutntrng55886	0.7804687499999999	1	1000/1	1000.0
78	untuniutntrng55886	0.78046875	1	1000/1	1000.0
79	untuniutntrng55886	0.7804687499999999	1	1000/1	1000.0
80	untuniutntrng55886	0.7804687499999998	1	1000/1	1000.0
81	untuniutntrng55886	0.7804687499999998	1	1000/1	1000.0
82	untuniutntrng55886	0.7804687499999999	1	1000/1	1000.0
83	untuniutntrng55886	0.7804687499999999	1	1000/1	1000.0
84	untuniutntrng55886	0.7804687499999998	1	1000/1	1000.0
85	untuniutntrng55886	0.7804687499999999	1	1000/1	1000.0
86	untuniutntrng55886	0.7804687499999999	1	1000/1	1000.0
87	untuniutntrng55886	0.7804687499999998	1	1000/1	1000.0
88	untuniutntrng55886	0.7804687499999998	1	1000/1	1000.0
89	untuniutntrng55886	0.78046875	1	1000/1	1000.0
90	untuniutntrng55886	0.7804687499999998	1	1000/1	1000.0
91	untuniutntrng55886	0.7804687499999999	1	1000/1	1000.0
92	untuniutntrng55886	0.7804687499999999	1	1000/1	1000.0
93	untuniutntrng55886	0.7804687499999998	1	1000/1	1000.0
94	untuniutntrng55886	0.7804687499999998	1	1000/1	1000.0
95	untuniutntrng55886	0.78046875	1	1000/1	1000.0
96	untuniutntrng55886	0.7804687499999998	1	1000/1	1000.0
97	untuniutntrng55886	0.7804687499999998	1	1000/1	1000.0
98	untuniutntrng55886	0.7804687499999998	1	1000/1	1000.0
99	untuniutntrng55886	0.7804687499999999	1	1000/1	1000.0
100	untuniutntrng55886	0.07734374999999982	18939	100/10	10.0
101	untuniutntrng55886	0.07734374999999982	19021	100/10	10.0
102	untuniutntrng55886	0.07734374999999992	19008	100/10	10.0
103	untuniutntrng55886	0.07734374999999982	18927	100/10	10.0
104	untuniutntrng55886	0.07734375000000004	18824	100/10	10.0
105	untuniutntrng55886	0.07734375000000004	18834	100/10	10.0
106	untuniutntrng55886	0.07734374999999992	18719	100/10	10.0
107	untuniutntrng55886	0.07734374999999982	18910	100/10	10.0
108	untuniutntrng55886	0.07734374999999992	18885	100/10	10.0
109	untuniutntrng55886	0.07734374999999992	18958	100/10	10.0
110	untuniutntrng55886	0.07734374999999992	18610	100/10	10.0
111	untuniutntrng55886	0.07734374999999992	18757	100/10	10.0
112	untuniutntrng55886	0.07734374999999982	18846	100/10	10.0
113	untuniutntrng55886	0.07734374999999992	18844	100/10	10.0
114	untuniutntrng55886	0.07734374999999982	19077	100/10	10.0
115	untuniutntrng55886	0.07734374999999992	18887	100/10	10.0
116	untuniutntrng55886	0.07734374999999982	18980	100/10	10.0
117	untuniutntrng55886	0.07734374999999992	18761	100/10	10.0
118	untuniutntrng55886	0.07734375000000004	18890	100/10	10.0
119	untuniutntrng55886	0.07734374999999992	19053	100/10	10.0
120	untuniutntrng55886	0.07734375000000004	18872	100/10	10.0
121	untuniutntrng55886	0.07734374999999971	18966	100/10	10.0
122	untuniutntrng55886	0.07734374999999982	18811	100/10	10.0
123	untuniutntrng55886	0.07734374999999992	18930	100/10	10.0
124	untuniutntrng55886	0.07734375000000004	18841	100/10	10.0
125	untuniutntrng55886	0.07734374999999992	18864	100/10	10.0
126	untuniutntrng55886	0.07734374999999982	18955	100/10	10.0
127	untuniutntrng55886	0.07734375000000004	19041	100/10	10.0
128	untuniutntrng55886	0.07734375000000004	18757	100/10	10.0
129	untuniutntrng55886	0.07734374999999992	18840	100/10	10.0
130	untuniutntrng55886	0.07734374999999992	18847	100/10	10.0
131	untuniutntrng55886	0.07734374999999982	18960	100/10	10.0
132	untuniutntrng55886	0.07734375000000004	18869	100/10	10.0
133	untuniutntrng55886	0.07734374999999992	18595	100/10	10.0
134	untuniutntrng55886	0.07734374999999982	18828	100/10	10.0
135	untuniutntrng55886	0.07734374999999982	18948	100/10	10.0
136	untuniutntrng55886	0.07734374999999992	18698	100/10	10.0
137	untuniutntrng55886	0.07734374999999982	18868	100/10	10.0
138	untuniutntrng55886	0.07734374999999992	18802	100/10	10.0
139	untuniutntrng55886	0.07734374999999982	18906	100/10	10.0
140	untuniutntrng55886	0.07734374999999992	18910	100/10	10.0
141	untuniutntrng55886	0.07734374999999992	18877	100/10	10.0
142	untuniutntrng55886	0.07734374999999992	18809	100/10	10.0
143	untuniutntrng55886	0.07734374999999992	18809	100/10	10.0
144	untuniutntrng55886	0.07734374999999982	18906	100/10	10.0
145	untuniutntrng55886	0.07734375000000004	18999	100/10	10.0
146	untuniutntrng55886	0.07734374999999982	18957	100/10	10.0
147	untuniutntrng55886	0.07734374999999982	18784	100/10	10.0
148	untuniutntrng55886	0.07734375000000004	19047	100/10	10.0
149	untuniutntrng55886	0.07734374999999992	18936	100/10	10.0
150	untuniutntrng55886	0.07734374999999992	18901	100/10	10.0
151	untuniutntrng55886	0.07734374999999982	18896	100/10	10.0
152	untuniutntrng55886	0.07734374999999992	18944	100/10	10.0
153	untuniutntrng55886	0.07734374999999982	18947	100/10	10.0
154	untuniutntrng55886	0.07734374999999982	18886	100/10	10.0
155	untuniutntrng55886	0.07734374999999992	18608	100/10	10.0
156	untuniutntrng55886	0.07734374999999982	18977	100/10	10.0
157	untuniutntrng55886	0.07734374999999992	18818	100/10	10.0
158	untuniutntrng55886	0.07734375000000004	18811	100/10	10.0
159	untuniutntrng55886	0.07734374999999982	18918	100/10	10.0
160	untuniutntrng55886	0.07734374999999992	19032	100/10	10.0
161	untuniutntrng55886	0.07734374999999992	18928	100/10	10.0
162	untuniutntrng55886	0.07734374999999982	18819	100/10	10.0
163	untuniutntrng55886	0.07734374999999982	18952	100/10	10.0
164	untuniutntrng55886	0.07734374999999992	18878	100/10	10.0
165	untuniutntrng55886	0.07734375000000004	18700	100/10	10.0
166	untuniutntrng55886	0.07734375000000004	19040	100/10	10.0
167	untuniutntrng55886	0.07734374999999982	19015	100/10	10.0
168	untuniutntrng55886	0.07734374999999992	18747	100/10	10.0
169	untuniutntrng55886	0.07734374999999992	18905	100/10	10.0
170	untuniutntrng55886	0.07734374999999992	18589	100/10	10.0
171	untuniutntrng55886	0.07734374999999992	19049	100/10	10.0
172	untuniutntrng55886	0.07734374999999992	18898	100/10	10.0
173	untuniutntrng55886	0.07734374999999992	18810	100/10	10.0
174	untuniutntrng55886	0.07734374999999992	19010	100/10	10.0
175	untuniutntrng55886	0.07734374999999982	18854	100/10	10.0
176	untuniutntrng55886	0.07734374999999992	18810	100/10	10.0
177	untuniutntrng55886	0.07734374999999992	18809	100/10	10.0
178	untuniutntrng55886	0.07734374999999982	18860	100/10	10.0
179	untuniutntrng55886	0.07734374999999992	18936	100/10	10.0
180	untuniutntrng55886	0.07734374999999992	18797	100/10	10.0
181	untuniutntrng55886	0.07734375000000004	18734	100/10	10.0
182	untuniutntrng55886	0.07734374999999992	18838	100/10	10.0
183	untuniutntrng55886	0.07734374999999992	18984	100/10	10.0
184	untuniutntrng55886	0.07734374999999992	19015	100/10	10.0
185	untuniutntrng55886	0.07734374999999982	18935	100/10	10.0
186	untuniutntrng55886	0.07734374999999982	19000	100/10	10.0
187	untuniutntrng55886	0.07734374999999982	19081	100/10	10.0
188	untuniutntrng55886	0.07734374999999992	18878	100/10	10.0
189	untuniutntrng55886	0.07734374999999982	19097	100/10	10.0
190	untuniutntrng55886	0.07734374999999982	18983	100/10	10.0
191	untuniutntrng55886	0.07734374999999992	18856	100/10	10.0
192	untuniutntrng55886	0.07734374999999982	18864	100/10	10.0
193	untuniutntrng55886	0.07734374999999992	18896	100/10	10.0
194	untuniutntrng55886	0.07734374999999982	18862	100/10	10.0
195	untuniutntrng55886	0.07734374999999982	18863	100/10	10.0
196	untuniutntrng55886	0.07734374999999992	18795	100/10	10.0
197	untuniutntrng55886	0.07734375000000004	18948	100/10	10.0
198	untuniutntrng55886	0.07734375000000004	18801	100/10	10.0
199	untuniutntrng55886	0.07734374999999992	18961	100/10	10.0
200	untuniutntrng55886	0.0070312500000000435	21930	10/100	0.1
201	untuniutntrng55886	0.0070312500000000435	22091	10/100	0.1
202	untuniutntrng55886	0.0070312499999998215	22394	10/100	0.1
203	untuniutntrng55886	0.0070312499999999325	22170	10/100	0.1
204	untuniutntrng55886	0.0070312499999999325	22274	10/100	0.1
205	untuniutntrng55886	0.0070312499999999325	22003	10/100	0.1
206	untuniutntrng55886	0.0070312499999998215	22074	10/100	0.1
207	untuniutntrng55886	0.0070312499999998215	22298	10/100	0.1
208	untuniutntrng55886	0.0070312499999999325	22064	10/100	0.1
209	untuniutntrng55886	0.0070312499999998215	22259	10/100	0.1
210	untuniutntrng55886	0.0070312499999999325	22254	10/100	0.1
211	untuniutntrng55886	0.0070312499999999325	22079	10/100	0.1
212	untuniutntrng55886	0.0070312500000000435	21809	10/100	0.1
213	untuniutntrng55886	0.0070312499999998215	22107	10/100	0.1
214	untuniutntrng55886	0.0070312499999999325	22241	10/100	0.1
215	untuniutntrng55886	0.0070312499999999325	22149	10/100	0.1
216	untuniutntrng55886	0.0070312499999999325	22369	10/100	0.1
217	untuniutntrng55886	0.0070312499999999325	22130	10/100	0.1
218	untuniutntrng55886	0.0070312500000000435	22050	10/100	0.1
219	untuniutntrng55886	0.0070312499999998215	22122	10/100	0.1
220	untuniutntrng55886	0.0070312499999998215	22141	10/100	0.1
221	untuniutntrng55886	0.0070312499999999325	22145	10/100	0.1
222	untuniutntrng55886	0.0070312499999999325	22099	10/100	0.1
223	untuniutntrng55886	0.0070312500000000435	21733	10/100	0.1
224	untuniutntrng55886	0.0070312499999998215	22232	10/100	0.1
225	untuniutntrng55886	0.0070312499999999325	22006	10/100	0.1
226	untuniutntrng55886	0.0070312500000000435	21967	10/100	0.1
227	untuniutntrng55886	0.0070312499999999325	22017	10/100	0.1
228	untuniutntrng55886	0.0070312499999999325	22080	10/100	0.1
229	untuniutntrng55886	0.0070312500000000435	22024	10/100	0.1
230	untuniutntrng55886	0.0070312499999999325	22278	10/100	0.1
231	untuniutntrng55886	0.0070312499999999325	22162	10/100	0.1
232	untuniutntrng55886	0.0070312500000000435	21855	10/100	0.1
233	untuniutntrng55886	0.0070312500000000435	21879	10/100	0.1
234	untuniutntrng55886	0.0070312499999999325	21916	10/100	0.1
235	untuniutntrng55886	0.0070312499999999325	21950	10/100	0.1
236	untuniutntrng55886	0.0070312499999999325	21965	10/100	0.1
237	untuniutntrng55886	0.0070312499999999325	22087	10/100	0.1
238	untuniutntrng55886	0.0070312499999999325	22242	10/100	0.1
239	untuniutntrng55886	0.0070312499999999325	22127	10/100	0.1
240	untuniutntrng55886	0.0070312499999999325	22158	10/100	0.1
241	untuniutntrng55886	0.0070312499999999325	22288	10/100	0.1
242	untuniutntrng55886	0.0070312499999999325	22032	10/100	0.1
243	untuniutntrng55886	0.0070312499999998215	22443	10/100	0.1
244	untuniutntrng55886	0.0070312500000000435	21974	10/100	0.1
245	untuniutntrng55886	0.0070312499999999325	22045	10/100	0.1
246	untuniutntrng55886	0.0070312500000000435	21710	10/100	0.1
247	untuniutntrng55886	0.0070312500000000435	21822	10/100	0.1
248	untuniutntrng55886	0.0070312499999999325	22271	10/100	0.1
249	untuniutntrng55886	0.0070312499999999325	22417	10/100	0.1
250	untuniutntrng55886	0.0070312499999999325	22022	10/100	0.1
251	untuniutntrng55886	0.0070312499999998215	22269	10/100	0.1
252	untuniutntrng55886	0.0070312500000000435	21983	10/100	0.1
253	untuniutntrng55886	0.0070312500000000435	21846	10/100	0.1
254	untuniutntrng55886	0.0070312499999998215	22286	10/100	0.1
255	untuniutntrng55886	0.0070312499999999325	22117	10/100	0.1
256	untuniutntrng55886	0.0070312499999998215	22175	10/100	0.1
257	untuniutntrng55886	0.0070312499999998215	22425	10/100	0.1
258	untuniutntrng55886	0.0070312500000000435	22029	10/100	0.1
259	untuniutntrng55886	0.0070312500000000435	22123	10/100	0.1
260	untuniutntrng55886	0.0070312499999998215	22005	10/100	0.1
261	untuniutntrng55886	0.0070312499999998215	22141	10/100	0.1
262	untuniutntrng55886	0.0070312499999999325	22145	10/100	0.1
263	untuniutntrng55886	0.0070312499999999325	22285	10/100	0.1
264	untuniutntrng55886	0.0070312499999999325	22170	10/100	0.1
265	untuniutntrng55886	0.0070312499999998215	22290	10/100	0.1
266	untuniutntrng55886	0.0070312499999999325	21983	10/100	0.1
267	untuniutntrng55886	0.0070312500000000435	21844	10/100	0.1
268	untuniutntrng55886	0.0070312499999999325	21999	10/100	0.1
269	untuniutntrng55886	0.0070312499999999325	22221	10/100	0.1
270	untuniutntrng55886	0.0070312499999999325	22255	10/100	0.1
271	untuniutntrng55886	0.0070312499999999325	21998	10/100	0.1
272	untuniutntrng55886	0.007031249999999711	22446	10/100	0.1
273	untuniutntrng55886	0.0070312500000000435	21838	10/100	0.1
274	untuniutntrng55886	0.0070312500000000435	22002	10/100	0.1
275	untuniutntrng55886	0.0070312499999999325	22108	10/100	0.1
276	untuniutntrng55886	0.007031249999999711	22379	10/100	0.1
277	untuniutntrng55886	0.0070312499999999325	22194	10/100	0.1
278	untuniutntrng55886	0.0070312499999999325	22043	10/100	0.1
279	untuniutntrng55886	0.0070312499999999325	22098	10/100	0.1
280	untuniutntrng55886	0.0070312499999998215	22068	10/100	0.1
281	untuniutntrng55886	0.0070312499999998215	22094	10/100	0.1
282	untuniutntrng55886	0.0070312499999999325	22227	10/100	0.1
283	untuniutntrng55886	0.0070312499999999325	22328	10/100	0.1
284	untuniutntrng55886	0.0070312499999998215	22249	10/100	0.1
285	untuniutntrng55886	0.0070312500000000435	21918	10/100	0.1
286	untuniutntrng55886	0.0070312500000000435	21986	10/100	0.1
287	untuniutntrng55886	0.0070312499999999325	22239	10/100	0.1
288	untuniutntrng55886	0.0070312500000000435	22000	10/100	0.1
289	untuniutntrng55886	0.0070312499999999325	22110	10/100	0.1
290	untuniutntrng55886	0.0070312499999998215	22127	10/100	0.1
291	untuniutntrng55886	0.0070312499999998215	22183	10/100	0.1
292	untuniutntrng55886	0.0070312499999999325	22122	10/100	0.1
293	untuniutntrng55886	0.0070312499999998215	22036	10/100	0.1
294	untuniutntrng55886	0.0070312500000000435	21783	10/100	0.1
295	untuniutntrng55886	0.0070312499999998215	22204	10/100	0.1
296	untuniutntrng55886	0.0070312499999999325	22231	10/100	0.1
297	untuniutntrng55886	0.0070312500000000435	21935	10/100	0.1
298	untuniutntrng55886	0.0070312499999998215	22306	10/100	0.1
299	untuniutntrng55886	0.0070312499999999325	22301	10/100	0.1
300	untuniutntrng55886	-1.1102230246251563e-16	52006	1/1000	0.001
301	untuniutntrng55886	-0.0	51104	1/1000	0.001
302	untuniutntrng55886	-0.0	46747	1/1000	0.001
303	untuniutntrng55886	-0.0	50932	1/1000	0.001
304	untuniutntrng55886	1.1102230246251563e-16	44304	1/1000	0.001
305	untuniutntrng55886	-0.0	47019	1/1000	0.001
306	untuniutntrng55886	1.1102230246251563e-16	44671	1/1000	0.001
307	untuniutntrng55886	-1.1102230246251563e-16	52705	1/1000	0.001
308	untuniutntrng55886	-0.0	47434	1/1000	0.001
309	untuniutntrng55886	2.220446049250313e-16	42373	1/1000	0.001
310	untuniutntrng55886	-0.0	47077	1/1000	0.001
311	untuniutntrng55886	-0.0	49842	1/1000	0.001
312	untuniutntrng55886	-0.0	48903	1/1000	0.001
313	untuniutntrng55886	-0.0	51105	1/1000	0.001
314	untuniutntrng55886	-0.0	48671	1/1000	0.001
315	untuniutntrng55886	-0.0	49213	1/1000	0.001
316	untuniutntrng55886	-1.1102230246251563e-16	52699	1/1000	0.001
317	untuniutntrng55886	-0.0	50237	1/1000	0.001
318	untuniutntrng55886	-1.1102230246251563e-16	51319	1/1000	0.001
319	untuniutntrng55886	-0.0	49930	1/1000	0.001
320	untuniutntrng55886	-0.0	49388	1/1000	0.001
321	untuniutntrng55886	-1.1102230246251563e-16	53874	1/1000	0.001
322	untuniutntrng55886	-0.0	47460	1/1000	0.001
323	untuniutntrng55886	-1.1102230246251563e-16	53034	1/1000	0.001
324	untuniutntrng55886	-1.1102230246251563e-16	52502	1/1000	0.001
325	untuniutntrng55886	-0.0	46589	1/1000	0.001
326	untuniutntrng55886	-0.0	48913	1/1000	0.001
327	untuniutntrng55886	-0.0	50504	1/1000	0.001
328	untuniutntrng55886	-1.1102230246251563e-16	53507	1/1000	0.001
329	untuniutntrng55886	-2.220446049250313e-16	54282	1/1000	0.001
330	untuniutntrng55886	-0.0	46028	1/1000	0.001
331	untuniutntrng55886	2.220446049250313e-16	42351	1/1000	0.001
332	untuniutntrng55886	1.1102230246251563e-16	45123	1/1000	0.001
333	untuniutntrng55886	-1.1102230246251563e-16	51991	1/1000	0.001
334	untuniutntrng55886	-0.0	45656	1/1000	0.001
335	untuniutntrng55886	1.1102230246251563e-16	43974	1/1000	0.001
336	untuniutntrng55886	-1.1102230246251563e-16	53021	1/1000	0.001
337	untuniutntrng55886	1.1102230246251563e-16	45197	1/1000	0.001
338	untuniutntrng55886	-1.1102230246251563e-16	52916	1/1000	0.001
339	untuniutntrng55886	-0.0	49031	1/1000	0.001
340	untuniutntrng55886	-0.0	49509	1/1000	0.001
341	untuniutntrng55886	1.1102230246251563e-16	45521	1/1000	0.001
342	untuniutntrng55886	1.1102230246251563e-16	43401	1/1000	0.001
343	untuniutntrng55886	-0.0	46820	1/1000	0.001
344	untuniutntrng55886	1.1102230246251563e-16	43912	1/1000	0.001
345	untuniutntrng55886	-1.1102230246251563e-16	53733	1/1000	0.001
346	untuniutntrng55886	1.1102230246251563e-16	45140	1/1000	0.001
347	untuniutntrng55886	-0.0	47173	1/1000	0.001
348	untuniutntrng55886	-1.1102230246251563e-16	51190	1/1000	0.001
349	untuniutntrng55886	-1.1102230246251563e-16	52750	1/1000	0.001
350	untuniutntrng55886	-0.0	46302	1/1000	0.001
351	untuniutntrng55886	-0.0	50508	1/1000	0.001
352	untuniutntrng55886	-0.0	49346	1/1000	0.001
353	untuniutntrng55886	-0.0	49746	1/1000	0.001
354	untuniutntrng55886	2.220446049250313e-16	42901	1/1000	0.001
355	untuniutntrng55886	-0.0	50340	1/1000	0.001
356	untuniutntrng55886	-1.1102230246251563e-16	51817	1/1000	0.001
357	untuniutntrng55886	-1.1102230246251563e-16	52515	1/1000	0.001
358	untuniutntrng55886	-0.0	47675	1/1000	0.001
359	untuniutntrng55886	1.1102230246251563e-16	44089	1/1000	0.001
360	untuniutntrng55886	-0.0	47487	1/1000	0.001
361	untuniutntrng55886	-0.0	46649	1/1000	0.001
362	untuniutntrng55886	1.1102230246251563e-16	43283	1/1000	0.001
363	untuniutntrng55886	-1.1102230246251563e-16	53701	1/1000	0.001
364	untuniutntrng55886	-1.1102230246251563e-16	53272	1/1000	0.001
365	untuniutntrng55886	-1.1102230246251563e-16	52387	1/1000	0.001
366	untuniutntrng55886	-0.0	50542	1/1000	0.001
367	untuniutntrng55886	2.220446049250313e-16	42384	1/1000	0.001
368	untuniutntrng55886	-0.0	50735	1/1000	0.001
369	untuniutntrng55886	1.1102230246251563e-16	43299	1/1000	0.001
370	untuniutntrng55886	1.1102230246251563e-16	43492	1/1000	0.001
371	untuniutntrng55886	1.1102230246251563e-16	43505	1/1000	0.001
372	untuniutntrng55886	-1.1102230246251563e-16	53240	1/1000	0.001
373	untuniutntrng55886	1.1102230246251563e-16	45253	1/1000	0.001
374	untuniutntrng55886	1.1102230246251563e-16	42784	1/1000	0.001
375	untuniutntrng55886	-0.0	50232	1/1000	0.001
376	untuniutntrng55886	-0.0	46629	1/1000	0.001
377	untuniutntrng55886	-0.0	46819	1/1000	0.001
378	untuniutntrng55886	2.220446049250313e-16	42918	1/1000	0.001
379	untuniutntrng55886	-0.0	46216	1/1000	0.001
380	untuniutntrng55886	1.1102230246251563e-16	45108	1/1000	0.001
381	untuniutntrng55886	-0.0	46189	1/1000	0.001
382	untuniutntrng55886	-1.1102230246251563e-16	52512	1/1000	0.001
383	untuniutntrng55886	1.1102230246251563e-16	44852	1/1000	0.001
384	untuniutntrng55886	-0.0	48423	1/1000	0.001
385	untuniutntrng55886	-1.1102230246251563e-16	53188	1/1000	0.001
386	untuniutntrng55886	-2.220446049250313e-16	54788	1/1000	0.001
387	untuniutntrng55886	-1.1102230246251563e-16	53088	1/1000	0.001
388	untuniutntrng55886	-0.0	48582	1/1000	0.001
389	untuniutntrng55886	-1.1102230246251563e-16	52261	1/1000	0.001
390	untuniutntrng55886	-0.0	50219	1/1000	0.001
391	untuniutntrng55886	-0.0	46330	1/1000	0.001
392	untuniutntrng55886	-1.1102230246251563e-16	53816	1/1000	0.001
393	untuniutntrng55886	1.1102230246251563e-16	43624	1/1000	0.001
394	untuniutntrng55886	-1.1102230246251563e-16	51492	1/1000	0.001
395	untuniutntrng55886	1.1102230246251563e-16	42786	1/1000	0.001
396	untuniutntrng55886	-0.0	48820	1/1000	0.001
397	untuniutntrng55886	-0.0	47853	1/1000	0.001
398	untuniutntrng55886	-0.0	49293	1/1000	0.001
399	untuniutntrng55886	-0.0	48157	1/1000	0.001
400	untuniutntrng55886	0.1554687499999997	19058	200/5	40.0
401	untuniutntrng55886	0.15546874999999993	18870	200/5	40.0
402	untuniutntrng55886	0.1554687499999996	18738	200/5	40.0
403	untuniutntrng55886	0.15546874999999982	18946	200/5	40.0
404	untuniutntrng55886	0.1554687499999996	18842	200/5	40.0
405	untuniutntrng55886	0.1554687499999997	19107	200/5	40.0
406	untuniutntrng55886	0.1554687499999996	18685	200/5	40.0
407	untuniutntrng55886	0.15546874999999982	18868	200/5	40.0
408	untuniutntrng55886	0.1554687499999996	18915	200/5	40.0
409	untuniutntrng55886	0.1554687499999997	18866	200/5	40.0
410	untuniutntrng55886	0.1554687499999996	18791	200/5	40.0
411	untuniutntrng55886	0.15546874999999993	18853	200/5	40.0
412	untuniutntrng55886	0.1554687499999996	18847	200/5	40.0
413	untuniutntrng55886	0.1554687499999997	18652	200/5	40.0
414	untuniutntrng55886	0.15546874999999982	18954	200/5	40.0
415	untuniutntrng55886	0.15546874999999993	18939	200/5	40.0
416	untuniutntrng55886	0.15546874999999993	19001	200/5	40.0
417	untuniutntrng55886	0.1554687499999997	18939	200/5	40.0
418	untuniutntrng55886	0.1554687499999996	19087	200/5	40.0
419	untuniutntrng55886	0.1554687499999997	18950	200/5	40.0
420	untuniutntrng55886	0.1554687499999997	18859	200/5	40.0
421	untuniutntrng55886	0.1554687499999997	18971	200/5	40.0
422	untuniutntrng55886	0.1554687499999997	18913	200/5	40.0
423	untuniutntrng55886	0.15546874999999993	18872	200/5	40.0
424	untuniutntrng55886	0.15546874999999982	19044	200/5	40.0
425	untuniutntrng55886	0.15546874999999982	18797	200/5	40.0
426	untuniutntrng55886	0.1554687499999997	18924	200/5	40.0
427	untuniutntrng55886	0.1554687499999997	18907	200/5	40.0
428	untuniutntrng55886	0.1554687499999996	19009	200/5	40.0
429	untuniutntrng55886	0.15546874999999982	18916	200/5	40.0
430	untuniutntrng55886	0.15546874999999993	18941	200/5	40.0
431	untuniutntrng55886	0.15546874999999982	18836	200/5	40.0
432	untuniutntrng55886	0.15546874999999993	19027	200/5	40.0
433	untuniutntrng55886	0.15546874999999982	18952	200/5	40.0
434	untuniutntrng55886	0.15546874999999982	18817	200/5	40.0
435	untuniutntrng55886	0.15546874999999982	18938	200/5	40.0
436	untuniutntrng55886	0.15546874999999993	18905	200/5	40.0
437	untuniutntrng55886	0.15546874999999982	18794	200/5	40.0
438	untuniutntrng55886	0.1554687499999996	18964	200/5	40.0
439	untuniutntrng55886	0.15546874999999982	18933	200/5	40.0
440	untuniutntrng55886	0.1554687499999997	18931	200/5	40.0
441	untuniutntrng55886	0.1554687499999996	18994	200/5	40.0
442	untuniutntrng55886	0.15546874999999982	19103	200/5	40.0
443	untuniutntrng55886	0.1554687499999997	18764	200/5	40.0
444	untuniutntrng55886	0.1554687499999997	18818	200/5	40.0
445	untuniutntrng55886	0.15546874999999982	18920	200/5	40.0
446	untuniutntrng55886	0.15546874999999982	18843	200/5	40.0
447	untuniutntrng55886	0.1554687499999997	19081	200/5	40.0
448	untuniutntrng55886	0.1554687499999997	18781	200/5	40.0
449	untuniutntrng55886	0.15546874999999982	18866	200/5	40.0
450	untuniutntrng55886	0.1554687499999997	18764	200/5	40.0
451	untuniutntrng55886	0.15546874999999982	18724	200/5	40.0
452	untuniutntrng55886	0.1554687499999997	18936	200/5	40.0
453	untuniutntrng55886	0.15546874999999982	19058	200/5	40.0
454	untuniutntrng55886	0.15546874999999982	18850	200/5	40.0
455	untuniutntrng55886	0.15546874999999982	18859	200/5	40.0
456	untuniutntrng55886	0.1554687499999997	19112	200/5	40.0
457	untuniutntrng55886	0.1554687499999997	18763	200/5	40.0
458	untuniutntrng55886	0.15546874999999982	18831	200/5	40.0
459	untuniutntrng55886	0.1554687499999997	18984	200/5	40.0
460	untuniutntrng55886	0.1554687499999997	18859	200/5	40.0
461	untuniutntrng55886	0.1554687499999997	19018	200/5	40.0
462	untuniutntrng55886	0.1554687499999997	18851	200/5	40.0
463	untuniutntrng55886	0.1554687499999997	18925	200/5	40.0
464	untuniutntrng55886	0.15546874999999982	18804	200/5	40.0
465	untuniutntrng55886	0.1554687499999997	18924	200/5	40.0
466	untuniutntrng55886	0.1554687499999997	18982	200/5	40.0
467	untuniutntrng55886	0.1554687499999997	18946	200/5	40.0
468	untuniutntrng55886	0.1554687499999996	19046	200/5	40.0
469	untuniutntrng55886	0.15546875000000004	18859	200/5	40.0
470	untuniutntrng55886	0.1554687499999997	18958	200/5	40.0
471	untuniutntrng55886	0.1554687499999997	18782	200/5	40.0
472	untuniutntrng55886	0.1554687499999997	19090	200/5	40.0
473	untuniutntrng55886	0.1554687499999997	18977	200/5	40.0
474	untuniutntrng55886	0.1554687499999997	18991	200/5	40.0
475	untuniutntrng55886	0.1554687499999997	18911	200/5	40.0
476	untuniutntrng55886	0.15546874999999993	18904	200/5	40.0
477	untuniutntrng55886	0.1554687499999996	18819	200/5	40.0
478	untuniutntrng55886	0.15546874999999982	19035	200/5	40.0
479	untuniutntrng55886	0.15546874999999982	18797	200/5	40.0
480	untuniutntrng55886	0.15546874999999982	18942	200/5	40.0
481	untuniutntrng55886	0.15546874999999982	18865	200/5	40.0
482	untuniutntrng55886	0.1554687499999997	18923	200/5	40.0
483	untuniutntrng55886	0.15546874999999993	18911	200/5	40.0
484	untuniutntrng55886	0.1554687499999997	18994	200/5	40.0
485	untuniutntrng55886	0.1554687499999996	18783	200/5	40.0
486	untuniutntrng55886	0.1554687499999997	18723	200/5	40.0
487	untuniutntrng55886	0.1554687499999996	18849	200/5	40.0
488	untuniutntrng55886	0.15546874999999982	18939	200/5	40.0
489	untuniutntrng55886	0.15546874999999982	19112	200/5	40.0
490	untuniutntrng55886	0.1554687499999997	18900	200/5	40.0
491	untuniutntrng55886	0.1554687499999997	18825	200/5	40.0
492	untuniutntrng55886	0.1554687499999997	18953	200/5	40.0
493	untuniutntrng55886	0.15546874999999982	18878	200/5	40.0
494	untuniutntrng55886	0.1554687499999996	18870	200/5	40.0
495	untuniutntrng55886	0.1554687499999996	19025	200/5	40.0
496	untuniutntrng55886	0.1554687499999996	18929	200/5	40.0
497	untuniutntrng55886	0.15546874999999982	18886	200/5	40.0
498	untuniutntrng55886	0.1554687499999997	19066	200/5	40.0
499	untuniutntrng55886	0.1554687499999997	18997	200/5	40.0
500	untuniutntrng55886	0.014843750000000155	19464	20/50	0.4
501	untuniutntrng55886	0.014843749999999822	19830	20/50	0.4
502	untuniutntrng55886	0.014843750000000155	19856	20/50	0.4
503	untuniutntrng55886	0.014843749999999932	19681	20/50	0.4
504	untuniutntrng55886	0.014843750000000044	19713	20/50	0.4
505	untuniutntrng55886	0.014843750000000044	19617	20/50	0.4
506	untuniutntrng55886	0.014843750000000266	19621	20/50	0.4
507	untuniutntrng55886	0.014843749999999822	19890	20/50	0.4
508	untuniutntrng55886	0.014843750000000044	19805	20/50	0.4
509	untuniutntrng55886	0.014843750000000044	19709	20/50	0.4
510	untuniutntrng55886	0.014843750000000044	19696	20/50	0.4
511	untuniutntrng55886	0.014843750000000044	19814	20/50	0.4
512	untuniutntrng55886	0.014843750000000044	19698	20/50	0.4
513	untuniutntrng55886	0.014843750000000155	19803	20/50	0.4
514	untuniutntrng55886	0.014843749999999932	19794	20/50	0.4
515	untuniutntrng55886	0.014843750000000044	19696	20/50	0.4
516	untuniutntrng55886	0.014843750000000155	19576	20/50	0.4
517	untuniutntrng55886	0.014843749999999822	19689	20/50	0.4
518	untuniutntrng55886	0.014843750000000155	19607	20/50	0.4
519	untuniutntrng55886	0.014843749999999932	19563	20/50	0.4
520	untuniutntrng55886	0.014843750000000044	19984	20/50	0.4
521	untuniutntrng55886	0.014843750000000266	19701	20/50	0.4
522	untuniutntrng55886	0.014843750000000044	19725	20/50	0.4
523	untuniutntrng55886	0.014843750000000155	19750	20/50	0.4
524	untuniutntrng55886	0.014843750000000044	19425	20/50	0.4
525	untuniutntrng55886	0.014843749999999932	19788	20/50	0.4
526	untuniutntrng55886	0.014843750000000044	19694	20/50	0.4
527	untuniutntrng55886	0.014843750000000155	19696	20/50	0.4
528	untuniutntrng55886	0.014843750000000044	19754	20/50	0.4
529	untuniutntrng55886	0.014843750000000044	19972	20/50	0.4
530	untuniutntrng55886	0.014843750000000044	19717	20/50	0.4
531	untuniutntrng55886	0.014843750000000155	19645	20/50	0.4
532	untuniutntrng55886	0.014843749999999932	19685	20/50	0.4
533	untuniutntrng55886	0.014843749999999932	19712	20/50	0.4
534	untuniutntrng55886	0.014843749999999932	19931	20/50	0.4
535	untuniutntrng55886	0.014843750000000044	19561	20/50	0.4
536	untuniutntrng55886	0.014843750000000044	19762	20/50	0.4
537	untuniutntrng55886	0.014843750000000155	19610	20/50	0.4
538	untuniutntrng55886	0.014843749999999932	19714	20/50	0.4
539	untuniutntrng55886	0.014843750000000044	19675	20/50	0.4
540	untuniutntrng55886	0.014843750000000044	19559	20/50	0.4
541	untuniutntrng55886	0.014843750000000044	19507	20/50	0.4
542	untuniutntrng55886	0.014843750000000044	19670	20/50	0.4
543	untuniutntrng55886	0.014843750000000044	19928	20/50	0.4
544	untuniutntrng55886	0.014843750000000266	19690	20/50	0.4
545	untuniutntrng55886	0.014843749999999932	19644	20/50	0.4
546	untuniutntrng55886	0.014843750000000044	19780	20/50	0.4
547	untuniutntrng55886	0.014843750000000044	19784	20/50	0.4
548	untuniutntrng55886	0.014843750000000155	19733	20/50	0.4
549	untuniutntrng55886	0.014843749999999932	19676	20/50	0.4
550	untuniutntrng55886	0.014843749999999932	19824	20/50	0.4
551	untuniutntrng55886	0.014843750000000155	19839	20/50	0.4
552	untuniutntrng55886	0.014843750000000155	19636	20/50	0.4
553	untuniutntrng55886	0.014843750000000155	19668	20/50	0.4
554	untuniutntrng55886	0.014843750000000155	19642	20/50	0.4
555	untuniutntrng55886	0.014843750000000155	19841	20/50	0.4
556	untuniutntrng55886	0.014843749999999932	19625	20/50	0.4
557	untuniutntrng55886	0.014843750000000155	19647	20/50	0.4
558	untuniutntrng55886	0.014843749999999932	19751	20/50	0.4
559	untuniutntrng55886	0.014843750000000155	19825	20/50	0.4
560	untuniutntrng55886	0.014843749999999932	19618	20/50	0.4
561	untuniutntrng55886	0.014843749999999932	19779	20/50	0.4
562	untuniutntrng55886	0.014843749999999932	19746	20/50	0.4
563	untuniutntrng55886	0.014843749999999932	19773	20/50	0.4
564	untuniutntrng55886	0.014843750000000044	19706	20/50	0.4
565	untuniutntrng55886	0.014843750000000044	19714	20/50	0.4
566	untuniutntrng55886	0.014843749999999932	19679	20/50	0.4
567	untuniutntrng55886	0.014843750000000266	19725	20/50	0.4
568	untuniutntrng55886	0.014843749999999932	19755	20/50	0.4
569	untuniutntrng55886	0.014843749999999932	19427	20/50	0.4
570	untuniutntrng55886	0.014843750000000155	19940	20/50	0.4
571	untuniutntrng55886	0.014843750000000155	19774	20/50	0.4
572	untuniutntrng55886	0.014843750000000155	19738	20/50	0.4
573	untuniutntrng55886	0.014843750000000044	19671	20/50	0.4
574	untuniutntrng55886	0.014843750000000044	19627	20/50	0.4
575	untuniutntrng55886	0.014843750000000155	19729	20/50	0.4
576	untuniutntrng55886	0.014843750000000155	19785	20/50	0.4
577	untuniutntrng55886	0.014843749999999932	19659	20/50	0.4
578	untuniutntrng55886	0.014843750000000044	19724	20/50	0.4
579	untuniutntrng55886	0.014843749999999932	19820	20/50	0.4
580	untuniutntrng55886	0.014843750000000044	19777	20/50	0.4
581	untuniutntrng55886	0.014843749999999932	19693	20/50	0.4
582	untuniutntrng55886	0.014843750000000044	19584	20/50	0.4
583	untuniutntrng55886	0.014843749999999932	19649	20/50	0.4
584	untuniutntrng55886	0.014843749999999932	19840	20/50	0.4
585	untuniutntrng55886	0.014843749999999932	19657	20/50	0.4
586	untuniutntrng55886	0.014843750000000044	19831	20/50	0.4
587	untuniutntrng55886	0.014843749999999822	19705	20/50	0.4
588	untuniutntrng55886	0.014843750000000044	19842	20/50	0.4
589	untuniutntrng55886	0.014843750000000044	19805	20/50	0.4
590	untuniutntrng55886	0.014843749999999932	19713	20/50	0.4
591	untuniutntrng55886	0.014843750000000155	19552	20/50	0.4
592	untuniutntrng55886	0.014843750000000155	19653	20/50	0.4
593	untuniutntrng55886	0.014843750000000044	19527	20/50	0.4
594	untuniutntrng55886	0.014843750000000044	19752	20/50	0.4
595	untuniutntrng55886	0.014843750000000044	19650	20/50	0.4
596	untuniutntrng55886	0.014843749999999932	19600	20/50	0.4
597	untuniutntrng55886	0.014843750000000155	19622	20/50	0.4
598	untuniutntrng55886	0.014843750000000044	19811	20/50	0.4
599	untuniutntrng55886	0.014843749999999932	19785	20/50	0.4
600	untuniutntrng55886	0.0007812499999999558	38853	2/500	0.004
601	untuniutntrng55886	0.0007812500000002888	34981	2/500	0.004
602	untuniutntrng55886	0.0007812499999999558	40503	2/500	0.004
603	untuniutntrng55886	0.0007812500000001776	36166	2/500	0.004
604	untuniutntrng55886	0.0007812500000000666	37511	2/500	0.004
605	untuniutntrng55886	0.0007812500000000666	37910	2/500	0.004
606	untuniutntrng55886	0.0007812500000001776	36629	2/500	0.004
607	untuniutntrng55886	0.0007812499999999558	39268	2/500	0.004
608	untuniutntrng55886	0.0007812499999999558	39093	2/500	0.004
609	untuniutntrng55886	0.0007812500000001776	35660	2/500	0.004
610	untuniutntrng55886	0.0007812500000002888	35492	2/500	0.004
611	untuniutntrng55886	0.0007812500000003997	34800	2/500	0.004
612	untuniutntrng55886	0.0007812500000000666	37914	2/500	0.004
613	untuniutntrng55886	0.0007812499999999558	38568	2/500	0.004
614	untuniutntrng55886	0.0007812500000000666	38228	2/500	0.004
615	untuniutntrng55886	0.0007812500000002888	35348	2/500	0.004
616	untuniutntrng55886	0.0007812499999999558	39909	2/500	0.004
617	untuniutntrng55886	0.0007812500000000666	37544	2/500	0.004
618	untuniutntrng55886	0.0007812499999999558	38698	2/500	0.004
619	untuniutntrng55886	0.0007812500000001776	36445	2/500	0.004
620	untuniutntrng55886	0.0007812500000001776	36612	2/500	0.004
621	untuniutntrng55886	0.0007812500000002888	35004	2/500	0.004
622	untuniutntrng55886	0.0007812500000002888	35122	2/500	0.004
623	untuniutntrng55886	0.0007812500000000666	37808	2/500	0.004
624	untuniutntrng55886	0.0007812499999999558	39746	2/500	0.004
625	untuniutntrng55886	0.0007812500000001776	35954	2/500	0.004
626	untuniutntrng55886	0.0007812500000000666	38046	2/500	0.004
627	untuniutntrng55886	0.0007812500000001776	35809	2/500	0.004
628	untuniutntrng55886	0.0007812499999999558	39236	2/500	0.004
629	untuniutntrng55886	0.0007812499999999558	39578	2/500	0.004
630	untuniutntrng55886	0.0007812500000000666	36890	2/500	0.004
631	untuniutntrng55886	0.0007812500000002888	35278	2/500	0.004
632	untuniutntrng55886	0.0007812500000001776	35693	2/500	0.004
633	untuniutntrng55886	0.0007812500000002888	34906	2/500	0.004
634	untuniutntrng55886	0.0007812499999999558	40245	2/500	0.004
635	untuniutntrng55886	0.0007812499999999558	39664	2/500	0.004
636	untuniutntrng55886	0.0007812499999999558	38687	2/500	0.004
637	untuniutntrng55886	0.0007812500000002888	35345	2/500	0.004
638	untuniutntrng55886	0.0007812500000001776	36457	2/500	0.004
639	untuniutntrng55886	0.0007812500000001776	36812	2/500	0.004
640	untuniutntrng55886	0.0007812500000000666	38095	2/500	0.004
641	untuniutntrng55886	0.0007812500000000666	36979	2/500	0.004
642	untuniutntrng55886	0.0007812500000000666	36927	2/500	0.004
643	untuniutntrng55886	0.0007812500000000666	37620	2/500	0.004
644	untuniutntrng55886	0.0007812500000000666	38140	2/500	0.004
645	untuniutntrng55886	0.0007812499999999558	40250	2/500	0.004
646	untuniutntrng55886	0.0007812499999999558	40042	2/500	0.004
647	untuniutntrng55886	0.0007812500000000666	38450	2/500	0.004
648	untuniutntrng55886	0.0007812500000000666	37631	2/500	0.004
649	untuniutntrng55886	0.0007812499999999558	39947	2/500	0.004
650	untuniutntrng55886	0.0007812500000002888	35105	2/500	0.004
651	untuniutntrng55886	0.0007812500000000666	37725	2/500	0.004
652	untuniutntrng55886	0.0007812500000001776	36076	2/500	0.004
653	untuniutntrng55886	0.0007812500000001776	35672	2/500	0.004
654	untuniutntrng55886	0.0007812500000003997	35228	2/500	0.004
655	untuniutntrng55886	0.0007812500000001776	36450	2/500	0.004
656	untuniutntrng55886	0.0007812499999999558	40169	2/500	0.004
657	untuniutntrng55886	0.0007812499999999558	40408	2/500	0.004
658	untuniutntrng55886	0.0007812500000000666	38458	2/500	0.004
659	untuniutntrng55886	0.0007812500000003997	35028	2/500	0.004
660	untuniutntrng55886	0.0007812500000001776	36530	2/500	0.004
661	untuniutntrng55886	0.0007812499999999558	40398	2/500	0.004
662	untuniutntrng55886	0.0007812500000003997	35001	2/500	0.004
663	untuniutntrng55886	0.0007812500000001776	36308	2/500	0.004
664	untuniutntrng55886	0.0007812499999999558	39029	2/500	0.004
665	untuniutntrng55886	0.0007812500000001776	36315	2/500	0.004
666	untuniutntrng55886	0.0007812500000001776	36651	2/500	0.004
667	untuniutntrng55886	0.0007812499999999558	39249	2/500	0.004
668	untuniutntrng55886	0.0007812500000000666	36851	2/500	0.004
669	untuniutntrng55886	0.0007812500000001776	36367	2/500	0.004
670	untuniutntrng55886	0.0007812500000001776	36126	2/500	0.004
671	untuniutntrng55886	0.0007812500000002888	35629	2/500	0.004
672	untuniutntrng55886	0.0007812499999999558	40185	2/500	0.004
673	untuniutntrng55886	0.0007812500000001776	36712	2/500	0.004
674	untuniutntrng55886	0.0007812500000001776	36722	2/500	0.004
675	untuniutntrng55886	0.0007812500000000666	37919	2/500	0.004
676	untuniutntrng55886	0.0007812500000000666	38755	2/500	0.004
677	untuniutntrng55886	0.0007812500000003997	35107	2/500	0.004
678	untuniutntrng55886	0.0007812500000001776	36716	2/500	0.004
679	untuniutntrng55886	0.0007812500000003997	34860	2/500	0.004
680	untuniutntrng55886	0.0007812500000001776	35671	2/500	0.004
681	untuniutntrng55886	0.0007812500000002888	35330	2/500	0.004
682	untuniutntrng55886	0.0007812499999999558	38898	2/500	0.004
683	untuniutntrng55886	0.0007812500000000666	37065	2/500	0.004
684	untuniutntrng55886	0.0007812500000000666	38170	2/500	0.004
685	untuniutntrng55886	0.0007812499999998447	41240	2/500	0.004
686	untuniutntrng55886	0.0007812500000002888	35376	2/500	0.004
687	untuniutntrng55886	0.0007812500000001776	36618	2/500	0.004
688	untuniutntrng55886	0.0007812500000001776	35734	2/500	0.004
689	untuniutntrng55886	0.0007812500000000666	37553	2/500	0.004
690	untuniutntrng55886	0.0007812500000000666	37753	2/500	0.004
691	untuniutntrng55886	0.0007812500000000666	37922	2/500	0.004
692	untuniutntrng55886	0.0007812500000003997	35027	2/500	0.004
693	untuniutntrng55886	0.0007812500000001776	35878	2/500	0.004
694	untuniutntrng55886	0.0007812500000001776	36035	2/500	0.004
695	untuniutntrng55886	0.0007812499999999558	39221	2/500	0.004
696	untuniutntrng55886	0.0007812500000002888	35111	2/500	0.004
697	untuniutntrng55886	0.0007812500000001776	36847	2/500	0.004
698	untuniutntrng55886	0.0007812500000002888	35274	2/500	0.004
699	untuniutntrng55886	0.0007812499999999558	38995	2/500	0.004
700	untuniutntrng55886	0.3898437499999999	18787	500/2	250.0
701	untuniutntrng55886	0.3898437499999998	18888	500/2	250.0
702	untuniutntrng55886	0.3898437499999999	19027	500/2	250.0
703	untuniutntrng55886	0.38984375	18933	500/2	250.0
704	untuniutntrng55886	0.3898437499999998	18935	500/2	250.0
705	untuniutntrng55886	0.3898437499999999	18876	500/2	250.0
706	untuniutntrng55886	0.3898437499999999	18827	500/2	250.0
707	untuniutntrng55886	0.3898437499999999	18923	500/2	250.0
708	untuniutntrng55886	0.3898437499999998	18864	500/2	250.0
709	untuniutntrng55886	0.3898437499999999	18859	500/2	250.0
710	untuniutntrng55886	0.38984375	18911	500/2	250.0
711	untuniutntrng55886	0.3898437499999998	18852	500/2	250.0
712	untuniutntrng55886	0.3898437499999998	18964	500/2	250.0
713	untuniutntrng55886	0.38984375	18973	500/2	250.0
714	untuniutntrng55886	0.3898437499999998	18871	500/2	250.0
715	untuniutntrng55886	0.3898437499999999	18697	500/2	250.0
716	untuniutntrng55886	0.3898437499999998	18828	500/2	250.0
717	untuniutntrng55886	0.3898437499999999	18812	500/2	250.0
718	untuniutntrng55886	0.3898437499999998	18955	500/2	250.0
719	untuniutntrng55886	0.38984375	18679	500/2	250.0
720	untuniutntrng55886	0.3898437499999998	18960	500/2	250.0
721	untuniutntrng55886	0.3898437499999999	18873	500/2	250.0
722	untuniutntrng55886	0.3898437499999999	18887	500/2	250.0
723	untuniutntrng55886	0.3898437499999999	18876	500/2	250.0
724	untuniutntrng55886	0.38984375	18981	500/2	250.0
725	untuniutntrng55886	0.3898437499999998	18885	500/2	250.0
726	untuniutntrng55886	0.3898437499999998	19087	500/2	250.0
727	untuniutntrng55886	0.38984375	18809	500/2	250.0
728	untuniutntrng55886	0.3898437499999998	18893	500/2	250.0
729	untuniutntrng55886	0.3898437499999998	18885	500/2	250.0
730	untuniutntrng55886	0.38984375	18889	500/2	250.0
731	untuniutntrng55886	0.3898437499999999	19141	500/2	250.0
732	untuniutntrng55886	0.3898437499999998	18890	500/2	250.0
733	untuniutntrng55886	0.3898437499999998	18840	500/2	250.0
734	untuniutntrng55886	0.3898437499999998	18873	500/2	250.0
735	untuniutntrng55886	0.3898437499999999	18945	500/2	250.0
736	untuniutntrng55886	0.3898437499999999	18780	500/2	250.0
737	untuniutntrng55886	0.3898437499999999	18841	500/2	250.0
738	untuniutntrng55886	0.3898437499999999	19062	500/2	250.0
739	untuniutntrng55886	0.3898437499999998	18896	500/2	250.0
740	untuniutntrng55886	0.3898437499999999	18744	500/2	250.0
741	untuniutntrng55886	0.3898437499999999	19037	500/2	250.0
742	untuniutntrng55886	0.38984375	18801	500/2	250.0
743	untuniutntrng55886	0.3898437499999999	18897	500/2	250.0
744	untuniutntrng55886	0.3898437499999999	18747	500/2	250.0
745	untuniutntrng55886	0.38984375	18899	500/2	250.0
746	untuniutntrng55886	0.3898437499999999	18732	500/2	250.0
747	untuniutntrng55886	0.3898437499999999	19132	500/2	250.0
748	untuniutntrng55886	0.3898437499999998	18863	500/2	250.0
749	untuniutntrng55886	0.3898437499999999	19145	500/2	250.0
750	untuniutntrng55886	0.3898437499999998	18779	500/2	250.0
751	untuniutntrng55886	0.3898437499999998	19039	500/2	250.0
752	untuniutntrng55886	0.38984375	18778	500/2	250.0
753	untuniutntrng55886	0.38984375	19002	500/2	250.0
754	untuniutntrng55886	0.38984375	18853	500/2	250.0
755	untuniutntrng55886	0.38984375	18736	500/2	250.0
756	untuniutntrng55886	0.3898437499999999	18845	500/2	250.0
757	untuniutntrng55886	0.3898437499999999	18905	500/2	250.0
758	untuniutntrng55886	0.3898437499999998	18771	500/2	250.0
759	untuniutntrng55886	0.3898437499999999	18876	500/2	250.0
760	untuniutntrng55886	0.3898437499999999	19118	500/2	250.0
761	untuniutntrng55886	0.38984375	18956	500/2	250.0
762	untuniutntrng55886	0.3898437499999999	18962	500/2	250.0
763	untuniutntrng55886	0.38984375	18954	500/2	250.0
764	untuniutntrng55886	0.38984375	18962	500/2	250.0
765	untuniutntrng55886	0.3898437499999998	18806	500/2	250.0
766	untuniutntrng55886	0.3898437499999999	18777	500/2	250.0
767	untuniutntrng55886	0.3898437499999999	18680	500/2	250.0
768	untuniutntrng55886	0.3898437499999999	18910	500/2	250.0
769	untuniutntrng55886	0.38984375	18986	500/2	250.0
770	untuniutntrng55886	0.38984375	18740	500/2	250.0
771	untuniutntrng55886	0.3898437499999999	18882	500/2	250.0
772	untuniutntrng55886	0.3898437499999998	18815	500/2	250.0
773	untuniutntrng55886	0.3898437499999998	18612	500/2	250.0
774	untuniutntrng55886	0.3898437499999998	18865	500/2	250.0
775	untuniutntrng55886	0.3898437499999999	18861	500/2	250.0
776	untuniutntrng55886	0.3898437499999998	18838	500/2	250.0
777	untuniutntrng55886	0.3898437499999999	18831	500/2	250.0
778	untuniutntrng55886	0.3898437499999999	18910	500/2	250.0
779	untuniutntrng55886	0.3898437499999998	18870	500/2	250.0
780	untuniutntrng55886	0.3898437499999998	18967	500/2	250.0
781	untuniutntrng55886	0.3898437499999999	19149	500/2	250.0
782	untuniutntrng55886	0.3898437499999999	19018	500/2	250.0
783	untuniutntrng55886	0.3898437499999999	18836	500/2	250.0
784	untuniutntrng55886	0.38984375	18906	500/2	250.0
785	untuniutntrng55886	0.3898437499999998	18859	500/2	250.0
786	untuniutntrng55886	0.38984375	18899	500/2	250.0
787	untuniutntrng55886	0.38984375	18981	500/2	250.0
788	untuniutntrng55886	0.3898437499999998	19099	500/2	250.0
789	untuniutntrng55886	0.3898437499999998	18937	500/2	250.0
790	untuniutntrng55886	0.3898437499999999	18922	500/2	250.0
791	untuniutntrng55886	0.3898437499999998	19018	500/2	250.0
792	untuniutntrng55886	0.3898437499999998	18842	500/2	250.0
793	untuniutntrng55886	0.3898437499999998	18931	500/2	250.0
794	untuniutntrng55886	0.3898437499999998	18793	500/2	250.0
795	untuniutntrng55886	0.3898437499999998	18741	500/2	250.0
796	untuniutntrng55886	0.3898437499999999	18890	500/2	250.0
797	untuniutntrng55886	0.3898437499999999	18736	500/2	250.0
798	untuniutntrng55886	0.3898437499999999	18857	500/2	250.0
799	untuniutntrng55886	0.3898437499999998	18763	500/2	250.0
800	untuniutntrng55886	0.03828124999999993	18922	50/20	2.5
801	untuniutntrng55886	0.03828124999999993	18742	50/20	2.5
802	untuniutntrng55886	0.03828124999999993	19280	50/20	2.5
803	untuniutntrng55886	0.03828124999999993	18914	50/20	2.5
804	untuniutntrng55886	0.03828124999999993	18945	50/20	2.5
805	untuniutntrng55886	0.03828125000000005	18965	50/20	2.5
806	untuniutntrng55886	0.03828124999999993	19036	50/20	2.5
807	untuniutntrng55886	0.03828124999999993	18710	50/20	2.5
808	untuniutntrng55886	0.038281249999999815	19011	50/20	2.5
809	untuniutntrng55886	0.03828124999999993	18888	50/20	2.5
810	untuniutntrng55886	0.03828125000000005	18952	50/20	2.5
811	untuniutntrng55886	0.038281249999999815	18999	50/20	2.5
812	untuniutntrng55886	0.03828124999999993	18932	50/20	2.5
813	untuniutntrng55886	0.03828124999999993	18955	50/20	2.5
814	untuniutntrng55886	0.038281249999999815	19105	50/20	2.5
815	untuniutntrng55886	0.038281249999999815	18865	50/20	2.5
816	untuniutntrng55886	0.03828125000000005	19043	50/20	2.5
817	untuniutntrng55886	0.038281249999999815	19013	50/20	2.5
818	untuniutntrng55886	0.03828124999999993	19078	50/20	2.5
819	untuniutntrng55886	0.03828125000000005	19061	50/20	2.5
820	untuniutntrng55886	0.03828124999999993	19100	50/20	2.5
821	untuniutntrng55886	0.03828124999999993	18785	50/20	2.5
822	untuniutntrng55886	0.03828124999999993	18802	50/20	2.5
823	untuniutntrng55886	0.03828124999999993	18909	50/20	2.5
824	untuniutntrng55886	0.03828124999999993	18801	50/20	2.5
825	untuniutntrng55886	0.03828124999999993	18882	50/20	2.5
826	untuniutntrng55886	0.038281249999999815	18938	50/20	2.5
827	untuniutntrng55886	0.03828124999999993	18965	50/20	2.5
828	untuniutntrng55886	0.03828125000000005	18973	50/20	2.5
829	untuniutntrng55886	0.03828124999999993	18757	50/20	2.5
830	untuniutntrng55886	0.03828125000000016	18795	50/20	2.5
831	untuniutntrng55886	0.038281249999999815	18741	50/20	2.5
832	untuniutntrng55886	0.03828125000000005	18924	50/20	2.5
833	untuniutntrng55886	0.038281249999999815	18937	50/20	2.5
834	untuniutntrng55886	0.03828125000000005	18874	50/20	2.5
835	untuniutntrng55886	0.03828125000000005	19176	50/20	2.5
836	untuniutntrng55886	0.03828124999999993	18913	50/20	2.5
837	untuniutntrng55886	0.03828124999999993	19023	50/20	2.5
838	untuniutntrng55886	0.03828124999999993	18903	50/20	2.5
839	untuniutntrng55886	0.03828125000000005	18896	50/20	2.5
840	untuniutntrng55886	0.03828124999999993	18757	50/20	2.5
841	untuniutntrng55886	0.03828125000000005	18929	50/20	2.5
842	untuniutntrng55886	0.03828125000000016	18883	50/20	2.5
843	untuniutntrng55886	0.03828124999999993	18901	50/20	2.5
844	untuniutntrng55886	0.038281249999999815	18891	50/20	2.5
845	untuniutntrng55886	0.03828124999999993	18784	50/20	2.5
846	untuniutntrng55886	0.03828124999999993	18925	50/20	2.5
847	untuniutntrng55886	0.03828124999999993	18901	50/20	2.5
848	untuniutntrng55886	0.038281249999999815	18801	50/20	2.5
849	untuniutntrng55886	0.03828125000000005	18755	50/20	2.5
850	untuniutntrng55886	0.03828124999999993	18835	50/20	2.5
851	untuniutntrng55886	0.038281249999999815	18959	50/20	2.5
852	untuniutntrng55886	0.03828125000000005	18865	50/20	2.5
853	untuniutntrng55886	0.03828124999999993	18743	50/20	2.5
854	untuniutntrng55886	0.03828124999999993	19031	50/20	2.5
855	untuniutntrng55886	0.03828124999999993	18915	50/20	2.5
856	untuniutntrng55886	0.03828125000000005	18871	50/20	2.5
857	untuniutntrng55886	0.03828125000000005	18726	50/20	2.5
858	untuniutntrng55886	0.03828124999999993	18926	50/20	2.5
859	untuniutntrng55886	0.03828125000000005	18837	50/20	2.5
860	untuniutntrng55886	0.03828124999999971	18942	50/20	2.5
861	untuniutntrng55886	0.03828124999999993	18846	50/20	2.5
862	untuniutntrng55886	0.03828124999999993	18895	50/20	2.5
863	untuniutntrng55886	0.038281249999999815	18809	50/20	2.5
864	untuniutntrng55886	0.038281249999999815	18934	50/20	2.5
865	untuniutntrng55886	0.03828125000000005	18845	50/20	2.5
866	untuniutntrng55886	0.038281249999999815	18713	50/20	2.5
867	untuniutntrng55886	0.03828124999999993	19048	50/20	2.5
868	untuniutntrng55886	0.03828124999999993	18938	50/20	2.5
869	untuniutntrng55886	0.038281249999999815	19008	50/20	2.5
870	untuniutntrng55886	0.038281249999999815	18839	50/20	2.5
871	untuniutntrng55886	0.03828125000000016	18846	50/20	2.5
872	untuniutntrng55886	0.03828124999999993	18892	50/20	2.5
873	untuniutntrng55886	0.038281249999999815	19082	50/20	2.5
874	untuniutntrng55886	0.03828124999999993	18958	50/20	2.5
875	untuniutntrng55886	0.03828125000000005	19008	50/20	2.5
876	untuniutntrng55886	0.03828124999999993	18814	50/20	2.5
877	untuniutntrng55886	0.03828124999999993	19069	50/20	2.5
878	untuniutntrng55886	0.03828125000000005	18809	50/20	2.5
879	untuniutntrng55886	0.038281249999999815	18950	50/20	2.5
880	untuniutntrng55886	0.03828124999999993	18980	50/20	2.5
881	untuniutntrng55886	0.038281249999999815	18780	50/20	2.5
882	untuniutntrng55886	0.03828124999999993	18797	50/20	2.5
883	untuniutntrng55886	0.038281249999999815	18733	50/20	2.5
884	untuniutntrng55886	0.038281249999999815	19130	50/20	2.5
885	untuniutntrng55886	0.038281249999999815	19022	50/20	2.5
886	untuniutntrng55886	0.038281249999999815	18937	50/20	2.5
887	untuniutntrng55886	0.03828124999999993	18949	50/20	2.5
888	untuniutntrng55886	0.038281249999999815	18696	50/20	2.5
889	untuniutntrng55886	0.038281249999999815	18979	50/20	2.5
890	untuniutntrng55886	0.03828124999999993	18758	50/20	2.5
891	untuniutntrng55886	0.03828124999999993	19014	50/20	2.5
892	untuniutntrng55886	0.03828124999999993	18867	50/20	2.5
893	untuniutntrng55886	0.03828125000000005	18886	50/20	2.5
894	untuniutntrng55886	0.03828124999999993	18997	50/20	2.5
895	untuniutntrng55886	0.03828125000000005	18879	50/20	2.5
896	untuniutntrng55886	0.03828125000000005	18994	50/20	2.5
897	untuniutntrng55886	0.038281249999999815	18669	50/20	2.5
898	untuniutntrng55886	0.03828124999999993	18841	50/20	2.5
899	untuniutntrng55886	0.038281249999999815	18875	50/20	2.5
900	untuniutntrng55886	0.0031250000000000444	26538	5/200	0.025
901	untuniutntrng55886	0.003124999999999933	27018	5/200	0.025
902	untuniutntrng55886	0.0031249999999997113	27758	5/200	0.025
903	untuniutntrng55886	0.003124999999999933	27433	5/200	0.025
904	untuniutntrng55886	0.0031249999999997113	27856	5/200	0.025
905	untuniutntrng55886	0.003124999999999933	26994	5/200	0.025
906	untuniutntrng55886	0.0031249999999998232	27713	5/200	0.025
907	untuniutntrng55886	0.0031249999999998232	27618	5/200	0.025
908	untuniutntrng55886	0.0031249999999997113	27876	5/200	0.025
909	untuniutntrng55886	0.0031249999999998232	27778	5/200	0.025
910	untuniutntrng55886	0.0031249999999998232	27518	5/200	0.025
911	untuniutntrng55886	0.0031249999999997113	27722	5/200	0.025
912	untuniutntrng55886	0.0031249999999998232	27199	5/200	0.025
913	untuniutntrng55886	0.0031249999999998232	27451	5/200	0.025
914	untuniutntrng55886	0.0031249999999998232	27517	5/200	0.025
915	untuniutntrng55886	0.0031249999999998232	27646	5/200	0.025
916	untuniutntrng55886	0.003124999999999933	27337	5/200	0.025
917	untuniutntrng55886	0.0031249999999997113	27851	5/200	0.025
918	untuniutntrng55886	0.0031249999999998232	27764	5/200	0.025
919	untuniutntrng55886	0.0031249999999998232	27763	5/200	0.025
920	untuniutntrng55886	0.003124999999999933	27186	5/200	0.025
921	untuniutntrng55886	0.0031249999999997113	27789	5/200	0.025
922	untuniutntrng55886	0.0031249999999998232	27442	5/200	0.025
923	untuniutntrng55886	0.0031249999999998232	27414	5/200	0.025
924	untuniutntrng55886	0.0031249999999998232	27607	5/200	0.025
925	untuniutntrng55886	0.003124999999999933	27215	5/200	0.025
926	untuniutntrng55886	0.003124999999999933	27005	5/200	0.025
927	untuniutntrng55886	0.0031249999999997113	27747	5/200	0.025
928	untuniutntrng55886	0.003124999999999933	27152	5/200	0.025
929	untuniutntrng55886	0.0031249999999998232	27546	5/200	0.025
930	untuniutntrng55886	0.0031249999999997113	27713	5/200	0.025
931	untuniutntrng55886	0.0031249999999996003	27871	5/200	0.025
932	untuniutntrng55886	0.0031249999999998232	27606	5/200	0.025
933	untuniutntrng55886	0.0031249999999998232	27471	5/200	0.025
934	untuniutntrng55886	0.0031249999999997113	28008	5/200	0.025
935	untuniutntrng55886	0.0031249999999998232	27235	5/200	0.025
936	untuniutntrng55886	0.003124999999999933	27369	5/200	0.025
937	untuniutntrng55886	0.003124999999999933	26933	5/200	0.025
938	untuniutntrng55886	0.0031249999999997113	27896	5/200	0.025
939	untuniutntrng55886	0.0031249999999998232	27594	5/200	0.025
940	untuniutntrng55886	0.0031249999999998232	27694	5/200	0.025
941	untuniutntrng55886	0.003124999999999933	27045	5/200	0.025
942	untuniutntrng55886	0.0031249999999997113	27909	5/200	0.025
943	untuniutntrng55886	0.0031249999999997113	27914	5/200	0.025
944	untuniutntrng55886	0.003124999999999933	27247	5/200	0.025
945	untuniutntrng55886	0.0031249999999998232	27665	5/200	0.025
946	untuniutntrng55886	0.0031249999999997113	27835	5/200	0.025
947	untuniutntrng55886	0.0031249999999998232	27389	5/200	0.025
948	untuniutntrng55886	0.0031249999999997113	28044	5/200	0.025
949	untuniutntrng55886	0.0031249999999997113	27816	5/200	0.025
950	untuniutntrng55886	0.0031249999999998232	27588	5/200	0.025
951	untuniutntrng55886	0.0031249999999998232	27906	5/200	0.025
952	untuniutntrng55886	0.0031249999999998232	27271	5/200	0.025
953	untuniutntrng55886	0.0031249999999998232	27564	5/200	0.025
954	untuniutntrng55886	0.0031250000000000444	26688	5/200	0.025
955	untuniutntrng55886	0.0031249999999998232	27766	5/200	0.025
956	untuniutntrng55886	0.0031250000000000444	26403	5/200	0.025
957	untuniutntrng55886	0.0031249999999998232	27420	5/200	0.025
958	untuniutntrng55886	0.0031249999999997113	28097	5/200	0.025
959	untuniutntrng55886	0.0031249999999997113	27711	5/200	0.025
960	untuniutntrng55886	0.003124999999999933	26870	5/200	0.025
961	untuniutntrng55886	0.0031249999999997113	27894	5/200	0.025
962	untuniutntrng55886	0.0031249999999998232	27540	5/200	0.025
963	untuniutntrng55886	0.0031249999999997113	27807	5/200	0.025
964	untuniutntrng55886	0.0031249999999997113	27811	5/200	0.025
965	untuniutntrng55886	0.0031249999999998232	27601	5/200	0.025
966	untuniutntrng55886	0.003124999999999933	27043	5/200	0.025
967	untuniutntrng55886	0.0031249999999997113	28015	5/200	0.025
968	untuniutntrng55886	0.0031249999999998232	27533	5/200	0.025
969	untuniutntrng55886	0.003124999999999933	26932	5/200	0.025
970	untuniutntrng55886	0.003124999999999933	27151	5/200	0.025
971	untuniutntrng55886	0.003124999999999933	27320	5/200	0.025
972	untuniutntrng55886	0.0031249999999996003	27750	5/200	0.025
973	untuniutntrng55886	0.0031249999999997113	27909	5/200	0.025
974	untuniutntrng55886	0.003124999999999933	26858	5/200	0.025
975	untuniutntrng55886	0.0031249999999997113	27911	5/200	0.025
976	untuniutntrng55886	0.003124999999999933	27379	5/200	0.025
977	untuniutntrng55886	0.0031249999999998232	27768	5/200	0.025
978	untuniutntrng55886	0.0031249999999998232	27704	5/200	0.025
979	untuniutntrng55886	0.0031249999999998232	27559	5/200	0.025
980	untuniutntrng55886	0.0031249999999998232	27296	5/200	0.025
981	untuniutntrng55886	0.003124999999999933	27346	5/200	0.025
982	untuniutntrng55886	0.0031249999999998232	27622	5/200	0.025
983	untuniutntrng55886	0.0031250000000000444	26904	5/200	0.025
984	untuniutntrng55886	0.003124999999999933	27074	5/200	0.025
985	untuniutntrng55886	0.0031249999999998232	27469	5/200	0.025
986	untuniutntrng55886	0.003124999999999933	27286	5/200	0.025
987	untuniutntrng55886	0.003124999999999933	27259	5/200	0.025
988	untuniutntrng55886	0.0031249999999998232	27432	5/200	0.025
989	untuniutntrng55886	0.003124999999999933	27166	5/200	0.025
990	untuniutntrng55886	0.0031250000000000444	26494	5/200	0.025
991	untuniutntrng55886	0.0031250000000000444	26776	5/200	0.025
992	untuniutntrng55886	0.0031249999999998232	27800	5/200	0.025
993	untuniutntrng55886	0.0031249999999998232	27236	5/200	0.025
994	untuniutntrng55886	0.003124999999999933	27262	5/200	0.025
995	untuniutntrng55886	0.0031249999999998232	27793	5/200	0.025
996	untuniutntrng55886	0.0031249999999997113	27808	5/200	0.025
997	untuniutntrng55886	0.0031249999999997113	27801	5/200	0.025
998	untuniutntrng55886	0.0031249999999997113	27795	5/200	0.025
999	untuniutntrng55886	0.0031249999999997113	27862	5/200	0.025
