	rrf_dr0_words	rrf_dr0	rrf_dr0_rang	dispersion	dispersion_numeric
0	untuniutntrng55886	1.0	35573	1000/1	1000.0
1	untuniutntrng55886	1.0	35985	1000/1	1000.0
2	untuniutntrng55886	1.0	35869	1000/1	1000.0
3	untuniutntrng55886	1.0000000000000002	22899	1000/1	1000.0
4	untuniutntrng55886	1.0000000000000002	23103	1000/1	1000.0
5	untuniutntrng55886	1.0000000000000002	23280	1000/1	1000.0
6	untuniutntrng55886	1.0000000000000004	22972	1000/1	1000.0
7	untuniutntrng55886	1.0	35687	1000/1	1000.0
8	untuniutntrng55886	1.0	35532	1000/1	1000.0
9	untuniutntrng55886	1.0000000000000002	23193	1000/1	1000.0
10	untuniutntrng55886	1.0000000000000002	22940	1000/1	1000.0
11	untuniutntrng55886	1.0000000000000002	23118	1000/1	1000.0
12	untuniutntrng55886	1.0	35715	1000/1	1000.0
13	untuniutntrng55886	1.0000000000000002	22996	1000/1	1000.0
14	untuniutntrng55886	1.0000000000000002	22917	1000/1	1000.0
15	untuniutntrng55886	1.0	35863	1000/1	1000.0
16	untuniutntrng55886	1.0	35865	1000/1	1000.0
17	untuniutntrng55886	1.0000000000000002	23078	1000/1	1000.0
18	untuniutntrng55886	1.0000000000000002	23298	1000/1	1000.0
19	untuniutntrng55886	1.0	35698	1000/1	1000.0
20	untuniutntrng55886	1.0	35994	1000/1	1000.0
21	untuniutntrng55886	1.0	35858	1000/1	1000.0
22	untuniutntrng55886	1.0	35835	1000/1	1000.0
23	untuniutntrng55886	1.0	35735	1000/1	1000.0
24	untuniutntrng55886	1.0000000000000002	23268	1000/1	1000.0
25	untuniutntrng55886	1.0	35820	1000/1	1000.0
26	untuniutntrng55886	1.0000000000000002	23018	1000/1	1000.0
27	untuniutntrng55886	1.0000000000000002	22825	1000/1	1000.0
28	untuniutntrng55886	1.0000000000000002	22956	1000/1	1000.0
29	untuniutntrng55886	1.0000000000000002	23223	1000/1	1000.0
30	untuniutntrng55886	1.0000000000000002	23194	1000/1	1000.0
31	untuniutntrng55886	1.0	35742	1000/1	1000.0
32	untuniutntrng55886	1.0000000000000002	23200	1000/1	1000.0
33	untuniutntrng55886	1.0000000000000002	23359	1000/1	1000.0
34	untuniutntrng55886	1.0	35765	1000/1	1000.0
35	untuniutntrng55886	1.0000000000000002	23220	1000/1	1000.0
36	untuniutntrng55886	1.0000000000000002	23008	1000/1	1000.0
37	untuniutntrng55886	1.0	26422	1000/1	1000.0
38	untuniutntrng55886	1.0000000000000004	23052	1000/1	1000.0
39	untuniutntrng55886	1.0000000000000002	22941	1000/1	1000.0
40	untuniutntrng55886	1.0000000000000002	23037	1000/1	1000.0
41	untuniutntrng55886	1.0	35714	1000/1	1000.0
42	untuniutntrng55886	1.0000000000000002	23144	1000/1	1000.0
43	untuniutntrng55886	1.0000000000000002	23036	1000/1	1000.0
44	untuniutntrng55886	1.0000000000000002	23119	1000/1	1000.0
45	untuniutntrng55886	1.0000000000000002	23066	1000/1	1000.0
46	untuniutntrng55886	1.0000000000000002	23191	1000/1	1000.0
47	untuniutntrng55886	1.0000000000000002	22971	1000/1	1000.0
48	untuniutntrng55886	1.0000000000000002	23174	1000/1	1000.0
49	untuniutntrng55886	1.0000000000000002	23070	1000/1	1000.0
50	untuniutntrng55886	1.0000000000000002	22926	1000/1	1000.0
51	untuniutntrng55886	1.0000000000000002	22992	1000/1	1000.0
52	untuniutntrng55886	1.0	35982	1000/1	1000.0
53	untuniutntrng55886	1.0000000000000002	23119	1000/1	1000.0
54	untuniutntrng55886	1.0	35805	1000/1	1000.0
55	untuniutntrng55886	1.0000000000000002	23389	1000/1	1000.0
56	untuniutntrng55886	1.0000000000000002	23054	1000/1	1000.0
57	untuniutntrng55886	1.0000000000000002	22878	1000/1	1000.0
58	untuniutntrng55886	1.0	35925	1000/1	1000.0
59	untuniutntrng55886	1.0000000000000002	23243	1000/1	1000.0
60	untuniutntrng55886	1.0	35988	1000/1	1000.0
61	untuniutntrng55886	1.0	35653	1000/1	1000.0
62	untuniutntrng55886	1.0000000000000002	22888	1000/1	1000.0
63	untuniutntrng55886	1.0000000000000002	23226	1000/1	1000.0
64	untuniutntrng55886	1.0000000000000002	23258	1000/1	1000.0
65	untuniutntrng55886	1.0000000000000002	23103	1000/1	1000.0
66	untuniutntrng55886	1.0000000000000002	23281	1000/1	1000.0
67	untuniutntrng55886	1.0	35864	1000/1	1000.0
68	untuniutntrng55886	1.0000000000000002	23104	1000/1	1000.0
69	untuniutntrng55886	1.0000000000000002	23052	1000/1	1000.0
70	untuniutntrng55886	1.0000000000000004	23185	1000/1	1000.0
71	untuniutntrng55886	1.0000000000000002	23386	1000/1	1000.0
72	untuniutntrng55886	1.0000000000000002	23079	1000/1	1000.0
73	untuniutntrng55886	1.0000000000000002	23187	1000/1	1000.0
74	untuniutntrng55886	1.0000000000000002	23045	1000/1	1000.0
75	untuniutntrng55886	1.0000000000000002	23104	1000/1	1000.0
76	untuniutntrng55886	1.0	35551	1000/1	1000.0
77	untuniutntrng55886	1.0000000000000004	23136	1000/1	1000.0
78	untuniutntrng55886	1.0	35895	1000/1	1000.0
79	untuniutntrng55886	1.0	35496	1000/1	1000.0
80	untuniutntrng55886	1.0000000000000002	23283	1000/1	1000.0
81	untuniutntrng55886	1.0	35650	1000/1	1000.0
82	untuniutntrng55886	1.0000000000000004	22893	1000/1	1000.0
83	untuniutntrng55886	1.0	35775	1000/1	1000.0
84	untuniutntrng55886	1.0	35786	1000/1	1000.0
85	untuniutntrng55886	1.0000000000000002	23199	1000/1	1000.0
86	untuniutntrng55886	1.0000000000000002	23122	1000/1	1000.0
87	untuniutntrng55886	1.0000000000000002	23115	1000/1	1000.0
88	untuniutntrng55886	1.0000000000000002	23086	1000/1	1000.0
89	untuniutntrng55886	1.0	35559	1000/1	1000.0
90	untuniutntrng55886	1.0	35872	1000/1	1000.0
91	untuniutntrng55886	1.0	35719	1000/1	1000.0
92	untuniutntrng55886	1.0	35844	1000/1	1000.0
93	untuniutntrng55886	1.0000000000000002	23040	1000/1	1000.0
94	untuniutntrng55886	1.0	35653	1000/1	1000.0
95	untuniutntrng55886	1.0	35888	1000/1	1000.0
96	untuniutntrng55886	1.0000000000000002	23213	1000/1	1000.0
97	untuniutntrng55886	1.0	35845	1000/1	1000.0
98	untuniutntrng55886	1.0000000000000002	23224	1000/1	1000.0
99	untuniutntrng55886	1.0000000000000002	23043	1000/1	1000.0
100	untuniutntrng55886	1.0	35681	100/10	10.0
101	untuniutntrng55886	1.0	35820	100/10	10.0
102	untuniutntrng55886	1.0	35870	100/10	10.0
103	untuniutntrng55886	1.0	35888	100/10	10.0
104	untuniutntrng55886	1.0	35754	100/10	10.0
105	untuniutntrng55886	1.0	35674	100/10	10.0
106	untuniutntrng55886	1.0	33854	100/10	10.0
107	untuniutntrng55886	1.0	35783	100/10	10.0
108	untuniutntrng55886	1.0	35827	100/10	10.0
109	untuniutntrng55886	1.0	35686	100/10	10.0
110	untuniutntrng55886	1.0	35822	100/10	10.0
111	untuniutntrng55886	1.0	35867	100/10	10.0
112	untuniutntrng55886	1.0	35839	100/10	10.0
113	untuniutntrng55886	1.0	35870	100/10	10.0
114	untuniutntrng55886	1.0	35708	100/10	10.0
115	untuniutntrng55886	1.0	35905	100/10	10.0
116	untuniutntrng55886	0.9999999999999998	35937	100/10	10.0
117	untuniutntrng55886	1.0	35933	100/10	10.0
118	untuniutntrng55886	1.0	36103	100/10	10.0
119	untuniutntrng55886	1.0	35699	100/10	10.0
120	untuniutntrng55886	1.0	35855	100/10	10.0
121	untuniutntrng55886	1.0	35771	100/10	10.0
122	untuniutntrng55886	1.0	35691	100/10	10.0
123	untuniutntrng55886	1.0	35720	100/10	10.0
124	untuniutntrng55886	1.0	35749	100/10	10.0
125	untuniutntrng55886	1.0	35868	100/10	10.0
126	untuniutntrng55886	1.0	35737	100/10	10.0
127	untuniutntrng55886	1.0	35800	100/10	10.0
128	untuniutntrng55886	1.0	35820	100/10	10.0
129	untuniutntrng55886	1.0	35731	100/10	10.0
130	untuniutntrng55886	1.0	36007	100/10	10.0
131	untuniutntrng55886	1.0	35789	100/10	10.0
132	untuniutntrng55886	1.0	35708	100/10	10.0
133	untuniutntrng55886	1.0	35903	100/10	10.0
134	untuniutntrng55886	1.0	35883	100/10	10.0
135	untuniutntrng55886	1.0	35748	100/10	10.0
136	untuniutntrng55886	1.0	35806	100/10	10.0
137	untuniutntrng55886	0.9999999999999998	35846	100/10	10.0
138	untuniutntrng55886	1.0	35913	100/10	10.0
139	untuniutntrng55886	1.0	35956	100/10	10.0
140	untuniutntrng55886	1.0	35751	100/10	10.0
141	untuniutntrng55886	1.0	35981	100/10	10.0
142	untuniutntrng55886	1.0	35809	100/10	10.0
143	untuniutntrng55886	1.0	35694	100/10	10.0
144	untuniutntrng55886	1.0	35794	100/10	10.0
145	untuniutntrng55886	0.9999999999999998	36147	100/10	10.0
146	untuniutntrng55886	1.0	35755	100/10	10.0
147	untuniutntrng55886	1.0	35767	100/10	10.0
148	untuniutntrng55886	1.0	35969	100/10	10.0
149	untuniutntrng55886	1.0	35856	100/10	10.0
150	untuniutntrng55886	1.0	35795	100/10	10.0
151	untuniutntrng55886	1.0	35882	100/10	10.0
152	untuniutntrng55886	1.0	35759	100/10	10.0
153	untuniutntrng55886	1.0	35745	100/10	10.0
154	untuniutntrng55886	1.0	35633	100/10	10.0
155	untuniutntrng55886	1.0	35861	100/10	10.0
156	untuniutntrng55886	1.0	35564	100/10	10.0
157	untuniutntrng55886	1.0	35820	100/10	10.0
158	untuniutntrng55886	1.0	35852	100/10	10.0
159	untuniutntrng55886	1.0	35917	100/10	10.0
160	untuniutntrng55886	1.0	35927	100/10	10.0
161	untuniutntrng55886	1.0	35896	100/10	10.0
162	untuniutntrng55886	1.0	35793	100/10	10.0
163	untuniutntrng55886	1.0	35912	100/10	10.0
164	untuniutntrng55886	1.0	35808	100/10	10.0
165	untuniutntrng55886	1.0	33737	100/10	10.0
166	untuniutntrng55886	1.0	35623	100/10	10.0
167	untuniutntrng55886	1.0	35801	100/10	10.0
168	untuniutntrng55886	1.0	35854	100/10	10.0
169	untuniutntrng55886	1.0	35780	100/10	10.0
170	untuniutntrng55886	1.0	35688	100/10	10.0
171	untuniutntrng55886	1.0	35934	100/10	10.0
172	untuniutntrng55886	1.0	35835	100/10	10.0
173	untuniutntrng55886	1.0	35917	100/10	10.0
174	untuniutntrng55886	1.0	35604	100/10	10.0
175	untuniutntrng55886	1.0	35894	100/10	10.0
176	untuniutntrng55886	1.0	35966	100/10	10.0
177	untuniutntrng55886	1.0	34120	100/10	10.0
178	untuniutntrng55886	1.0	36017	100/10	10.0
179	untuniutntrng55886	1.0	35893	100/10	10.0
180	untuniutntrng55886	1.0	35864	100/10	10.0
181	untuniutntrng55886	1.0	35867	100/10	10.0
182	untuniutntrng55886	1.0	35861	100/10	10.0
183	untuniutntrng55886	1.0	35717	100/10	10.0
184	untuniutntrng55886	1.0	35984	100/10	10.0
185	untuniutntrng55886	1.0	36027	100/10	10.0
186	untuniutntrng55886	1.0	35760	100/10	10.0
187	untuniutntrng55886	0.9999999999999998	35909	100/10	10.0
188	untuniutntrng55886	1.0	35805	100/10	10.0
189	untuniutntrng55886	1.0	35576	100/10	10.0
190	untuniutntrng55886	1.0	35648	100/10	10.0
191	untuniutntrng55886	1.0	35885	100/10	10.0
192	untuniutntrng55886	1.0	35979	100/10	10.0
193	untuniutntrng55886	1.0	35857	100/10	10.0
194	untuniutntrng55886	1.0	35698	100/10	10.0
195	untuniutntrng55886	1.0	35616	100/10	10.0
196	untuniutntrng55886	1.0	35895	100/10	10.0
197	untuniutntrng55886	1.0	35921	100/10	10.0
198	untuniutntrng55886	1.0	35870	100/10	10.0
199	untuniutntrng55886	1.0	35848	100/10	10.0
200	untuniutntrng55886	1.0	35776	10/100	0.1
201	untuniutntrng55886	1.0	35844	10/100	0.1
202	untuniutntrng55886	1.0	35542	10/100	0.1
203	untuniutntrng55886	1.0	35802	10/100	0.1
204	untuniutntrng55886	1.0	35943	10/100	0.1
205	untuniutntrng55886	1.0	35687	10/100	0.1
206	untuniutntrng55886	1.0	35766	10/100	0.1
207	untuniutntrng55886	1.0	35973	10/100	0.1
208	untuniutntrng55886	1.0	35930	10/100	0.1
209	untuniutntrng55886	1.0	35622	10/100	0.1
210	untuniutntrng55886	1.0	35957	10/100	0.1
211	untuniutntrng55886	1.0	35892	10/100	0.1
212	untuniutntrng55886	1.0	35961	10/100	0.1
213	untuniutntrng55886	0.9999999999999998	35723	10/100	0.1
214	untuniutntrng55886	1.0	35816	10/100	0.1
215	untuniutntrng55886	1.0	35927	10/100	0.1
216	untuniutntrng55886	1.0	35831	10/100	0.1
217	untuniutntrng55886	1.0	35838	10/100	0.1
218	untuniutntrng55886	1.0	35845	10/100	0.1
219	untuniutntrng55886	0.9999999999999998	35789	10/100	0.1
220	untuniutntrng55886	1.0	35832	10/100	0.1
221	untuniutntrng55886	1.0	35801	10/100	0.1
222	untuniutntrng55886	1.0	35825	10/100	0.1
223	untuniutntrng55886	1.0	35971	10/100	0.1
224	untuniutntrng55886	1.0	35829	10/100	0.1
225	untuniutntrng55886	1.0	35685	10/100	0.1
226	untuniutntrng55886	1.0	36064	10/100	0.1
227	untuniutntrng55886	1.0	35675	10/100	0.1
228	untuniutntrng55886	1.0	35766	10/100	0.1
229	untuniutntrng55886	1.0	35713	10/100	0.1
230	untuniutntrng55886	1.0	25512	10/100	0.1
231	untuniutntrng55886	1.0	35760	10/100	0.1
232	untuniutntrng55886	1.0	35777	10/100	0.1
233	untuniutntrng55886	1.0	35859	10/100	0.1
234	untuniutntrng55886	1.0	35934	10/100	0.1
235	untuniutntrng55886	1.0	29989	10/100	0.1
236	untuniutntrng55886	1.0	36078	10/100	0.1
237	untuniutntrng55886	1.0	35737	10/100	0.1
238	untuniutntrng55886	1.0	35987	10/100	0.1
239	untuniutntrng55886	1.0	35831	10/100	0.1
240	untuniutntrng55886	1.0	35978	10/100	0.1
241	untuniutntrng55886	1.0	35727	10/100	0.1
242	untuniutntrng55886	1.0	35737	10/100	0.1
243	untuniutntrng55886	1.0	35421	10/100	0.1
244	untuniutntrng55886	1.0	35886	10/100	0.1
245	untuniutntrng55886	1.0	36035	10/100	0.1
246	untuniutntrng55886	1.0	35757	10/100	0.1
247	untuniutntrng55886	1.0	35893	10/100	0.1
248	untuniutntrng55886	1.0	35670	10/100	0.1
249	untuniutntrng55886	1.0	35893	10/100	0.1
250	untuniutntrng55886	1.0	25659	10/100	0.1
251	untuniutntrng55886	1.0	35767	10/100	0.1
252	untuniutntrng55886	0.9999999999999998	35842	10/100	0.1
253	untuniutntrng55886	1.0	35995	10/100	0.1
254	untuniutntrng55886	1.0	35921	10/100	0.1
255	untuniutntrng55886	1.0	35922	10/100	0.1
256	untuniutntrng55886	1.0	35927	10/100	0.1
257	untuniutntrng55886	1.0	35906	10/100	0.1
258	untuniutntrng55886	0.9999999999999998	36080	10/100	0.1
259	untuniutntrng55886	1.0	35892	10/100	0.1
260	untuniutntrng55886	1.0	35832	10/100	0.1
261	untuniutntrng55886	1.0	35873	10/100	0.1
262	untuniutntrng55886	1.0	35962	10/100	0.1
263	untuniutntrng55886	1.0	35800	10/100	0.1
264	untuniutntrng55886	1.0	35761	10/100	0.1
265	untuniutntrng55886	1.0	35719	10/100	0.1
266	untuniutntrng55886	1.0	35504	10/100	0.1
267	untuniutntrng55886	1.0	35994	10/100	0.1
268	untuniutntrng55886	1.0	35913	10/100	0.1
269	untuniutntrng55886	1.0	35889	10/100	0.1
270	untuniutntrng55886	1.0	35859	10/100	0.1
271	untuniutntrng55886	1.0	35803	10/100	0.1
272	untuniutntrng55886	1.0	35923	10/100	0.1
273	untuniutntrng55886	0.9999999999999998	35930	10/100	0.1
274	untuniutntrng55886	1.0	35905	10/100	0.1
275	untuniutntrng55886	1.0	35899	10/100	0.1
276	untuniutntrng55886	1.0	35443	10/100	0.1
277	untuniutntrng55886	1.0	35980	10/100	0.1
278	untuniutntrng55886	1.0	35887	10/100	0.1
279	untuniutntrng55886	1.0	35956	10/100	0.1
280	untuniutntrng55886	1.0	35942	10/100	0.1
281	untuniutntrng55886	1.0	35807	10/100	0.1
282	untuniutntrng55886	1.0	35734	10/100	0.1
283	untuniutntrng55886	0.9999999999999998	35930	10/100	0.1
284	untuniutntrng55886	1.0	36090	10/100	0.1
285	untuniutntrng55886	1.0	35923	10/100	0.1
286	untuniutntrng55886	1.0	35924	10/100	0.1
287	untuniutntrng55886	1.0	35913	10/100	0.1
288	untuniutntrng55886	1.0	35994	10/100	0.1
289	untuniutntrng55886	0.9999999999999998	35895	10/100	0.1
290	untuniutntrng55886	1.0	35998	10/100	0.1
291	untuniutntrng55886	1.0	35965	10/100	0.1
292	untuniutntrng55886	1.0	35814	10/100	0.1
293	untuniutntrng55886	1.0	35976	10/100	0.1
294	untuniutntrng55886	1.0	32336	10/100	0.1
295	untuniutntrng55886	1.0	35891	10/100	0.1
296	untuniutntrng55886	1.0	35894	10/100	0.1
297	untuniutntrng55886	1.0	35728	10/100	0.1
298	untuniutntrng55886	1.0	35828	10/100	0.1
299	untuniutntrng55886	1.0	30855	10/100	0.1
300	untuniutntrng55886	1.0	31866	1/1000	0.001
301	untuniutntrng55886	1.0	28846	1/1000	0.001
302	untuniutntrng55886	1.0	35086	1/1000	0.001
303	untuniutntrng55886	1.0	27637	1/1000	0.001
304	untuniutntrng55886	1.0	26692	1/1000	0.001
305	untuniutntrng55886	1.0	33193	1/1000	0.001
306	untuniutntrng55886	1.0	32728	1/1000	0.001
307	untuniutntrng55886	1.0	28623	1/1000	0.001
308	untuniutntrng55886	1.0	33512	1/1000	0.001
309	untuniutntrng55886	1.0	30809	1/1000	0.001
310	untuniutntrng55886	1.0	32724	1/1000	0.001
311	untuniutntrng55886	1.0	29134	1/1000	0.001
312	untuniutntrng55886	1.0	33681	1/1000	0.001
313	untuniutntrng55886	1.0	27365	1/1000	0.001
314	untuniutntrng55886	1.0	30697	1/1000	0.001
315	untuniutntrng55886	1.0	28967	1/1000	0.001
316	untuniutntrng55886	1.0	35643	1/1000	0.001
317	untuniutntrng55886	1.0	29248	1/1000	0.001
318	untuniutntrng55886	1.0	28334	1/1000	0.001
319	untuniutntrng55886	1.0	30662	1/1000	0.001
320	untuniutntrng55886	1.0	28023	1/1000	0.001
321	untuniutntrng55886	1.0	24352	1/1000	0.001
322	untuniutntrng55886	1.0	27098	1/1000	0.001
323	untuniutntrng55886	1.0	30865	1/1000	0.001
324	untuniutntrng55886	1.0	35678	1/1000	0.001
325	untuniutntrng55886	1.0	26828	1/1000	0.001
326	untuniutntrng55886	1.0	34803	1/1000	0.001
327	untuniutntrng55886	1.0	31516	1/1000	0.001
328	untuniutntrng55886	1.0	28232	1/1000	0.001
329	untuniutntrng55886	1.0	33733	1/1000	0.001
330	untuniutntrng55886	1.0	31230	1/1000	0.001
331	untuniutntrng55886	1.0	29449	1/1000	0.001
332	untuniutntrng55886	1.0	35258	1/1000	0.001
333	untuniutntrng55886	1.0	27227	1/1000	0.001
334	untuniutntrng55886	1.0	33775	1/1000	0.001
335	untuniutntrng55886	1.0	33047	1/1000	0.001
336	untuniutntrng55886	1.0	33131	1/1000	0.001
337	untuniutntrng55886	1.0	28168	1/1000	0.001
338	untuniutntrng55886	1.0	32759	1/1000	0.001
339	untuniutntrng55886	1.0	32553	1/1000	0.001
340	untuniutntrng55886	1.0	25499	1/1000	0.001
341	untuniutntrng55886	1.0	35625	1/1000	0.001
342	untuniutntrng55886	1.0	24109	1/1000	0.001
343	untuniutntrng55886	1.0	29308	1/1000	0.001
344	untuniutntrng55886	1.0	28100	1/1000	0.001
345	untuniutntrng55886	1.0	32552	1/1000	0.001
346	untuniutntrng55886	1.0	31247	1/1000	0.001
347	untuniutntrng55886	1.0	27413	1/1000	0.001
348	untuniutntrng55886	1.0	29084	1/1000	0.001
349	untuniutntrng55886	1.0	25791	1/1000	0.001
350	untuniutntrng55886	1.0	32920	1/1000	0.001
351	untuniutntrng55886	1.0	23944	1/1000	0.001
352	untuniutntrng55886	1.0	35574	1/1000	0.001
353	untuniutntrng55886	1.0	29479	1/1000	0.001
354	untuniutntrng55886	1.0	35241	1/1000	0.001
355	untuniutntrng55886	1.0	28948	1/1000	0.001
356	untuniutntrng55886	1.0	34654	1/1000	0.001
357	untuniutntrng55886	1.0	29207	1/1000	0.001
358	untuniutntrng55886	1.0	35251	1/1000	0.001
359	untuniutntrng55886	1.0	35590	1/1000	0.001
360	untuniutntrng55886	1.0	29552	1/1000	0.001
361	untuniutntrng55886	1.0	29201	1/1000	0.001
362	untuniutntrng55886	1.0	29250	1/1000	0.001
363	untuniutntrng55886	1.0	27688	1/1000	0.001
364	untuniutntrng55886	1.0	23705	1/1000	0.001
365	untuniutntrng55886	1.0	29176	1/1000	0.001
366	untuniutntrng55886	1.0	30433	1/1000	0.001
367	untuniutntrng55886	1.0	28666	1/1000	0.001
368	untuniutntrng55886	1.0	26792	1/1000	0.001
369	untuniutntrng55886	1.0	25544	1/1000	0.001
370	untuniutntrng55886	1.0	26836	1/1000	0.001
371	untuniutntrng55886	1.0	29092	1/1000	0.001
372	untuniutntrng55886	1.0	33634	1/1000	0.001
373	untuniutntrng55886	1.0	25848	1/1000	0.001
374	untuniutntrng55886	1.0	30463	1/1000	0.001
375	untuniutntrng55886	1.0	31189	1/1000	0.001
376	untuniutntrng55886	1.0	33477	1/1000	0.001
377	untuniutntrng55886	1.0	26070	1/1000	0.001
378	untuniutntrng55886	1.0	34061	1/1000	0.001
379	untuniutntrng55886	1.0	34317	1/1000	0.001
380	untuniutntrng55886	1.0	26932	1/1000	0.001
381	untuniutntrng55886	1.0	27582	1/1000	0.001
382	untuniutntrng55886	1.0	29240	1/1000	0.001
383	untuniutntrng55886	1.0	27886	1/1000	0.001
384	untuniutntrng55886	1.0	32102	1/1000	0.001
385	untuniutntrng55886	1.0	32187	1/1000	0.001
386	untuniutntrng55886	1.0	30796	1/1000	0.001
387	untuniutntrng55886	1.0	25116	1/1000	0.001
388	untuniutntrng55886	1.0	31494	1/1000	0.001
389	untuniutntrng55886	1.0	35868	1/1000	0.001
390	untuniutntrng55886	1.0	29103	1/1000	0.001
391	untuniutntrng55886	1.0	35475	1/1000	0.001
392	untuniutntrng55886	1.0	32642	1/1000	0.001
393	untuniutntrng55886	1.0	33804	1/1000	0.001
394	untuniutntrng55886	1.0	33859	1/1000	0.001
395	untuniutntrng55886	1.0	34128	1/1000	0.001
396	untuniutntrng55886	1.0	32648	1/1000	0.001
397	untuniutntrng55886	1.0	33386	1/1000	0.001
398	untuniutntrng55886	1.0	24906	1/1000	0.001
399	untuniutntrng55886	1.0	29827	1/1000	0.001
400	untuniutntrng55886	1.0	35674	200/5	40.0
401	untuniutntrng55886	1.0	35708	200/5	40.0
402	untuniutntrng55886	1.0	35518	200/5	40.0
403	untuniutntrng55886	1.0	35741	200/5	40.0
404	untuniutntrng55886	1.0	35757	200/5	40.0
405	untuniutntrng55886	1.0	35896	200/5	40.0
406	untuniutntrng55886	1.0	35734	200/5	40.0
407	untuniutntrng55886	1.0	35772	200/5	40.0
408	untuniutntrng55886	1.0	35781	200/5	40.0
409	untuniutntrng55886	1.0	35753	200/5	40.0
410	untuniutntrng55886	1.0	35799	200/5	40.0
411	untuniutntrng55886	1.0	35747	200/5	40.0
412	untuniutntrng55886	1.0	35817	200/5	40.0
413	untuniutntrng55886	1.0	35932	200/5	40.0
414	untuniutntrng55886	1.0	35837	200/5	40.0
415	untuniutntrng55886	1.0	35659	200/5	40.0
416	untuniutntrng55886	1.0	35840	200/5	40.0
417	untuniutntrng55886	1.0	35828	200/5	40.0
418	untuniutntrng55886	1.0	35810	200/5	40.0
419	untuniutntrng55886	1.0	35713	200/5	40.0
420	untuniutntrng55886	1.0	35833	200/5	40.0
421	untuniutntrng55886	1.0	35552	200/5	40.0
422	untuniutntrng55886	1.0	35024	200/5	40.0
423	untuniutntrng55886	1.0	35644	200/5	40.0
424	untuniutntrng55886	1.0	35935	200/5	40.0
425	untuniutntrng55886	1.0	35804	200/5	40.0
426	untuniutntrng55886	1.0	35831	200/5	40.0
427	untuniutntrng55886	1.0	35884	200/5	40.0
428	untuniutntrng55886	1.0	35442	200/5	40.0
429	untuniutntrng55886	1.0	35920	200/5	40.0
430	untuniutntrng55886	1.0	36002	200/5	40.0
431	untuniutntrng55886	1.0	35776	200/5	40.0
432	untuniutntrng55886	1.0	35637	200/5	40.0
433	untuniutntrng55886	1.0	35693	200/5	40.0
434	untuniutntrng55886	1.0	36022	200/5	40.0
435	untuniutntrng55886	1.0	35535	200/5	40.0
436	untuniutntrng55886	1.0	34065	200/5	40.0
437	untuniutntrng55886	1.0	35706	200/5	40.0
438	untuniutntrng55886	1.0	35723	200/5	40.0
439	untuniutntrng55886	1.0	35762	200/5	40.0
440	untuniutntrng55886	1.0	35838	200/5	40.0
441	untuniutntrng55886	1.0	35827	200/5	40.0
442	untuniutntrng55886	1.0	35681	200/5	40.0
443	untuniutntrng55886	1.0	35879	200/5	40.0
444	untuniutntrng55886	1.0	35813	200/5	40.0
445	untuniutntrng55886	1.0	35783	200/5	40.0
446	untuniutntrng55886	1.0	35958	200/5	40.0
447	untuniutntrng55886	1.0	35692	200/5	40.0
448	untuniutntrng55886	1.0	35872	200/5	40.0
449	untuniutntrng55886	1.0	35689	200/5	40.0
450	untuniutntrng55886	1.0	35876	200/5	40.0
451	untuniutntrng55886	1.0	35760	200/5	40.0
452	untuniutntrng55886	1.0	35734	200/5	40.0
453	untuniutntrng55886	1.0	35702	200/5	40.0
454	untuniutntrng55886	1.0	35851	200/5	40.0
455	untuniutntrng55886	1.0	36010	200/5	40.0
456	untuniutntrng55886	1.0	35846	200/5	40.0
457	untuniutntrng55886	1.0	35672	200/5	40.0
458	untuniutntrng55886	1.0	35808	200/5	40.0
459	untuniutntrng55886	1.0	35912	200/5	40.0
460	untuniutntrng55886	1.0	35814	200/5	40.0
461	untuniutntrng55886	1.0	35968	200/5	40.0
462	untuniutntrng55886	1.0	35673	200/5	40.0
463	untuniutntrng55886	1.0	35986	200/5	40.0
464	untuniutntrng55886	1.0	35601	200/5	40.0
465	untuniutntrng55886	1.0	35669	200/5	40.0
466	untuniutntrng55886	1.0	35833	200/5	40.0
467	untuniutntrng55886	1.0	35951	200/5	40.0
468	untuniutntrng55886	1.0	35744	200/5	40.0
469	untuniutntrng55886	1.0	35697	200/5	40.0
470	untuniutntrng55886	1.0	35756	200/5	40.0
471	untuniutntrng55886	1.0	35757	200/5	40.0
472	untuniutntrng55886	1.0	35806	200/5	40.0
473	untuniutntrng55886	1.0	35832	200/5	40.0
474	untuniutntrng55886	1.0	35561	200/5	40.0
475	untuniutntrng55886	1.0	35849	200/5	40.0
476	untuniutntrng55886	1.0	35547	200/5	40.0
477	untuniutntrng55886	1.0	35639	200/5	40.0
478	untuniutntrng55886	1.0	35916	200/5	40.0
479	untuniutntrng55886	1.0	35873	200/5	40.0
480	untuniutntrng55886	1.0	35985	200/5	40.0
481	untuniutntrng55886	1.0	35683	200/5	40.0
482	untuniutntrng55886	1.0	35825	200/5	40.0
483	untuniutntrng55886	1.0	35760	200/5	40.0
484	untuniutntrng55886	1.0	35641	200/5	40.0
485	untuniutntrng55886	1.0	35679	200/5	40.0
486	untuniutntrng55886	1.0	35967	200/5	40.0
487	untuniutntrng55886	1.0	35687	200/5	40.0
488	untuniutntrng55886	1.0	35764	200/5	40.0
489	untuniutntrng55886	1.0	35737	200/5	40.0
490	untuniutntrng55886	0.9999999999999998	35893	200/5	40.0
491	untuniutntrng55886	1.0	35703	200/5	40.0
492	untuniutntrng55886	1.0	35829	200/5	40.0
493	untuniutntrng55886	1.0	35885	200/5	40.0
494	untuniutntrng55886	1.0	35637	200/5	40.0
495	untuniutntrng55886	1.0	35726	200/5	40.0
496	untuniutntrng55886	1.0	35711	200/5	40.0
497	untuniutntrng55886	1.0	35862	200/5	40.0
498	untuniutntrng55886	1.0	35902	200/5	40.0
499	untuniutntrng55886	1.0	35716	200/5	40.0
500	untuniutntrng55886	1.0	36033	20/50	0.4
501	untuniutntrng55886	1.0	35837	20/50	0.4
502	untuniutntrng55886	1.0	35880	20/50	0.4
503	untuniutntrng55886	1.0	35846	20/50	0.4
504	untuniutntrng55886	1.0	35628	20/50	0.4
505	untuniutntrng55886	1.0	35912	20/50	0.4
506	untuniutntrng55886	1.0	35908	20/50	0.4
507	untuniutntrng55886	1.0	35568	20/50	0.4
508	untuniutntrng55886	1.0	35621	20/50	0.4
509	untuniutntrng55886	1.0	35960	20/50	0.4
510	untuniutntrng55886	1.0	35756	20/50	0.4
511	untuniutntrng55886	1.0	35783	20/50	0.4
512	untuniutntrng55886	1.0	36006	20/50	0.4
513	untuniutntrng55886	1.0	35743	20/50	0.4
514	untuniutntrng55886	1.0	35740	20/50	0.4
515	untuniutntrng55886	1.0	35878	20/50	0.4
516	untuniutntrng55886	1.0	35823	20/50	0.4
517	untuniutntrng55886	1.0	35932	20/50	0.4
518	untuniutntrng55886	1.0	26161	20/50	0.4
519	untuniutntrng55886	1.0	35723	20/50	0.4
520	untuniutntrng55886	1.0	35674	20/50	0.4
521	untuniutntrng55886	1.0	35994	20/50	0.4
522	untuniutntrng55886	1.0	35711	20/50	0.4
523	untuniutntrng55886	1.0	35781	20/50	0.4
524	untuniutntrng55886	1.0	35822	20/50	0.4
525	untuniutntrng55886	1.0	36027	20/50	0.4
526	untuniutntrng55886	1.0	35842	20/50	0.4
527	untuniutntrng55886	1.0	35980	20/50	0.4
528	untuniutntrng55886	1.0	35948	20/50	0.4
529	untuniutntrng55886	1.0	35842	20/50	0.4
530	untuniutntrng55886	1.0	35965	20/50	0.4
531	untuniutntrng55886	1.0	35841	20/50	0.4
532	untuniutntrng55886	1.0	35668	20/50	0.4
533	untuniutntrng55886	1.0	35769	20/50	0.4
534	untuniutntrng55886	1.0	35896	20/50	0.4
535	untuniutntrng55886	1.0	35694	20/50	0.4
536	untuniutntrng55886	1.0	36058	20/50	0.4
537	untuniutntrng55886	1.0	35862	20/50	0.4
538	untuniutntrng55886	1.0	36085	20/50	0.4
539	untuniutntrng55886	1.0	35642	20/50	0.4
540	untuniutntrng55886	1.0	35826	20/50	0.4
541	untuniutntrng55886	1.0	35757	20/50	0.4
542	untuniutntrng55886	1.0	35870	20/50	0.4
543	untuniutntrng55886	1.0	35828	20/50	0.4
544	untuniutntrng55886	1.0	35839	20/50	0.4
545	untuniutntrng55886	1.0	35533	20/50	0.4
546	untuniutntrng55886	1.0	35936	20/50	0.4
547	untuniutntrng55886	1.0	35652	20/50	0.4
548	untuniutntrng55886	1.0	35906	20/50	0.4
549	untuniutntrng55886	1.0	35651	20/50	0.4
550	untuniutntrng55886	1.0	36094	20/50	0.4
551	untuniutntrng55886	1.0	35756	20/50	0.4
552	untuniutntrng55886	1.0	35691	20/50	0.4
553	untuniutntrng55886	1.0	35861	20/50	0.4
554	untuniutntrng55886	1.0	35802	20/50	0.4
555	untuniutntrng55886	1.0	35661	20/50	0.4
556	untuniutntrng55886	1.0	35730	20/50	0.4
557	untuniutntrng55886	1.0	36113	20/50	0.4
558	untuniutntrng55886	1.0	35975	20/50	0.4
559	untuniutntrng55886	1.0	35627	20/50	0.4
560	untuniutntrng55886	1.0	35630	20/50	0.4
561	untuniutntrng55886	1.0	35908	20/50	0.4
562	untuniutntrng55886	1.0	36075	20/50	0.4
563	untuniutntrng55886	1.0	25898	20/50	0.4
564	untuniutntrng55886	1.0	35750	20/50	0.4
565	untuniutntrng55886	1.0	33577	20/50	0.4
566	untuniutntrng55886	1.0	35837	20/50	0.4
567	untuniutntrng55886	1.0	35798	20/50	0.4
568	untuniutntrng55886	1.0	35944	20/50	0.4
569	untuniutntrng55886	1.0	35869	20/50	0.4
570	untuniutntrng55886	1.0	35800	20/50	0.4
571	untuniutntrng55886	1.0	35784	20/50	0.4
572	untuniutntrng55886	1.0	35812	20/50	0.4
573	untuniutntrng55886	0.9999999999999998	35849	20/50	0.4
574	untuniutntrng55886	1.0	36040	20/50	0.4
575	untuniutntrng55886	1.0	35924	20/50	0.4
576	untuniutntrng55886	1.0	36027	20/50	0.4
577	untuniutntrng55886	1.0	35666	20/50	0.4
578	untuniutntrng55886	1.0	35862	20/50	0.4
579	untuniutntrng55886	1.0	35592	20/50	0.4
580	untuniutntrng55886	1.0	35836	20/50	0.4
581	untuniutntrng55886	1.0	35829	20/50	0.4
582	untuniutntrng55886	1.0	35819	20/50	0.4
583	untuniutntrng55886	1.0	35981	20/50	0.4
584	untuniutntrng55886	1.0	35811	20/50	0.4
585	untuniutntrng55886	1.0	35852	20/50	0.4
586	untuniutntrng55886	1.0	35878	20/50	0.4
587	untuniutntrng55886	1.0	35757	20/50	0.4
588	untuniutntrng55886	1.0	35696	20/50	0.4
589	untuniutntrng55886	1.0	25795	20/50	0.4
590	untuniutntrng55886	1.0	35743	20/50	0.4
591	untuniutntrng55886	1.0	35640	20/50	0.4
592	untuniutntrng55886	1.0	35876	20/50	0.4
593	untuniutntrng55886	1.0	35268	20/50	0.4
594	untuniutntrng55886	1.0	35691	20/50	0.4
595	untuniutntrng55886	1.0	35580	20/50	0.4
596	untuniutntrng55886	1.0	36005	20/50	0.4
597	untuniutntrng55886	1.0	35752	20/50	0.4
598	untuniutntrng55886	1.0	35614	20/50	0.4
599	untuniutntrng55886	1.0	35974	20/50	0.4
600	untuniutntrng55886	1.0	25519	2/500	0.004
601	untuniutntrng55886	1.0	35776	2/500	0.004
602	untuniutntrng55886	1.0	36069	2/500	0.004
603	untuniutntrng55886	1.0	35779	2/500	0.004
604	untuniutntrng55886	1.0	25380	2/500	0.004
605	untuniutntrng55886	1.0	23886	2/500	0.004
606	untuniutntrng55886	1.0	26191	2/500	0.004
607	untuniutntrng55886	1.0	25049	2/500	0.004
608	untuniutntrng55886	1.0	24347	2/500	0.004
609	untuniutntrng55886	1.0	25425	2/500	0.004
610	untuniutntrng55886	1.0	24869	2/500	0.004
611	untuniutntrng55886	1.0	25039	2/500	0.004
612	untuniutntrng55886	1.0	25336	2/500	0.004
613	untuniutntrng55886	1.0	26667	2/500	0.004
614	untuniutntrng55886	1.0	35580	2/500	0.004
615	untuniutntrng55886	1.0	25470	2/500	0.004
616	untuniutntrng55886	1.0	25167	2/500	0.004
617	untuniutntrng55886	1.0	24345	2/500	0.004
618	untuniutntrng55886	1.0	25381	2/500	0.004
619	untuniutntrng55886	1.0	35755	2/500	0.004
620	untuniutntrng55886	1.0	35907	2/500	0.004
621	untuniutntrng55886	1.0	26011	2/500	0.004
622	untuniutntrng55886	1.0	24810	2/500	0.004
623	untuniutntrng55886	1.0	35990	2/500	0.004
624	untuniutntrng55886	1.0	35890	2/500	0.004
625	untuniutntrng55886	1.0	24086	2/500	0.004
626	untuniutntrng55886	1.0	26418	2/500	0.004
627	untuniutntrng55886	1.0	25187	2/500	0.004
628	untuniutntrng55886	1.0	36047	2/500	0.004
629	untuniutntrng55886	1.0	26272	2/500	0.004
630	untuniutntrng55886	1.0	25624	2/500	0.004
631	untuniutntrng55886	1.0	35982	2/500	0.004
632	untuniutntrng55886	1.0	25042	2/500	0.004
633	untuniutntrng55886	1.0	25471	2/500	0.004
634	untuniutntrng55886	1.0	26544	2/500	0.004
635	untuniutntrng55886	1.0	23447	2/500	0.004
636	untuniutntrng55886	1.0	25210	2/500	0.004
637	untuniutntrng55886	1.0	24483	2/500	0.004
638	untuniutntrng55886	1.0	36037	2/500	0.004
639	untuniutntrng55886	1.0	35832	2/500	0.004
640	untuniutntrng55886	1.0	25998	2/500	0.004
641	untuniutntrng55886	1.0	25225	2/500	0.004
642	untuniutntrng55886	1.0	25035	2/500	0.004
643	untuniutntrng55886	1.0	25374	2/500	0.004
644	untuniutntrng55886	1.0	26029	2/500	0.004
645	untuniutntrng55886	1.0	25095	2/500	0.004
646	untuniutntrng55886	1.0	25401	2/500	0.004
647	untuniutntrng55886	1.0	35723	2/500	0.004
648	untuniutntrng55886	1.0	35851	2/500	0.004
649	untuniutntrng55886	1.0	25078	2/500	0.004
650	untuniutntrng55886	1.0	26589	2/500	0.004
651	untuniutntrng55886	1.0	26014	2/500	0.004
652	untuniutntrng55886	1.0	25275	2/500	0.004
653	untuniutntrng55886	1.0	25695	2/500	0.004
654	untuniutntrng55886	1.0	25715	2/500	0.004
655	untuniutntrng55886	1.0	35636	2/500	0.004
656	untuniutntrng55886	1.0	25205	2/500	0.004
657	untuniutntrng55886	1.0	25612	2/500	0.004
658	untuniutntrng55886	1.0	25580	2/500	0.004
659	untuniutntrng55886	1.0	26677	2/500	0.004
660	untuniutntrng55886	1.0	35747	2/500	0.004
661	untuniutntrng55886	1.0	25030	2/500	0.004
662	untuniutntrng55886	1.0	25292	2/500	0.004
663	untuniutntrng55886	1.0	35815	2/500	0.004
664	untuniutntrng55886	1.0	23466	2/500	0.004
665	untuniutntrng55886	1.0	25291	2/500	0.004
666	untuniutntrng55886	1.0	35613	2/500	0.004
667	untuniutntrng55886	1.0	25127	2/500	0.004
668	untuniutntrng55886	1.0	26193	2/500	0.004
669	untuniutntrng55886	1.0	35806	2/500	0.004
670	untuniutntrng55886	1.0	25755	2/500	0.004
671	untuniutntrng55886	1.0	24132	2/500	0.004
672	untuniutntrng55886	1.0	35741	2/500	0.004
673	untuniutntrng55886	1.0	25359	2/500	0.004
674	untuniutntrng55886	1.0	25160	2/500	0.004
675	untuniutntrng55886	1.0	24211	2/500	0.004
676	untuniutntrng55886	1.0	35874	2/500	0.004
677	untuniutntrng55886	1.0	35940	2/500	0.004
678	untuniutntrng55886	1.0	25097	2/500	0.004
679	untuniutntrng55886	1.0	25469	2/500	0.004
680	untuniutntrng55886	1.0	26400	2/500	0.004
681	untuniutntrng55886	1.0	29282	2/500	0.004
682	untuniutntrng55886	1.0	25634	2/500	0.004
683	untuniutntrng55886	1.0	25095	2/500	0.004
684	untuniutntrng55886	1.0	35815	2/500	0.004
685	untuniutntrng55886	1.0	25448	2/500	0.004
686	untuniutntrng55886	1.0	25010	2/500	0.004
687	untuniutntrng55886	1.0	35968	2/500	0.004
688	untuniutntrng55886	1.0	25119	2/500	0.004
689	untuniutntrng55886	1.0	24923	2/500	0.004
690	untuniutntrng55886	1.0	26336	2/500	0.004
691	untuniutntrng55886	1.0	35777	2/500	0.004
692	untuniutntrng55886	1.0	25318	2/500	0.004
693	untuniutntrng55886	1.0	25703	2/500	0.004
694	untuniutntrng55886	1.0	25579	2/500	0.004
695	untuniutntrng55886	1.0	25659	2/500	0.004
696	untuniutntrng55886	1.0	35806	2/500	0.004
697	untuniutntrng55886	1.0	25253	2/500	0.004
698	untuniutntrng55886	1.0	24863	2/500	0.004
699	untuniutntrng55886	1.0	25406	2/500	0.004
700	untuniutntrng55886	1.0	35815	500/2	250.0
701	untuniutntrng55886	1.0	35935	500/2	250.0
702	untuniutntrng55886	1.0	35782	500/2	250.0
703	untuniutntrng55886	1.0	35693	500/2	250.0
704	untuniutntrng55886	1.0	35677	500/2	250.0
705	untuniutntrng55886	1.0	35970	500/2	250.0
706	untuniutntrng55886	1.0	35799	500/2	250.0
707	untuniutntrng55886	1.0	36055	500/2	250.0
708	untuniutntrng55886	1.0	35854	500/2	250.0
709	untuniutntrng55886	1.0	35654	500/2	250.0
710	untuniutntrng55886	1.0	35635	500/2	250.0
711	untuniutntrng55886	1.0	35963	500/2	250.0
712	untuniutntrng55886	1.0	35973	500/2	250.0
713	untuniutntrng55886	1.0	35427	500/2	250.0
714	untuniutntrng55886	1.0	35856	500/2	250.0
715	untuniutntrng55886	1.0	35756	500/2	250.0
716	untuniutntrng55886	1.0	35786	500/2	250.0
717	untuniutntrng55886	1.0	35799	500/2	250.0
718	untuniutntrng55886	1.0	35658	500/2	250.0
719	untuniutntrng55886	1.0	35767	500/2	250.0
720	untuniutntrng55886	1.0	35980	500/2	250.0
721	untuniutntrng55886	1.0	35858	500/2	250.0
722	untuniutntrng55886	1.0	35706	500/2	250.0
723	untuniutntrng55886	1.0	35908	500/2	250.0
724	untuniutntrng55886	1.0	35894	500/2	250.0
725	untuniutntrng55886	1.0	35842	500/2	250.0
726	untuniutntrng55886	1.0	35475	500/2	250.0
727	untuniutntrng55886	1.0	35653	500/2	250.0
728	untuniutntrng55886	1.0	35525	500/2	250.0
729	untuniutntrng55886	1.0	35840	500/2	250.0
730	untuniutntrng55886	1.0	35668	500/2	250.0
731	untuniutntrng55886	1.0	35716	500/2	250.0
732	untuniutntrng55886	1.0	35731	500/2	250.0
733	untuniutntrng55886	1.0	35913	500/2	250.0
734	untuniutntrng55886	1.0	35852	500/2	250.0
735	untuniutntrng55886	1.0	33890	500/2	250.0
736	untuniutntrng55886	1.0	36155	500/2	250.0
737	untuniutntrng55886	1.0	35839	500/2	250.0
738	untuniutntrng55886	1.0	36289	500/2	250.0
739	untuniutntrng55886	1.0	35973	500/2	250.0
740	untuniutntrng55886	1.0	35722	500/2	250.0
741	untuniutntrng55886	1.0	35739	500/2	250.0
742	untuniutntrng55886	1.0	35815	500/2	250.0
743	untuniutntrng55886	1.0	35761	500/2	250.0
744	untuniutntrng55886	1.0	35937	500/2	250.0
745	untuniutntrng55886	1.0	35977	500/2	250.0
746	untuniutntrng55886	1.0	35832	500/2	250.0
747	untuniutntrng55886	1.0	35850	500/2	250.0
748	untuniutntrng55886	1.0	35947	500/2	250.0
749	untuniutntrng55886	1.0	35931	500/2	250.0
750	untuniutntrng55886	1.0	35869	500/2	250.0
751	untuniutntrng55886	1.0	35615	500/2	250.0
752	untuniutntrng55886	1.0	35892	500/2	250.0
753	untuniutntrng55886	1.0	35637	500/2	250.0
754	untuniutntrng55886	1.0	35700	500/2	250.0
755	untuniutntrng55886	1.0	35757	500/2	250.0
756	untuniutntrng55886	1.0	35773	500/2	250.0
757	untuniutntrng55886	1.0	36050	500/2	250.0
758	untuniutntrng55886	1.0	35958	500/2	250.0
759	untuniutntrng55886	1.0	35895	500/2	250.0
760	untuniutntrng55886	1.0	35788	500/2	250.0
761	untuniutntrng55886	1.0	35964	500/2	250.0
762	untuniutntrng55886	1.0	35907	500/2	250.0
763	untuniutntrng55886	1.0	35645	500/2	250.0
764	untuniutntrng55886	1.0	35815	500/2	250.0
765	untuniutntrng55886	1.0	35953	500/2	250.0
766	untuniutntrng55886	1.0	35794	500/2	250.0
767	untuniutntrng55886	1.0	35764	500/2	250.0
768	untuniutntrng55886	1.0	35705	500/2	250.0
769	untuniutntrng55886	1.0	35852	500/2	250.0
770	untuniutntrng55886	1.0	35690	500/2	250.0
771	untuniutntrng55886	1.0	35729	500/2	250.0
772	untuniutntrng55886	1.0	35721	500/2	250.0
773	untuniutntrng55886	1.0	35897	500/2	250.0
774	untuniutntrng55886	1.0	35693	500/2	250.0
775	untuniutntrng55886	1.0	35696	500/2	250.0
776	untuniutntrng55886	1.0	35771	500/2	250.0
777	untuniutntrng55886	1.0	35944	500/2	250.0
778	untuniutntrng55886	1.0	35637	500/2	250.0
779	untuniutntrng55886	1.0	35626	500/2	250.0
780	untuniutntrng55886	1.0	35635	500/2	250.0
781	untuniutntrng55886	1.0	35763	500/2	250.0
782	untuniutntrng55886	1.0	35711	500/2	250.0
783	untuniutntrng55886	1.0	35618	500/2	250.0
784	untuniutntrng55886	1.0	35741	500/2	250.0
785	untuniutntrng55886	1.0	35858	500/2	250.0
786	untuniutntrng55886	1.0	35765	500/2	250.0
787	untuniutntrng55886	1.0	35889	500/2	250.0
788	untuniutntrng55886	1.0	35723	500/2	250.0
789	untuniutntrng55886	1.0	35774	500/2	250.0
790	untuniutntrng55886	1.0	35876	500/2	250.0
791	untuniutntrng55886	1.0	35789	500/2	250.0
792	untuniutntrng55886	1.0	35759	500/2	250.0
793	untuniutntrng55886	1.0	36092	500/2	250.0
794	untuniutntrng55886	1.0	35768	500/2	250.0
795	untuniutntrng55886	1.0	35662	500/2	250.0
796	untuniutntrng55886	1.0	35739	500/2	250.0
797	untuniutntrng55886	1.0	35886	500/2	250.0
798	untuniutntrng55886	1.0	35816	500/2	250.0
799	untuniutntrng55886	1.0	35226	500/2	250.0
800	untuniutntrng55886	1.0	35953	50/20	2.5
801	untuniutntrng55886	1.0	35875	50/20	2.5
802	untuniutntrng55886	1.0	36014	50/20	2.5
803	untuniutntrng55886	1.0	35767	50/20	2.5
804	untuniutntrng55886	1.0	35804	50/20	2.5
805	untuniutntrng55886	1.0	35686	50/20	2.5
806	untuniutntrng55886	1.0	35736	50/20	2.5
807	untuniutntrng55886	1.0	35756	50/20	2.5
808	untuniutntrng55886	1.0	25478	50/20	2.5
809	untuniutntrng55886	1.0	35780	50/20	2.5
810	untuniutntrng55886	1.0	35766	50/20	2.5
811	untuniutntrng55886	1.0	35934	50/20	2.5
812	untuniutntrng55886	1.0	36014	50/20	2.5
813	untuniutntrng55886	1.0	35967	50/20	2.5
814	untuniutntrng55886	1.0	35751	50/20	2.5
815	untuniutntrng55886	1.0	35880	50/20	2.5
816	untuniutntrng55886	1.0	35795	50/20	2.5
817	untuniutntrng55886	1.0	35796	50/20	2.5
818	untuniutntrng55886	1.0	35897	50/20	2.5
819	untuniutntrng55886	1.0	35813	50/20	2.5
820	untuniutntrng55886	1.0	35798	50/20	2.5
821	untuniutntrng55886	1.0	35996	50/20	2.5
822	untuniutntrng55886	1.0	36006	50/20	2.5
823	untuniutntrng55886	1.0	35727	50/20	2.5
824	untuniutntrng55886	1.0	35810	50/20	2.5
825	untuniutntrng55886	1.0	35860	50/20	2.5
826	untuniutntrng55886	1.0	31135	50/20	2.5
827	untuniutntrng55886	1.0	35958	50/20	2.5
828	untuniutntrng55886	1.0	35979	50/20	2.5
829	untuniutntrng55886	1.0	36119	50/20	2.5
830	untuniutntrng55886	1.0	35941	50/20	2.5
831	untuniutntrng55886	1.0	35990	50/20	2.5
832	untuniutntrng55886	1.0	35791	50/20	2.5
833	untuniutntrng55886	1.0	36008	50/20	2.5
834	untuniutntrng55886	1.0	35838	50/20	2.5
835	untuniutntrng55886	1.0	35915	50/20	2.5
836	untuniutntrng55886	1.0	35712	50/20	2.5
837	untuniutntrng55886	1.0	35868	50/20	2.5
838	untuniutntrng55886	1.0	34271	50/20	2.5
839	untuniutntrng55886	1.0	35887	50/20	2.5
840	untuniutntrng55886	1.0	35693	50/20	2.5
841	untuniutntrng55886	1.0	35958	50/20	2.5
842	untuniutntrng55886	1.0	35833	50/20	2.5
843	untuniutntrng55886	1.0	35931	50/20	2.5
844	untuniutntrng55886	1.0	35796	50/20	2.5
845	untuniutntrng55886	1.0	35858	50/20	2.5
846	untuniutntrng55886	1.0	35839	50/20	2.5
847	untuniutntrng55886	1.0	35740	50/20	2.5
848	untuniutntrng55886	1.0	35829	50/20	2.5
849	untuniutntrng55886	1.0	35814	50/20	2.5
850	untuniutntrng55886	1.0	35982	50/20	2.5
851	untuniutntrng55886	1.0	35924	50/20	2.5
852	untuniutntrng55886	0.9999999999999998	35967	50/20	2.5
853	untuniutntrng55886	1.0	35814	50/20	2.5
854	untuniutntrng55886	1.0	35819	50/20	2.5
855	untuniutntrng55886	1.0	35583	50/20	2.5
856	untuniutntrng55886	1.0	35759	50/20	2.5
857	untuniutntrng55886	1.0	35482	50/20	2.5
858	untuniutntrng55886	1.0	35823	50/20	2.5
859	untuniutntrng55886	1.0	35927	50/20	2.5
860	untuniutntrng55886	1.0	36017	50/20	2.5
861	untuniutntrng55886	1.0	35848	50/20	2.5
862	untuniutntrng55886	1.0	35833	50/20	2.5
863	untuniutntrng55886	1.0	36057	50/20	2.5
864	untuniutntrng55886	1.0	35694	50/20	2.5
865	untuniutntrng55886	1.0	35915	50/20	2.5
866	untuniutntrng55886	1.0	35918	50/20	2.5
867	untuniutntrng55886	1.0	35826	50/20	2.5
868	untuniutntrng55886	1.0	35586	50/20	2.5
869	untuniutntrng55886	1.0	35810	50/20	2.5
870	untuniutntrng55886	1.0	35807	50/20	2.5
871	untuniutntrng55886	1.0	35791	50/20	2.5
872	untuniutntrng55886	1.0	35704	50/20	2.5
873	untuniutntrng55886	1.0	36091	50/20	2.5
874	untuniutntrng55886	1.0	35672	50/20	2.5
875	untuniutntrng55886	1.0	35891	50/20	2.5
876	untuniutntrng55886	1.0	35669	50/20	2.5
877	untuniutntrng55886	1.0	35677	50/20	2.5
878	untuniutntrng55886	1.0	36032	50/20	2.5
879	untuniutntrng55886	1.0	35813	50/20	2.5
880	untuniutntrng55886	1.0	35760	50/20	2.5
881	untuniutntrng55886	1.0	35801	50/20	2.5
882	untuniutntrng55886	1.0	35982	50/20	2.5
883	untuniutntrng55886	1.0	35946	50/20	2.5
884	untuniutntrng55886	1.0	35897	50/20	2.5
885	untuniutntrng55886	1.0	35811	50/20	2.5
886	untuniutntrng55886	1.0	35698	50/20	2.5
887	untuniutntrng55886	1.0	35619	50/20	2.5
888	untuniutntrng55886	1.0	35658	50/20	2.5
889	untuniutntrng55886	1.0	35855	50/20	2.5
890	untuniutntrng55886	1.0	35889	50/20	2.5
891	untuniutntrng55886	1.0	35793	50/20	2.5
892	untuniutntrng55886	1.0	35707	50/20	2.5
893	untuniutntrng55886	1.0	35922	50/20	2.5
894	untuniutntrng55886	1.0	35877	50/20	2.5
895	untuniutntrng55886	1.0	35851	50/20	2.5
896	untuniutntrng55886	1.0	35956	50/20	2.5
897	untuniutntrng55886	1.0	35769	50/20	2.5
898	untuniutntrng55886	1.0	35764	50/20	2.5
899	untuniutntrng55886	1.0	35623	50/20	2.5
900	untuniutntrng55886	1.0	35785	5/200	0.025
901	untuniutntrng55886	1.0	35644	5/200	0.025
902	untuniutntrng55886	1.0	35928	5/200	0.025
903	untuniutntrng55886	1.0	35793	5/200	0.025
904	untuniutntrng55886	1.0	35948	5/200	0.025
905	untuniutntrng55886	1.0	35949	5/200	0.025
906	untuniutntrng55886	1.0	35994	5/200	0.025
907	untuniutntrng55886	1.0	35813	5/200	0.025
908	untuniutntrng55886	1.0	27007	5/200	0.025
909	untuniutntrng55886	1.0	35714	5/200	0.025
910	untuniutntrng55886	1.0	35833	5/200	0.025
911	untuniutntrng55886	1.0	35747	5/200	0.025
912	untuniutntrng55886	1.0	35776	5/200	0.025
913	untuniutntrng55886	1.0	35713	5/200	0.025
914	untuniutntrng55886	1.0	35939	5/200	0.025
915	untuniutntrng55886	1.0	35837	5/200	0.025
916	untuniutntrng55886	1.0	35855	5/200	0.025
917	untuniutntrng55886	1.0	35760	5/200	0.025
918	untuniutntrng55886	1.0	35828	5/200	0.025
919	untuniutntrng55886	1.0	35839	5/200	0.025
920	untuniutntrng55886	1.0	35731	5/200	0.025
921	untuniutntrng55886	1.0	35905	5/200	0.025
922	untuniutntrng55886	1.0	35625	5/200	0.025
923	untuniutntrng55886	1.0	35798	5/200	0.025
924	untuniutntrng55886	1.0	35914	5/200	0.025
925	untuniutntrng55886	1.0	35963	5/200	0.025
926	untuniutntrng55886	1.0	35901	5/200	0.025
927	untuniutntrng55886	1.0	35699	5/200	0.025
928	untuniutntrng55886	1.0	35659	5/200	0.025
929	untuniutntrng55886	1.0	35668	5/200	0.025
930	untuniutntrng55886	1.0	31423	5/200	0.025
931	untuniutntrng55886	1.0	35954	5/200	0.025
932	untuniutntrng55886	1.0	35701	5/200	0.025
933	untuniutntrng55886	1.0	35711	5/200	0.025
934	untuniutntrng55886	1.0	35520	5/200	0.025
935	untuniutntrng55886	1.0	35858	5/200	0.025
936	untuniutntrng55886	1.0	36113	5/200	0.025
937	untuniutntrng55886	1.0	35988	5/200	0.025
938	untuniutntrng55886	1.0	35751	5/200	0.025
939	untuniutntrng55886	1.0	35956	5/200	0.025
940	untuniutntrng55886	1.0	35706	5/200	0.025
941	untuniutntrng55886	1.0	35794	5/200	0.025
942	untuniutntrng55886	1.0	35669	5/200	0.025
943	untuniutntrng55886	1.0	27548	5/200	0.025
944	untuniutntrng55886	1.0	35575	5/200	0.025
945	untuniutntrng55886	1.0	35904	5/200	0.025
946	untuniutntrng55886	1.0	35610	5/200	0.025
947	untuniutntrng55886	1.0	35741	5/200	0.025
948	untuniutntrng55886	1.0	35979	5/200	0.025
949	untuniutntrng55886	1.0	35903	5/200	0.025
950	untuniutntrng55886	1.0	25578	5/200	0.025
951	untuniutntrng55886	1.0	36074	5/200	0.025
952	untuniutntrng55886	1.0	35797	5/200	0.025
953	untuniutntrng55886	1.0	35878	5/200	0.025
954	untuniutntrng55886	1.0	35871	5/200	0.025
955	untuniutntrng55886	1.0	36089	5/200	0.025
956	untuniutntrng55886	1.0	35878	5/200	0.025
957	untuniutntrng55886	1.0	35731	5/200	0.025
958	untuniutntrng55886	1.0	35750	5/200	0.025
959	untuniutntrng55886	1.0	35816	5/200	0.025
960	untuniutntrng55886	1.0	35892	5/200	0.025
961	untuniutntrng55886	1.0	35890	5/200	0.025
962	untuniutntrng55886	1.0	36043	5/200	0.025
963	untuniutntrng55886	1.0	35803	5/200	0.025
964	untuniutntrng55886	1.0	26669	5/200	0.025
965	untuniutntrng55886	1.0	35973	5/200	0.025
966	untuniutntrng55886	1.0	35886	5/200	0.025
967	untuniutntrng55886	1.0	36079	5/200	0.025
968	untuniutntrng55886	1.0	35882	5/200	0.025
969	untuniutntrng55886	1.0	35925	5/200	0.025
970	untuniutntrng55886	1.0	35794	5/200	0.025
971	untuniutntrng55886	1.0	35919	5/200	0.025
972	untuniutntrng55886	1.0	35860	5/200	0.025
973	untuniutntrng55886	1.0	35889	5/200	0.025
974	untuniutntrng55886	1.0	35961	5/200	0.025
975	untuniutntrng55886	1.0	35803	5/200	0.025
976	untuniutntrng55886	1.0	35911	5/200	0.025
977	untuniutntrng55886	1.0	35721	5/200	0.025
978	untuniutntrng55886	1.0	36080	5/200	0.025
979	untuniutntrng55886	1.0	35880	5/200	0.025
980	untuniutntrng55886	1.0	35827	5/200	0.025
981	untuniutntrng55886	1.0	35915	5/200	0.025
982	untuniutntrng55886	1.0	35766	5/200	0.025
983	untuniutntrng55886	1.0	35849	5/200	0.025
984	untuniutntrng55886	1.0	35878	5/200	0.025
985	untuniutntrng55886	1.0	27616	5/200	0.025
986	untuniutntrng55886	1.0	35762	5/200	0.025
987	untuniutntrng55886	1.0	35746	5/200	0.025
988	untuniutntrng55886	1.0	36022	5/200	0.025
989	untuniutntrng55886	1.0	35672	5/200	0.025
990	untuniutntrng55886	1.0	35987	5/200	0.025
991	untuniutntrng55886	1.0	35908	5/200	0.025
992	untuniutntrng55886	1.0	35743	5/200	0.025
993	untuniutntrng55886	1.0	35926	5/200	0.025
994	untuniutntrng55886	1.0	35908	5/200	0.025
995	untuniutntrng55886	1.0	35932	5/200	0.025
996	untuniutntrng55886	1.0	36115	5/200	0.025
997	untuniutntrng55886	1.0	35728	5/200	0.025
998	untuniutntrng55886	1.0	35770	5/200	0.025
999	untuniutntrng55886	1.0	35852	5/200	0.025
