	welsh_words	welsh	welsh_rang	dispersion	dispersion_numeric
0	untuniutntrng55886	0.0	48303	1000/1	1000.0
1	untuniutntrng55886	0.0	48438	1000/1	1000.0
2	untuniutntrng55886	0.0	48517	1000/1	1000.0
3	untuniutntrng55886	0.0	48225	1000/1	1000.0
4	untuniutntrng55886	0.0	48443	1000/1	1000.0
5	untuniutntrng55886	0.0	48475	1000/1	1000.0
6	untuniutntrng55886	0.0	48433	1000/1	1000.0
7	untuniutntrng55886	0.0	48297	1000/1	1000.0
8	untuniutntrng55886	0.0	48267	1000/1	1000.0
9	untuniutntrng55886	0.0	48383	1000/1	1000.0
10	untuniutntrng55886	0.0	48179	1000/1	1000.0
11	untuniutntrng55886	0.0	48373	1000/1	1000.0
12	untuniutntrng55886	0.0	48370	1000/1	1000.0
13	untuniutntrng55886	0.0	48320	1000/1	1000.0
14	untuniutntrng55886	0.0	48287	1000/1	1000.0
15	untuniutntrng55886	0.0	48525	1000/1	1000.0
16	untuniutntrng55886	0.0	48427	1000/1	1000.0
17	untuniutntrng55886	0.0	48319	1000/1	1000.0
18	untuniutntrng55886	0.0	48616	1000/1	1000.0
19	untuniutntrng55886	0.0	48315	1000/1	1000.0
20	untuniutntrng55886	0.0	48615	1000/1	1000.0
21	untuniutntrng55886	0.0	48351	1000/1	1000.0
22	untuniutntrng55886	0.0	48304	1000/1	1000.0
23	untuniutntrng55886	0.0	48338	1000/1	1000.0
24	untuniutntrng55886	0.0	48464	1000/1	1000.0
25	untuniutntrng55886	0.0	48484	1000/1	1000.0
26	untuniutntrng55886	0.0	48271	1000/1	1000.0
27	untuniutntrng55886	0.0	48014	1000/1	1000.0
28	untuniutntrng55886	0.0	48278	1000/1	1000.0
29	untuniutntrng55886	0.0	48479	1000/1	1000.0
30	untuniutntrng55886	0.0	48506	1000/1	1000.0
31	untuniutntrng55886	0.0	48367	1000/1	1000.0
32	untuniutntrng55886	0.0	48546	1000/1	1000.0
33	untuniutntrng55886	0.0	48610	1000/1	1000.0
34	untuniutntrng55886	0.0	48333	1000/1	1000.0
35	untuniutntrng55886	0.0	48486	1000/1	1000.0
36	untuniutntrng55886	0.0	48326	1000/1	1000.0
37	untuniutntrng55886	0.0	48403	1000/1	1000.0
38	untuniutntrng55886	0.0	48486	1000/1	1000.0
39	untuniutntrng55886	0.0	48209	1000/1	1000.0
40	untuniutntrng55886	0.0	48336	1000/1	1000.0
41	untuniutntrng55886	0.0	48291	1000/1	1000.0
42	untuniutntrng55886	0.0	48348	1000/1	1000.0
43	untuniutntrng55886	0.0	48275	1000/1	1000.0
44	untuniutntrng55886	0.0	48356	1000/1	1000.0
45	untuniutntrng55886	0.0	48302	1000/1	1000.0
46	untuniutntrng55886	0.0	48454	1000/1	1000.0
47	untuniutntrng55886	0.0	48289	1000/1	1000.0
48	untuniutntrng55886	0.0	48457	1000/1	1000.0
49	untuniutntrng55886	0.0	48323	1000/1	1000.0
50	untuniutntrng55886	0.0	48318	1000/1	1000.0
51	untuniutntrng55886	0.0	48338	1000/1	1000.0
52	untuniutntrng55886	0.0	48441	1000/1	1000.0
53	untuniutntrng55886	0.0	48442	1000/1	1000.0
54	untuniutntrng55886	0.0	48307	1000/1	1000.0
55	untuniutntrng55886	0.0	48559	1000/1	1000.0
56	untuniutntrng55886	0.0	48322	1000/1	1000.0
57	untuniutntrng55886	0.0	48189	1000/1	1000.0
58	untuniutntrng55886	0.0	48416	1000/1	1000.0
59	untuniutntrng55886	0.0	48522	1000/1	1000.0
60	untuniutntrng55886	0.0	48421	1000/1	1000.0
61	untuniutntrng55886	0.0	48410	1000/1	1000.0
62	untuniutntrng55886	0.0	48258	1000/1	1000.0
63	untuniutntrng55886	0.0	48556	1000/1	1000.0
64	untuniutntrng55886	0.0	48506	1000/1	1000.0
65	untuniutntrng55886	0.0	48405	1000/1	1000.0
66	untuniutntrng55886	0.0	48575	1000/1	1000.0
67	untuniutntrng55886	0.0	48450	1000/1	1000.0
68	untuniutntrng55886	0.0	48379	1000/1	1000.0
69	untuniutntrng55886	0.0	48310	1000/1	1000.0
70	untuniutntrng55886	0.0	48637	1000/1	1000.0
71	untuniutntrng55886	0.0	48602	1000/1	1000.0
72	untuniutntrng55886	0.0	48313	1000/1	1000.0
73	untuniutntrng55886	0.0	48432	1000/1	1000.0
74	untuniutntrng55886	0.0	48321	1000/1	1000.0
75	untuniutntrng55886	0.0	48345	1000/1	1000.0
76	untuniutntrng55886	0.0	48177	1000/1	1000.0
77	untuniutntrng55886	0.0	48490	1000/1	1000.0
78	untuniutntrng55886	0.0	48454	1000/1	1000.0
79	untuniutntrng55886	0.0	48094	1000/1	1000.0
80	untuniutntrng55886	0.0	48479	1000/1	1000.0
81	untuniutntrng55886	0.0	48280	1000/1	1000.0
82	untuniutntrng55886	0.0	48278	1000/1	1000.0
83	untuniutntrng55886	0.0	48425	1000/1	1000.0
84	untuniutntrng55886	0.0	48405	1000/1	1000.0
85	untuniutntrng55886	0.0	48432	1000/1	1000.0
86	untuniutntrng55886	0.0	48348	1000/1	1000.0
87	untuniutntrng55886	0.0	48431	1000/1	1000.0
88	untuniutntrng55886	0.0	48350	1000/1	1000.0
89	untuniutntrng55886	0.0	48283	1000/1	1000.0
90	untuniutntrng55886	0.0	48368	1000/1	1000.0
91	untuniutntrng55886	0.0	48342	1000/1	1000.0
92	untuniutntrng55886	0.0	48390	1000/1	1000.0
93	untuniutntrng55886	0.0	48326	1000/1	1000.0
94	untuniutntrng55886	0.0	48372	1000/1	1000.0
95	untuniutntrng55886	0.0	48430	1000/1	1000.0
96	untuniutntrng55886	0.0	48534	1000/1	1000.0
97	untuniutntrng55886	0.0	48381	1000/1	1000.0
98	untuniutntrng55886	0.0	48530	1000/1	1000.0
99	untuniutntrng55886	0.0	42085	1000/1	1000.0
100	untuniutntrng55886	0.0	50478	100/10	10.0
101	untuniutntrng55886	0.0	54363	100/10	10.0
102	untuniutntrng55886	0.0	50640	100/10	10.0
103	untuniutntrng55886	0.0	54529	100/10	10.0
104	untuniutntrng55886	0.0	50380	100/10	10.0
105	untuniutntrng55886	0.0	52748	100/10	10.0
106	untuniutntrng55886	0.0	52837	100/10	10.0
107	untuniutntrng55886	0.0	50577	100/10	10.0
108	untuniutntrng55886	0.0	50496	100/10	10.0
109	untuniutntrng55886	0.0	50391	100/10	10.0
110	untuniutntrng55886	0.0	50757	100/10	10.0
111	untuniutntrng55886	0.0	54711	100/10	10.0
112	untuniutntrng55886	0.0	50467	100/10	10.0
113	untuniutntrng55886	0.0	52813	100/10	10.0
114	untuniutntrng55886	0.0	50451	100/10	10.0
115	untuniutntrng55886	0.0	50624	100/10	10.0
116	untuniutntrng55886	0.0	50496	100/10	10.0
117	untuniutntrng55886	0.0	52858	100/10	10.0
118	untuniutntrng55886	0.0	50792	100/10	10.0
119	untuniutntrng55886	0.0	50542	100/10	10.0
120	untuniutntrng55886	0.0	50465	100/10	10.0
121	untuniutntrng55886	0.0	50616	100/10	10.0
122	untuniutntrng55886	0.0	52841	100/10	10.0
123	untuniutntrng55886	0.0	52779	100/10	10.0
124	untuniutntrng55886	0.0	52636	100/10	10.0
125	untuniutntrng55886	0.0	50474	100/10	10.0
126	untuniutntrng55886	0.0	50609	100/10	10.0
127	untuniutntrng55886	0.0	50655	100/10	10.0
128	untuniutntrng55886	0.0	53356	100/10	10.0
129	untuniutntrng55886	0.0	50340	100/10	10.0
130	untuniutntrng55886	0.0	53089	100/10	10.0
131	untuniutntrng55886	0.0	50469	100/10	10.0
132	untuniutntrng55886	0.0	52691	100/10	10.0
133	untuniutntrng55886	0.0	53003	100/10	10.0
134	untuniutntrng55886	0.0	52845	100/10	10.0
135	untuniutntrng55886	0.0	52628	100/10	10.0
136	untuniutntrng55886	0.0	52830	100/10	10.0
137	untuniutntrng55886	0.0	53460	100/10	10.0
138	untuniutntrng55886	0.0	52963	100/10	10.0
139	untuniutntrng55886	0.0	50742	100/10	10.0
140	untuniutntrng55886	0.0	50374	100/10	10.0
141	untuniutntrng55886	0.0	53076	100/10	10.0
142	untuniutntrng55886	0.0	53366	100/10	10.0
143	untuniutntrng55886	0.0	52689	100/10	10.0
144	untuniutntrng55886	0.0	50502	100/10	10.0
145	untuniutntrng55886	0.0	50564	100/10	10.0
146	untuniutntrng55886	0.0	50601	100/10	10.0
147	untuniutntrng55886	0.0	52721	100/10	10.0
148	untuniutntrng55886	0.0	50656	100/10	10.0
149	untuniutntrng55886	0.0	50651	100/10	10.0
150	untuniutntrng55886	0.0	50441	100/10	10.0
151	untuniutntrng55886	0.0	54747	100/10	10.0
152	untuniutntrng55886	0.0	50520	100/10	10.0
153	untuniutntrng55886	0.0	54461	100/10	10.0
154	untuniutntrng55886	0.0	50454	100/10	10.0
155	untuniutntrng55886	0.0	52875	100/10	10.0
156	untuniutntrng55886	0.0	50349	100/10	10.0
157	untuniutntrng55886	0.0	52777	100/10	10.0
158	untuniutntrng55886	0.0	46112	100/10	10.0
159	untuniutntrng55886	0.0	50592	100/10	10.0
160	untuniutntrng55886	0.0	50661	100/10	10.0
161	untuniutntrng55886	0.0	50512	100/10	10.0
162	untuniutntrng55886	0.0	53444	100/10	10.0
163	untuniutntrng55886	0.0	50723	100/10	10.0
164	untuniutntrng55886	0.0	50901	100/10	10.0
165	untuniutntrng55886	0.0	52772	100/10	10.0
166	untuniutntrng55886	0.0	50466	100/10	10.0
167	untuniutntrng55886	0.0	50521	100/10	10.0
168	untuniutntrng55886	0.0	52755	100/10	10.0
169	untuniutntrng55886	0.0	52766	100/10	10.0
170	untuniutntrng55886	0.0	50087	100/10	10.0
171	untuniutntrng55886	0.0	50683	100/10	10.0
172	untuniutntrng55886	0.0	50526	100/10	10.0
173	untuniutntrng55886	0.0	52904	100/10	10.0
174	untuniutntrng55886	0.0	50569	100/10	10.0
175	untuniutntrng55886	0.0	50448	100/10	10.0
176	untuniutntrng55886	0.0	52780	100/10	10.0
177	untuniutntrng55886	0.0	52849	100/10	10.0
178	untuniutntrng55886	0.0	50695	100/10	10.0
179	untuniutntrng55886	0.0	50698	100/10	10.0
180	untuniutntrng55886	0.0	52818	100/10	10.0
181	untuniutntrng55886	0.0	52873	100/10	10.0
182	untuniutntrng55886	0.0	52811	100/10	10.0
183	untuniutntrng55886	0.0	50476	100/10	10.0
184	untuniutntrng55886	0.0	50558	100/10	10.0
185	untuniutntrng55886	0.0	50770	100/10	10.0
186	untuniutntrng55886	0.0	50462	100/10	10.0
187	untuniutntrng55886	0.0	50480	100/10	10.0
188	untuniutntrng55886	0.0	50437	100/10	10.0
189	untuniutntrng55886	0.0	50451	100/10	10.0
190	untuniutntrng55886	0.0	50500	100/10	10.0
191	untuniutntrng55886	0.0	50487	100/10	10.0
192	untuniutntrng55886	0.0	50914	100/10	10.0
193	untuniutntrng55886	0.0	50657	100/10	10.0
194	untuniutntrng55886	0.0	52661	100/10	10.0
195	untuniutntrng55886	0.0	52680	100/10	10.0
196	untuniutntrng55886	0.0	52615	100/10	10.0
197	untuniutntrng55886	0.0	51826	100/10	10.0
198	untuniutntrng55886	0.0	53132	100/10	10.0
199	untuniutntrng55886	0.0	54231	100/10	10.0
200	untuniutntrng55886	0.0	50507	10/100	0.1
201	untuniutntrng55886	0.0	50491	10/100	0.1
202	untuniutntrng55886	0.0	50357	10/100	0.1
203	untuniutntrng55886	0.0	50546	10/100	0.1
204	untuniutntrng55886	0.0	50662	10/100	0.1
205	untuniutntrng55886	0.0	50421	10/100	0.1
206	untuniutntrng55886	0.0	50389	10/100	0.1
207	untuniutntrng55886	0.0	50700	10/100	0.1
208	untuniutntrng55886	0.0	50526	10/100	0.1
209	untuniutntrng55886	0.0	50431	10/100	0.1
210	untuniutntrng55886	0.0	50737	10/100	0.1
211	untuniutntrng55886	0.0	50616	10/100	0.1
212	untuniutntrng55886	0.0	50795	10/100	0.1
213	untuniutntrng55886	0.0	50592	10/100	0.1
214	untuniutntrng55886	0.0	53585	10/100	0.1
215	untuniutntrng55886	0.0	50496	10/100	0.1
216	untuniutntrng55886	0.0	50608	10/100	0.1
217	untuniutntrng55886	0.0	52514	10/100	0.1
218	untuniutntrng55886	0.0	50403	10/100	0.1
219	untuniutntrng55886	0.0	48838	10/100	0.1
220	untuniutntrng55886	0.0	50636	10/100	0.1
221	untuniutntrng55886	0.0	50416	10/100	0.1
222	untuniutntrng55886	0.0	50381	10/100	0.1
223	untuniutntrng55886	0.0	50754	10/100	0.1
224	untuniutntrng55886	0.0	50570	10/100	0.1
225	untuniutntrng55886	0.0	50696	10/100	0.1
226	untuniutntrng55886	0.0	50949	10/100	0.1
227	untuniutntrng55886	0.0	50571	10/100	0.1
228	untuniutntrng55886	0.0	50572	10/100	0.1
229	untuniutntrng55886	0.0	50482	10/100	0.1
230	untuniutntrng55886	0.0	50650	10/100	0.1
231	untuniutntrng55886	0.0	50554	10/100	0.1
232	untuniutntrng55886	0.0	50568	10/100	0.1
233	untuniutntrng55886	0.0	50589	10/100	0.1
234	untuniutntrng55886	0.0	50688	10/100	0.1
235	untuniutntrng55886	0.0	50918	10/100	0.1
236	untuniutntrng55886	0.0	53433	10/100	0.1
237	untuniutntrng55886	0.0	50319	10/100	0.1
238	untuniutntrng55886	0.0	50662	10/100	0.1
239	untuniutntrng55886	0.0	50487	10/100	0.1
240	untuniutntrng55886	0.0	50598	10/100	0.1
241	untuniutntrng55886	0.0	50491	10/100	0.1
242	untuniutntrng55886	0.0	50803	10/100	0.1
243	untuniutntrng55886	0.0	50243	10/100	0.1
244	untuniutntrng55886	0.0	50649	10/100	0.1
245	untuniutntrng55886	0.0	50959	10/100	0.1
246	untuniutntrng55886	0.0	50738	10/100	0.1
247	untuniutntrng55886	0.0	50726	10/100	0.1
248	untuniutntrng55886	0.0	50454	10/100	0.1
249	untuniutntrng55886	0.0	48837	10/100	0.1
250	untuniutntrng55886	0.0	50754	10/100	0.1
251	untuniutntrng55886	0.0	50820	10/100	0.1
252	untuniutntrng55886	0.0	50422	10/100	0.1
253	untuniutntrng55886	0.0	50706	10/100	0.1
254	untuniutntrng55886	0.0	50850	10/100	0.1
255	untuniutntrng55886	0.0	50776	10/100	0.1
256	untuniutntrng55886	0.0	51919	10/100	0.1
257	untuniutntrng55886	0.0	50646	10/100	0.1
258	untuniutntrng55886	0.0	50885	10/100	0.1
259	untuniutntrng55886	0.0	50571	10/100	0.1
260	untuniutntrng55886	0.0	50612	10/100	0.1
261	untuniutntrng55886	0.0	49266	10/100	0.1
262	untuniutntrng55886	0.0	54671	10/100	0.1
263	untuniutntrng55886	0.0	50631	10/100	0.1
264	untuniutntrng55886	0.0	50421	10/100	0.1
265	untuniutntrng55886	0.0	50590	10/100	0.1
266	untuniutntrng55886	0.0	50381	10/100	0.1
267	untuniutntrng55886	0.0	50714	10/100	0.1
268	untuniutntrng55886	0.0	50646	10/100	0.1
269	untuniutntrng55886	0.0	50629	10/100	0.1
270	untuniutntrng55886	0.0	50690	10/100	0.1
271	untuniutntrng55886	0.0	50566	10/100	0.1
272	untuniutntrng55886	0.0	50699	10/100	0.1
273	untuniutntrng55886	0.0	49383	10/100	0.1
274	untuniutntrng55886	0.0	52758	10/100	0.1
275	untuniutntrng55886	0.0	50462	10/100	0.1
276	untuniutntrng55886	0.0	50549	10/100	0.1
277	untuniutntrng55886	0.0	50654	10/100	0.1
278	untuniutntrng55886	0.0	53365	10/100	0.1
279	untuniutntrng55886	0.0	50672	10/100	0.1
280	untuniutntrng55886	0.0	50708	10/100	0.1
281	untuniutntrng55886	0.0	46115	10/100	0.1
282	untuniutntrng55886	0.0	50417	10/100	0.1
283	untuniutntrng55886	0.0	50614	10/100	0.1
284	untuniutntrng55886	0.0	52598	10/100	0.1
285	untuniutntrng55886	0.0	50622	10/100	0.1
286	untuniutntrng55886	0.0	50543	10/100	0.1
287	untuniutntrng55886	0.0	50521	10/100	0.1
288	untuniutntrng55886	0.0	50870	10/100	0.1
289	untuniutntrng55886	0.0	50459	10/100	0.1
290	untuniutntrng55886	0.0	50574	10/100	0.1
291	untuniutntrng55886	0.0	50520	10/100	0.1
292	untuniutntrng55886	0.0	50446	10/100	0.1
293	untuniutntrng55886	0.0	50819	10/100	0.1
294	untuniutntrng55886	0.0	48257	10/100	0.1
295	untuniutntrng55886	0.0	50623	10/100	0.1
296	untuniutntrng55886	0.0	50638	10/100	0.1
297	untuniutntrng55886	0.0	50409	10/100	0.1
298	untuniutntrng55886	0.0	50451	10/100	0.1
299	untuniutntrng55886	0.0	50653	10/100	0.1
300	untuniutntrng55886	0.0	47376	1/1000	0.001
301	untuniutntrng55886	0.0	43282	1/1000	0.001
302	untuniutntrng55886	0.0	51966	1/1000	0.001
303	untuniutntrng55886	0.0	43044	1/1000	0.001
304	untuniutntrng55886	0.0	48812	1/1000	0.001
305	untuniutntrng55886	0.0	52306	1/1000	0.001
306	untuniutntrng55886	0.0	49419	1/1000	0.001
307	untuniutntrng55886	0.0	48103	1/1000	0.001
308	untuniutntrng55886	0.0	51927	1/1000	0.001
309	untuniutntrng55886	0.0	51338	1/1000	0.001
310	untuniutntrng55886	0.0	52444	1/1000	0.001
311	untuniutntrng55886	0.0	44334	1/1000	0.001
312	untuniutntrng55886	0.0	44109	1/1000	0.001
313	untuniutntrng55886	0.0	43457	1/1000	0.001
314	untuniutntrng55886	0.0	44096	1/1000	0.001
315	untuniutntrng55886	0.0	43970	1/1000	0.001
316	untuniutntrng55886	0.0	48056	1/1000	0.001
317	untuniutntrng55886	0.0	44562	1/1000	0.001
318	untuniutntrng55886	0.0	42938	1/1000	0.001
319	untuniutntrng55886	0.0	44767	1/1000	0.001
320	untuniutntrng55886	0.0	44692	1/1000	0.001
321	untuniutntrng55886	0.0	45939	1/1000	0.001
322	untuniutntrng55886	0.0	52134	1/1000	0.001
323	untuniutntrng55886	0.0	48334	1/1000	0.001
324	untuniutntrng55886	0.0	47231	1/1000	0.001
325	untuniutntrng55886	0.0	54592	1/1000	0.001
326	untuniutntrng55886	0.0	44256	1/1000	0.001
327	untuniutntrng55886	0.0	42166	1/1000	0.001
328	untuniutntrng55886	0.0	45667	1/1000	0.001
329	untuniutntrng55886	0.0	45414	1/1000	0.001
330	untuniutntrng55886	0.0	53288	1/1000	0.001
331	untuniutntrng55886	0.0	50392	1/1000	0.001
332	untuniutntrng55886	0.0	53840	1/1000	0.001
333	untuniutntrng55886	0.0	47533	1/1000	0.001
334	untuniutntrng55886	0.0	53498	1/1000	0.001
335	untuniutntrng55886	0.0	49063	1/1000	0.001
336	untuniutntrng55886	0.0	47872	1/1000	0.001
337	untuniutntrng55886	0.0	53984	1/1000	0.001
338	untuniutntrng55886	0.0	48159	1/1000	0.001
339	untuniutntrng55886	0.0	43699	1/1000	0.001
340	untuniutntrng55886	0.0	44765	1/1000	0.001
341	untuniutntrng55886	0.0	53374	1/1000	0.001
342	untuniutntrng55886	0.0	49046	1/1000	0.001
343	untuniutntrng55886	0.0	52360	1/1000	0.001
344	untuniutntrng55886	0.0	48466	1/1000	0.001
345	untuniutntrng55886	0.0	45447	1/1000	0.001
346	untuniutntrng55886	0.0	53659	1/1000	0.001
347	untuniutntrng55886	0.0	51809	1/1000	0.001
348	untuniutntrng55886	0.0	42706	1/1000	0.001
349	untuniutntrng55886	0.0	47931	1/1000	0.001
350	untuniutntrng55886	0.0	54869	1/1000	0.001
351	untuniutntrng55886	0.0	42431	1/1000	0.001
352	untuniutntrng55886	0.0	44897	1/1000	0.001
353	untuniutntrng55886	0.0	44364	1/1000	0.001
354	untuniutntrng55886	0.0	51797	1/1000	0.001
355	untuniutntrng55886	0.0	42569	1/1000	0.001
356	untuniutntrng55886	0.0	47390	1/1000	0.001
357	untuniutntrng55886	0.0	47160	1/1000	0.001
358	untuniutntrng55886	0.0	53020	1/1000	0.001
359	untuniutntrng55886	0.0	48533	1/1000	0.001
360	untuniutntrng55886	0.0	52806	1/1000	0.001
361	untuniutntrng55886	0.0	54411	1/1000	0.001
362	untuniutntrng55886	0.0	48951	1/1000	0.001
363	untuniutntrng55886	0.0	45688	1/1000	0.001
364	untuniutntrng55886	0.0	45358	1/1000	0.001
365	untuniutntrng55886	0.0	47221	1/1000	0.001
366	untuniutntrng55886	0.0	42078	1/1000	0.001
367	untuniutntrng55886	0.0	50473	1/1000	0.001
368	untuniutntrng55886	0.0	42300	1/1000	0.001
369	untuniutntrng55886	0.0	51185	1/1000	0.001
370	untuniutntrng55886	0.0	51284	1/1000	0.001
371	untuniutntrng55886	0.0	49082	1/1000	0.001
372	untuniutntrng55886	0.0	47798	1/1000	0.001
373	untuniutntrng55886	0.0	49562	1/1000	0.001
374	untuniutntrng55886	0.0	51780	1/1000	0.001
375	untuniutntrng55886	0.0	44868	1/1000	0.001
376	untuniutntrng55886	0.0	54641	1/1000	0.001
377	untuniutntrng55886	0.0	52101	1/1000	0.001
378	untuniutntrng55886	0.0	51274	1/1000	0.001
379	untuniutntrng55886	0.0	54207	1/1000	0.001
380	untuniutntrng55886	0.0	53784	1/1000	0.001
381	untuniutntrng55886	0.0	54148	1/1000	0.001
382	untuniutntrng55886	0.0	46934	1/1000	0.001
383	untuniutntrng55886	0.0	49585	1/1000	0.001
384	untuniutntrng55886	0.0	43958	1/1000	0.001
385	untuniutntrng55886	0.0	48401	1/1000	0.001
386	untuniutntrng55886	0.0	46258	1/1000	0.001
387	untuniutntrng55886	0.0	47698	1/1000	0.001
388	untuniutntrng55886	0.0	44056	1/1000	0.001
389	untuniutntrng55886	0.0	46912	1/1000	0.001
390	untuniutntrng55886	0.0	42244	1/1000	0.001
391	untuniutntrng55886	0.0	54105	1/1000	0.001
392	untuniutntrng55886	0.0	46018	1/1000	0.001
393	untuniutntrng55886	0.0	48882	1/1000	0.001
394	untuniutntrng55886	0.0	43034	1/1000	0.001
395	untuniutntrng55886	0.0	51358	1/1000	0.001
396	untuniutntrng55886	0.0	44365	1/1000	0.001
397	untuniutntrng55886	0.0	53457	1/1000	0.001
398	untuniutntrng55886	0.0	43798	1/1000	0.001
399	untuniutntrng55886	0.0	52804	1/1000	0.001
400	untuniutntrng55886	0.0	50527	200/5	40.0
401	untuniutntrng55886	0.0	52833	200/5	40.0
402	untuniutntrng55886	0.0	50702	200/5	40.0
403	untuniutntrng55886	0.0	50560	200/5	40.0
404	untuniutntrng55886	0.0	52275	200/5	40.0
405	untuniutntrng55886	0.0	50608	200/5	40.0
406	untuniutntrng55886	0.0	52750	200/5	40.0
407	untuniutntrng55886	0.0	52768	200/5	40.0
408	untuniutntrng55886	0.0	50556	200/5	40.0
409	untuniutntrng55886	0.0	52770	200/5	40.0
410	untuniutntrng55886	0.0	52876	200/5	40.0
411	untuniutntrng55886	0.0	52636	200/5	40.0
412	untuniutntrng55886	0.0	52845	200/5	40.0
413	untuniutntrng55886	0.0	52908	200/5	40.0
414	untuniutntrng55886	0.0	50463	200/5	40.0
415	untuniutntrng55886	0.0	53887	200/5	40.0
416	untuniutntrng55886	0.0	50658	200/5	40.0
417	untuniutntrng55886	0.0	50586	200/5	40.0
418	untuniutntrng55886	0.0	50574	200/5	40.0
419	untuniutntrng55886	0.0	52772	200/5	40.0
420	untuniutntrng55886	0.0	51827	200/5	40.0
421	untuniutntrng55886	0.0	50348	200/5	40.0
422	untuniutntrng55886	0.0	50550	200/5	40.0
423	untuniutntrng55886	0.0	52533	200/5	40.0
424	untuniutntrng55886	0.0	50636	200/5	40.0
425	untuniutntrng55886	0.0	52853	200/5	40.0
426	untuniutntrng55886	0.0	50662	200/5	40.0
427	untuniutntrng55886	0.0	52948	200/5	40.0
428	untuniutntrng55886	0.0	50367	200/5	40.0
429	untuniutntrng55886	0.0	50554	200/5	40.0
430	untuniutntrng55886	0.0	50634	200/5	40.0
431	untuniutntrng55886	0.0	52830	200/5	40.0
432	untuniutntrng55886	0.0	50386	200/5	40.0
433	untuniutntrng55886	0.0	46153	200/5	40.0
434	untuniutntrng55886	0.0	53065	200/5	40.0
435	untuniutntrng55886	0.0	52615	200/5	40.0
436	untuniutntrng55886	0.0	50405	200/5	40.0
437	untuniutntrng55886	0.0	52751	200/5	40.0
438	untuniutntrng55886	0.0	50440	200/5	40.0
439	untuniutntrng55886	0.0	50433	200/5	40.0
440	untuniutntrng55886	0.0	50530	200/5	40.0
441	untuniutntrng55886	0.0	50620	200/5	40.0
442	untuniutntrng55886	0.0	50587	200/5	40.0
443	untuniutntrng55886	0.0	52666	200/5	40.0
444	untuniutntrng55886	0.0	52757	200/5	40.0
445	untuniutntrng55886	0.0	53531	200/5	40.0
446	untuniutntrng55886	0.0	52963	200/5	40.0
447	untuniutntrng55886	0.0	49491	200/5	40.0
448	untuniutntrng55886	0.0	52787	200/5	40.0
449	untuniutntrng55886	0.0	53436	200/5	40.0
450	untuniutntrng55886	0.0	52709	200/5	40.0
451	untuniutntrng55886	0.0	52908	200/5	40.0
452	untuniutntrng55886	0.0	50459	200/5	40.0
453	untuniutntrng55886	0.0	50493	200/5	40.0
454	untuniutntrng55886	0.0	52797	200/5	40.0
455	untuniutntrng55886	0.0	52788	200/5	40.0
456	untuniutntrng55886	0.0	50516	200/5	40.0
457	untuniutntrng55886	0.0	50900	200/5	40.0
458	untuniutntrng55886	0.0	52575	200/5	40.0
459	untuniutntrng55886	0.0	50532	200/5	40.0
460	untuniutntrng55886	0.0	52851	200/5	40.0
461	untuniutntrng55886	0.0	50700	200/5	40.0
462	untuniutntrng55886	0.0	52684	200/5	40.0
463	untuniutntrng55886	0.0	48651	200/5	40.0
464	untuniutntrng55886	0.0	53599	200/5	40.0
465	untuniutntrng55886	0.0	52696	200/5	40.0
466	untuniutntrng55886	0.0	50744	200/5	40.0
467	untuniutntrng55886	0.0	50577	200/5	40.0
468	untuniutntrng55886	0.0	50487	200/5	40.0
469	untuniutntrng55886	0.0	52876	200/5	40.0
470	untuniutntrng55886	0.0	50481	200/5	40.0
471	untuniutntrng55886	0.0	52763	200/5	40.0
472	untuniutntrng55886	0.0	50574	200/5	40.0
473	untuniutntrng55886	0.0	50557	200/5	40.0
474	untuniutntrng55886	0.0	50344	200/5	40.0
475	untuniutntrng55886	0.0	46382	200/5	40.0
476	untuniutntrng55886	0.0	52821	200/5	40.0
477	untuniutntrng55886	0.0	52773	200/5	40.0
478	untuniutntrng55886	0.0	50645	200/5	40.0
479	untuniutntrng55886	0.0	52847	200/5	40.0
480	untuniutntrng55886	0.0	50579	200/5	40.0
481	untuniutntrng55886	0.0	52764	200/5	40.0
482	untuniutntrng55886	0.0	50638	200/5	40.0
483	untuniutntrng55886	0.0	50435	200/5	40.0
484	untuniutntrng55886	0.0	50665	200/5	40.0
485	untuniutntrng55886	0.0	52681	200/5	40.0
486	untuniutntrng55886	0.0	52959	200/5	40.0
487	untuniutntrng55886	0.0	52673	200/5	40.0
488	untuniutntrng55886	0.0	50518	200/5	40.0
489	untuniutntrng55886	0.0	50498	200/5	40.0
490	untuniutntrng55886	0.0	52787	200/5	40.0
491	untuniutntrng55886	0.0	52955	200/5	40.0
492	untuniutntrng55886	0.0	50618	200/5	40.0
493	untuniutntrng55886	0.0	52876	200/5	40.0
494	untuniutntrng55886	0.0	52663	200/5	40.0
495	untuniutntrng55886	0.0	48633	200/5	40.0
496	untuniutntrng55886	0.0	50430	200/5	40.0
497	untuniutntrng55886	0.0	52507	200/5	40.0
498	untuniutntrng55886	0.0	50696	200/5	40.0
499	untuniutntrng55886	0.0	50473	200/5	40.0
500	untuniutntrng55886	0.0	50705	20/50	0.4
501	untuniutntrng55886	0.0	50497	20/50	0.4
502	untuniutntrng55886	0.0	50609	20/50	0.4
503	untuniutntrng55886	0.0	53662	20/50	0.4
504	untuniutntrng55886	0.0	50537	20/50	0.4
505	untuniutntrng55886	0.0	50559	20/50	0.4
506	untuniutntrng55886	0.0	50907	20/50	0.4
507	untuniutntrng55886	0.0	50367	20/50	0.4
508	untuniutntrng55886	0.0	49451	20/50	0.4
509	untuniutntrng55886	0.0	50598	20/50	0.4
510	untuniutntrng55886	0.0	52000	20/50	0.4
511	untuniutntrng55886	0.0	50386	20/50	0.4
512	untuniutntrng55886	0.0	50701	20/50	0.4
513	untuniutntrng55886	0.0	50433	20/50	0.4
514	untuniutntrng55886	0.0	50598	20/50	0.4
515	untuniutntrng55886	0.0	50758	20/50	0.4
516	untuniutntrng55886	0.0	49372	20/50	0.4
517	untuniutntrng55886	0.0	50733	20/50	0.4
518	untuniutntrng55886	0.0	50477	20/50	0.4
519	untuniutntrng55886	0.0	50102	20/50	0.4
520	untuniutntrng55886	0.0	50457	20/50	0.4
521	untuniutntrng55886	0.0	50730	20/50	0.4
522	untuniutntrng55886	0.0	50365	20/50	0.4
523	untuniutntrng55886	0.0	50566	20/50	0.4
524	untuniutntrng55886	0.0	50545	20/50	0.4
525	untuniutntrng55886	0.0	50777	20/50	0.4
526	untuniutntrng55886	0.0	50431	20/50	0.4
527	untuniutntrng55886	0.0	50691	20/50	0.4
528	untuniutntrng55886	0.0	50628	20/50	0.4
529	untuniutntrng55886	0.0	52208	20/50	0.4
530	untuniutntrng55886	0.0	50713	20/50	0.4
531	untuniutntrng55886	0.0	50445	20/50	0.4
532	untuniutntrng55886	0.0	50726	20/50	0.4
533	untuniutntrng55886	0.0	52530	20/50	0.4
534	untuniutntrng55886	0.0	50698	20/50	0.4
535	untuniutntrng55886	0.0	50498	20/50	0.4
536	untuniutntrng55886	0.0	50814	20/50	0.4
537	untuniutntrng55886	0.0	50603	20/50	0.4
538	untuniutntrng55886	0.0	50632	20/50	0.4
539	untuniutntrng55886	0.0	50865	20/50	0.4
540	untuniutntrng55886	0.0	50419	20/50	0.4
541	untuniutntrng55886	0.0	49095	20/50	0.4
542	untuniutntrng55886	0.0	52175	20/50	0.4
543	untuniutntrng55886	0.0	50409	20/50	0.4
544	untuniutntrng55886	0.0	50547	20/50	0.4
545	untuniutntrng55886	0.0	50291	20/50	0.4
546	untuniutntrng55886	0.0	50706	20/50	0.4
547	untuniutntrng55886	0.0	50458	20/50	0.4
548	untuniutntrng55886	0.0	50538	20/50	0.4
549	untuniutntrng55886	0.0	52155	20/50	0.4
550	untuniutntrng55886	0.0	53431	20/50	0.4
551	untuniutntrng55886	0.0	50664	20/50	0.4
552	untuniutntrng55886	0.0	50839	20/50	0.4
553	untuniutntrng55886	0.0	50547	20/50	0.4
554	untuniutntrng55886	0.0	52784	20/50	0.4
555	untuniutntrng55886	0.0	50493	20/50	0.4
556	untuniutntrng55886	0.0	50517	20/50	0.4
557	untuniutntrng55886	0.0	50620	20/50	0.4
558	untuniutntrng55886	0.0	50589	20/50	0.4
559	untuniutntrng55886	0.0	50467	20/50	0.4
560	untuniutntrng55886	0.0	52895	20/50	0.4
561	untuniutntrng55886	0.0	50714	20/50	0.4
562	untuniutntrng55886	0.0	50689	20/50	0.4
563	untuniutntrng55886	0.0	50413	20/50	0.4
564	untuniutntrng55886	0.0	50700	20/50	0.4
565	untuniutntrng55886	0.0	50743	20/50	0.4
566	untuniutntrng55886	0.0	52374	20/50	0.4
567	untuniutntrng55886	0.0	50608	20/50	0.4
568	untuniutntrng55886	0.0	50683	20/50	0.4
569	untuniutntrng55886	0.0	50621	20/50	0.4
570	untuniutntrng55886	0.0	50588	20/50	0.4
571	untuniutntrng55886	0.0	50423	20/50	0.4
572	untuniutntrng55886	0.0	48859	20/50	0.4
573	untuniutntrng55886	0.0	54628	20/50	0.4
574	untuniutntrng55886	0.0	50677	20/50	0.4
575	untuniutntrng55886	0.0	49454	20/50	0.4
576	untuniutntrng55886	0.0	50803	20/50	0.4
577	untuniutntrng55886	0.0	52023	20/50	0.4
578	untuniutntrng55886	0.0	52302	20/50	0.4
579	untuniutntrng55886	0.0	50454	20/50	0.4
580	untuniutntrng55886	0.0	50578	20/50	0.4
581	untuniutntrng55886	0.0	50486	20/50	0.4
582	untuniutntrng55886	0.0	53981	20/50	0.4
583	untuniutntrng55886	0.0	50699	20/50	0.4
584	untuniutntrng55886	0.0	50481	20/50	0.4
585	untuniutntrng55886	0.0	50662	20/50	0.4
586	untuniutntrng55886	0.0	53823	20/50	0.4
587	untuniutntrng55886	0.0	50616	20/50	0.4
588	untuniutntrng55886	0.0	50443	20/50	0.4
589	untuniutntrng55886	0.0	50458	20/50	0.4
590	untuniutntrng55886	0.0	52096	20/50	0.4
591	untuniutntrng55886	0.0	50477	20/50	0.4
592	untuniutntrng55886	0.0	50788	20/50	0.4
593	untuniutntrng55886	0.0	50248	20/50	0.4
594	untuniutntrng55886	0.0	50460	20/50	0.4
595	untuniutntrng55886	0.0	50628	20/50	0.4
596	untuniutntrng55886	0.0	50847	20/50	0.4
597	untuniutntrng55886	0.0	50818	20/50	0.4
598	untuniutntrng55886	0.0	50399	20/50	0.4
599	untuniutntrng55886	0.0	50654	20/50	0.4
600	untuniutntrng55886	0.0	50573	2/500	0.004
601	untuniutntrng55886	0.0	50405	2/500	0.004
602	untuniutntrng55886	0.0	50875	2/500	0.004
603	untuniutntrng55886	0.0	50655	2/500	0.004
604	untuniutntrng55886	0.0	50271	2/500	0.004
605	untuniutntrng55886	0.0	50619	2/500	0.004
606	untuniutntrng55886	0.0	50695	2/500	0.004
607	untuniutntrng55886	0.0	50577	2/500	0.004
608	untuniutntrng55886	0.0	50409	2/500	0.004
609	untuniutntrng55886	0.0	52880	2/500	0.004
610	untuniutntrng55886	0.0	50498	2/500	0.004
611	untuniutntrng55886	0.0	51859	2/500	0.004
612	untuniutntrng55886	0.0	50467	2/500	0.004
613	untuniutntrng55886	0.0	50322	2/500	0.004
614	untuniutntrng55886	0.0	50448	2/500	0.004
615	untuniutntrng55886	0.0	50401	2/500	0.004
616	untuniutntrng55886	0.0	50951	2/500	0.004
617	untuniutntrng55886	0.0	50550	2/500	0.004
618	untuniutntrng55886	0.0	50660	2/500	0.004
619	untuniutntrng55886	0.0	50577	2/500	0.004
620	untuniutntrng55886	0.0	50610	2/500	0.004
621	untuniutntrng55886	0.0	50465	2/500	0.004
622	untuniutntrng55886	0.0	50324	2/500	0.004
623	untuniutntrng55886	0.0	54734	2/500	0.004
624	untuniutntrng55886	0.0	50518	2/500	0.004
625	untuniutntrng55886	0.0	50520	2/500	0.004
626	untuniutntrng55886	0.0	50618	2/500	0.004
627	untuniutntrng55886	0.0	50626	2/500	0.004
628	untuniutntrng55886	0.0	50616	2/500	0.004
629	untuniutntrng55886	0.0	50500	2/500	0.004
630	untuniutntrng55886	0.0	50894	2/500	0.004
631	untuniutntrng55886	0.0	50684	2/500	0.004
632	untuniutntrng55886	0.0	50559	2/500	0.004
633	untuniutntrng55886	0.0	49965	2/500	0.004
634	untuniutntrng55886	0.0	50596	2/500	0.004
635	untuniutntrng55886	0.0	50417	2/500	0.004
636	untuniutntrng55886	0.0	50631	2/500	0.004
637	untuniutntrng55886	0.0	50759	2/500	0.004
638	untuniutntrng55886	0.0	50721	2/500	0.004
639	untuniutntrng55886	0.0	50563	2/500	0.004
640	untuniutntrng55886	0.0	50606	2/500	0.004
641	untuniutntrng55886	0.0	50678	2/500	0.004
642	untuniutntrng55886	0.0	50652	2/500	0.004
643	untuniutntrng55886	0.0	50633	2/500	0.004
644	untuniutntrng55886	0.0	50491	2/500	0.004
645	untuniutntrng55886	0.0	50768	2/500	0.004
646	untuniutntrng55886	0.0	50480	2/500	0.004
647	untuniutntrng55886	0.0	50532	2/500	0.004
648	untuniutntrng55886	0.0	50738	2/500	0.004
649	untuniutntrng55886	0.0	50399	2/500	0.004
650	untuniutntrng55886	0.0	50548	2/500	0.004
651	untuniutntrng55886	0.0	50696	2/500	0.004
652	untuniutntrng55886	0.0	50512	2/500	0.004
653	untuniutntrng55886	0.0	50652	2/500	0.004
654	untuniutntrng55886	0.0	50532	2/500	0.004
655	untuniutntrng55886	0.0	50519	2/500	0.004
656	untuniutntrng55886	0.0	50754	2/500	0.004
657	untuniutntrng55886	0.0	50730	2/500	0.004
658	untuniutntrng55886	0.0	50521	2/500	0.004
659	untuniutntrng55886	0.0	50513	2/500	0.004
660	untuniutntrng55886	0.0	50535	2/500	0.004
661	untuniutntrng55886	0.0	50404	2/500	0.004
662	untuniutntrng55886	0.0	50523	2/500	0.004
663	untuniutntrng55886	0.0	50533	2/500	0.004
664	untuniutntrng55886	0.0	50386	2/500	0.004
665	untuniutntrng55886	0.0	50498	2/500	0.004
666	untuniutntrng55886	0.0	50548	2/500	0.004
667	untuniutntrng55886	0.0	50639	2/500	0.004
668	untuniutntrng55886	0.0	50574	2/500	0.004
669	untuniutntrng55886	0.0	50561	2/500	0.004
670	untuniutntrng55886	0.0	50667	2/500	0.004
671	untuniutntrng55886	0.0	50634	2/500	0.004
672	untuniutntrng55886	0.0	50391	2/500	0.004
673	untuniutntrng55886	0.0	50558	2/500	0.004
674	untuniutntrng55886	0.0	50723	2/500	0.004
675	untuniutntrng55886	0.0	50740	2/500	0.004
676	untuniutntrng55886	0.0	50576	2/500	0.004
677	untuniutntrng55886	0.0	50730	2/500	0.004
678	untuniutntrng55886	0.0	50547	2/500	0.004
679	untuniutntrng55886	0.0	50633	2/500	0.004
680	untuniutntrng55886	0.0	50531	2/500	0.004
681	untuniutntrng55886	0.0	50749	2/500	0.004
682	untuniutntrng55886	0.0	50608	2/500	0.004
683	untuniutntrng55886	0.0	50524	2/500	0.004
684	untuniutntrng55886	0.0	50561	2/500	0.004
685	untuniutntrng55886	0.0	50654	2/500	0.004
686	untuniutntrng55886	0.0	50679	2/500	0.004
687	untuniutntrng55886	0.0	50551	2/500	0.004
688	untuniutntrng55886	0.0	50655	2/500	0.004
689	untuniutntrng55886	0.0	50375	2/500	0.004
690	untuniutntrng55886	0.0	50518	2/500	0.004
691	untuniutntrng55886	0.0	50529	2/500	0.004
692	untuniutntrng55886	0.0	50385	2/500	0.004
693	untuniutntrng55886	0.0	50557	2/500	0.004
694	untuniutntrng55886	0.0	50956	2/500	0.004
695	untuniutntrng55886	0.0	50449	2/500	0.004
696	untuniutntrng55886	0.0	50587	2/500	0.004
697	untuniutntrng55886	0.0	50567	2/500	0.004
698	untuniutntrng55886	0.0	50682	2/500	0.004
699	untuniutntrng55886	0.0	50752	2/500	0.004
700	untuniutntrng55886	0.0	52815	500/2	250.0
701	untuniutntrng55886	0.0	53016	500/2	250.0
702	untuniutntrng55886	0.0	50616	500/2	250.0
703	untuniutntrng55886	0.0	50506	500/2	250.0
704	untuniutntrng55886	0.0	50444	500/2	250.0
705	untuniutntrng55886	0.0	52960	500/2	250.0
706	untuniutntrng55886	0.0	54211	500/2	250.0
707	untuniutntrng55886	0.0	50779	500/2	250.0
708	untuniutntrng55886	0.0	52865	500/2	250.0
709	untuniutntrng55886	0.0	52439	500/2	250.0
710	untuniutntrng55886	0.0	50428	500/2	250.0
711	untuniutntrng55886	0.0	50626	500/2	250.0
712	untuniutntrng55886	0.0	50772	500/2	250.0
713	untuniutntrng55886	0.0	50254	500/2	250.0
714	untuniutntrng55886	0.0	50567	500/2	250.0
715	untuniutntrng55886	0.0	50899	500/2	250.0
716	untuniutntrng55886	0.0	52783	500/2	250.0
717	untuniutntrng55886	0.0	52829	500/2	250.0
718	untuniutntrng55886	0.0	50508	500/2	250.0
719	untuniutntrng55886	0.0	52822	500/2	250.0
720	untuniutntrng55886	0.0	50674	500/2	250.0
721	untuniutntrng55886	0.0	52814	500/2	250.0
722	untuniutntrng55886	0.0	52644	500/2	250.0
723	untuniutntrng55886	0.0	50643	500/2	250.0
724	untuniutntrng55886	0.0	50661	500/2	250.0
725	untuniutntrng55886	0.0	52824	500/2	250.0
726	untuniutntrng55886	0.0	50426	500/2	250.0
727	untuniutntrng55886	0.0	52674	500/2	250.0
728	untuniutntrng55886	0.0	53163	500/2	250.0
729	untuniutntrng55886	0.0	50409	500/2	250.0
730	untuniutntrng55886	0.0	50383	500/2	250.0
731	untuniutntrng55886	0.0	50530	500/2	250.0
732	untuniutntrng55886	0.0	46016	500/2	250.0
733	untuniutntrng55886	0.0	53103	500/2	250.0
734	untuniutntrng55886	0.0	50474	500/2	250.0
735	untuniutntrng55886	0.0	50646	500/2	250.0
736	untuniutntrng55886	0.0	53176	500/2	250.0
737	untuniutntrng55886	0.0	50733	500/2	250.0
738	untuniutntrng55886	0.0	50853	500/2	250.0
739	untuniutntrng55886	0.0	50970	500/2	250.0
740	untuniutntrng55886	0.0	52857	500/2	250.0
741	untuniutntrng55886	0.0	50685	500/2	250.0
742	untuniutntrng55886	0.0	52927	500/2	250.0
743	untuniutntrng55886	0.0	50376	500/2	250.0
744	untuniutntrng55886	0.0	53104	500/2	250.0
745	untuniutntrng55886	0.0	51341	500/2	250.0
746	untuniutntrng55886	0.0	52800	500/2	250.0
747	untuniutntrng55886	0.0	50603	500/2	250.0
748	untuniutntrng55886	0.0	54097	500/2	250.0
749	untuniutntrng55886	0.0	50600	500/2	250.0
750	untuniutntrng55886	0.0	52945	500/2	250.0
751	untuniutntrng55886	0.0	50339	500/2	250.0
752	untuniutntrng55886	0.0	50684	500/2	250.0
753	untuniutntrng55886	0.0	50482	500/2	250.0
754	untuniutntrng55886	0.0	52756	500/2	250.0
755	untuniutntrng55886	0.0	50829	500/2	250.0
756	untuniutntrng55886	0.0	52574	500/2	250.0
757	untuniutntrng55886	0.0	50876	500/2	250.0
758	untuniutntrng55886	0.0	52869	500/2	250.0
759	untuniutntrng55886	0.0	50511	500/2	250.0
760	untuniutntrng55886	0.0	50523	500/2	250.0
761	untuniutntrng55886	0.0	50629	500/2	250.0
762	untuniutntrng55886	0.0	50629	500/2	250.0
763	untuniutntrng55886	0.0	52830	500/2	250.0
764	untuniutntrng55886	0.0	50509	500/2	250.0
765	untuniutntrng55886	0.0	52827	500/2	250.0
766	untuniutntrng55886	0.0	52892	500/2	250.0
767	untuniutntrng55886	0.0	52883	500/2	250.0
768	untuniutntrng55886	0.0	52733	500/2	250.0
769	untuniutntrng55886	0.0	53274	500/2	250.0
770	untuniutntrng55886	0.0	50504	500/2	250.0
771	untuniutntrng55886	0.0	54472	500/2	250.0
772	untuniutntrng55886	0.0	52758	500/2	250.0
773	untuniutntrng55886	0.0	46286	500/2	250.0
774	untuniutntrng55886	0.0	52789	500/2	250.0
775	untuniutntrng55886	0.0	53374	500/2	250.0
776	untuniutntrng55886	0.0	52748	500/2	250.0
777	untuniutntrng55886	0.0	53046	500/2	250.0
778	untuniutntrng55886	0.0	52651	500/2	250.0
779	untuniutntrng55886	0.0	52765	500/2	250.0
780	untuniutntrng55886	0.0	46157	500/2	250.0
781	untuniutntrng55886	0.0	50573	500/2	250.0
782	untuniutntrng55886	0.0	50464	500/2	250.0
783	untuniutntrng55886	0.0	50503	500/2	250.0
784	untuniutntrng55886	0.0	50385	500/2	250.0
785	untuniutntrng55886	0.0	52915	500/2	250.0
786	untuniutntrng55886	0.0	50430	500/2	250.0
787	untuniutntrng55886	0.0	50544	500/2	250.0
788	untuniutntrng55886	0.0	50464	500/2	250.0
789	untuniutntrng55886	0.0	50545	500/2	250.0
790	untuniutntrng55886	0.0	46128	500/2	250.0
791	untuniutntrng55886	0.0	50638	500/2	250.0
792	untuniutntrng55886	0.0	50583	500/2	250.0
793	untuniutntrng55886	0.0	46380	500/2	250.0
794	untuniutntrng55886	0.0	52772	500/2	250.0
795	untuniutntrng55886	0.0	50427	500/2	250.0
796	untuniutntrng55886	0.0	52734	500/2	250.0
797	untuniutntrng55886	0.0	52816	500/2	250.0
798	untuniutntrng55886	0.0	50781	500/2	250.0
799	untuniutntrng55886	0.0	52534	500/2	250.0
800	untuniutntrng55886	0.0	53051	50/20	2.5
801	untuniutntrng55886	0.0	52893	50/20	2.5
802	untuniutntrng55886	0.0	50732	50/20	2.5
803	untuniutntrng55886	0.0	52800	50/20	2.5
804	untuniutntrng55886	0.0	52205	50/20	2.5
805	untuniutntrng55886	0.0	53754	50/20	2.5
806	untuniutntrng55886	0.0	50680	50/20	2.5
807	untuniutntrng55886	0.0	50809	50/20	2.5
808	untuniutntrng55886	0.0	50553	50/20	2.5
809	untuniutntrng55886	0.0	52798	50/20	2.5
810	untuniutntrng55886	0.0	53024	50/20	2.5
811	untuniutntrng55886	0.0	50686	50/20	2.5
812	untuniutntrng55886	0.0	51925	50/20	2.5
813	untuniutntrng55886	0.0	50723	50/20	2.5
814	untuniutntrng55886	0.0	50453	50/20	2.5
815	untuniutntrng55886	0.0	52889	50/20	2.5
816	untuniutntrng55886	0.0	50678	50/20	2.5
817	untuniutntrng55886	0.0	50560	50/20	2.5
818	untuniutntrng55886	0.0	50671	50/20	2.5
819	untuniutntrng55886	0.0	50262	50/20	2.5
820	untuniutntrng55886	0.0	51658	50/20	2.5
821	untuniutntrng55886	0.0	53048	50/20	2.5
822	untuniutntrng55886	0.0	53003	50/20	2.5
823	untuniutntrng55886	0.0	52700	50/20	2.5
824	untuniutntrng55886	0.0	52713	50/20	2.5
825	untuniutntrng55886	0.0	52680	50/20	2.5
826	untuniutntrng55886	0.0	52359	50/20	2.5
827	untuniutntrng55886	0.0	50708	50/20	2.5
828	untuniutntrng55886	0.0	50686	50/20	2.5
829	untuniutntrng55886	0.0	51022	50/20	2.5
830	untuniutntrng55886	0.0	52931	50/20	2.5
831	untuniutntrng55886	0.0	52883	50/20	2.5
832	untuniutntrng55886	0.0	50401	50/20	2.5
833	untuniutntrng55886	0.0	53041	50/20	2.5
834	untuniutntrng55886	0.0	50512	50/20	2.5
835	untuniutntrng55886	0.0	50571	50/20	2.5
836	untuniutntrng55886	0.0	52793	50/20	2.5
837	untuniutntrng55886	0.0	50664	50/20	2.5
838	untuniutntrng55886	0.0	50442	50/20	2.5
839	untuniutntrng55886	0.0	50567	50/20	2.5
840	untuniutntrng55886	0.0	52818	50/20	2.5
841	untuniutntrng55886	0.0	50618	50/20	2.5
842	untuniutntrng55886	0.0	54624	50/20	2.5
843	untuniutntrng55886	0.0	52484	50/20	2.5
844	untuniutntrng55886	0.0	51160	50/20	2.5
845	untuniutntrng55886	0.0	52825	50/20	2.5
846	untuniutntrng55886	0.0	50521	50/20	2.5
847	untuniutntrng55886	0.0	50445	50/20	2.5
848	untuniutntrng55886	0.0	52845	50/20	2.5
849	untuniutntrng55886	0.0	52552	50/20	2.5
850	untuniutntrng55886	0.0	52973	50/20	2.5
851	untuniutntrng55886	0.0	50712	50/20	2.5
852	untuniutntrng55886	0.0	53933	50/20	2.5
853	untuniutntrng55886	0.0	52797	50/20	2.5
854	untuniutntrng55886	0.0	50523	50/20	2.5
855	untuniutntrng55886	0.0	52607	50/20	2.5
856	untuniutntrng55886	0.0	52740	50/20	2.5
857	untuniutntrng55886	0.0	52920	50/20	2.5
858	untuniutntrng55886	0.0	50442	50/20	2.5
859	untuniutntrng55886	0.0	52845	50/20	2.5
860	untuniutntrng55886	0.0	50716	50/20	2.5
861	untuniutntrng55886	0.0	52677	50/20	2.5
862	untuniutntrng55886	0.0	52247	50/20	2.5
863	untuniutntrng55886	0.0	53115	50/20	2.5
864	untuniutntrng55886	0.0	50466	50/20	2.5
865	untuniutntrng55886	0.0	52946	50/20	2.5
866	untuniutntrng55886	0.0	52952	50/20	2.5
867	untuniutntrng55886	0.0	50733	50/20	2.5
868	untuniutntrng55886	0.0	50231	50/20	2.5
869	untuniutntrng55886	0.0	50582	50/20	2.5
870	untuniutntrng55886	0.0	52775	50/20	2.5
871	untuniutntrng55886	0.0	52778	50/20	2.5
872	untuniutntrng55886	0.0	52681	50/20	2.5
873	untuniutntrng55886	0.0	50696	50/20	2.5
874	untuniutntrng55886	0.0	52639	50/20	2.5
875	untuniutntrng55886	0.0	50572	50/20	2.5
876	untuniutntrng55886	0.0	52794	50/20	2.5
877	untuniutntrng55886	0.0	50415	50/20	2.5
878	untuniutntrng55886	0.0	52830	50/20	2.5
879	untuniutntrng55886	0.0	50492	50/20	2.5
880	untuniutntrng55886	0.0	50501	50/20	2.5
881	untuniutntrng55886	0.0	52827	50/20	2.5
882	untuniutntrng55886	0.0	54098	50/20	2.5
883	untuniutntrng55886	0.0	52958	50/20	2.5
884	untuniutntrng55886	0.0	50662	50/20	2.5
885	untuniutntrng55886	0.0	50610	50/20	2.5
886	untuniutntrng55886	0.0	52655	50/20	2.5
887	untuniutntrng55886	0.0	52617	50/20	2.5
888	untuniutntrng55886	0.0	50184	50/20	2.5
889	untuniutntrng55886	0.0	50542	50/20	2.5
890	untuniutntrng55886	0.0	52839	50/20	2.5
891	untuniutntrng55886	0.0	50429	50/20	2.5
892	untuniutntrng55886	0.0	52738	50/20	2.5
893	untuniutntrng55886	0.0	52913	50/20	2.5
894	untuniutntrng55886	0.0	50669	50/20	2.5
895	untuniutntrng55886	0.0	50612	50/20	2.5
896	untuniutntrng55886	0.0	50709	50/20	2.5
897	untuniutntrng55886	0.0	50522	50/20	2.5
898	untuniutntrng55886	0.0	52782	50/20	2.5
899	untuniutntrng55886	0.0	52601	50/20	2.5
900	untuniutntrng55886	0.0	50571	5/200	0.025
901	untuniutntrng55886	0.0	50424	5/200	0.025
902	untuniutntrng55886	0.0	50808	5/200	0.025
903	untuniutntrng55886	0.0	50579	5/200	0.025
904	untuniutntrng55886	0.0	50619	5/200	0.025
905	untuniutntrng55886	0.0	50550	5/200	0.025
906	untuniutntrng55886	0.0	52006	5/200	0.025
907	untuniutntrng55886	0.0	50584	5/200	0.025
908	untuniutntrng55886	0.0	50838	5/200	0.025
909	untuniutntrng55886	0.0	50465	5/200	0.025
910	untuniutntrng55886	0.0	50553	5/200	0.025
911	untuniutntrng55886	0.0	50507	5/200	0.025
912	untuniutntrng55886	0.0	50522	5/200	0.025
913	untuniutntrng55886	0.0	50770	5/200	0.025
914	untuniutntrng55886	0.0	50607	5/200	0.025
915	untuniutntrng55886	0.0	50791	5/200	0.025
916	untuniutntrng55886	0.0	50755	5/200	0.025
917	untuniutntrng55886	0.0	50418	5/200	0.025
918	untuniutntrng55886	0.0	50495	5/200	0.025
919	untuniutntrng55886	0.0	50513	5/200	0.025
920	untuniutntrng55886	0.0	50411	5/200	0.025
921	untuniutntrng55886	0.0	50528	5/200	0.025
922	untuniutntrng55886	0.0	50630	5/200	0.025
923	untuniutntrng55886	0.0	50562	5/200	0.025
924	untuniutntrng55886	0.0	50547	5/200	0.025
925	untuniutntrng55886	0.0	46315	5/200	0.025
926	untuniutntrng55886	0.0	50450	5/200	0.025
927	untuniutntrng55886	0.0	51507	5/200	0.025
928	untuniutntrng55886	0.0	50457	5/200	0.025
929	untuniutntrng55886	0.0	50483	5/200	0.025
930	untuniutntrng55886	0.0	50746	5/200	0.025
931	untuniutntrng55886	0.0	50755	5/200	0.025
932	untuniutntrng55886	0.0	50825	5/200	0.025
933	untuniutntrng55886	0.0	50465	5/200	0.025
934	untuniutntrng55886	0.0	50362	5/200	0.025
935	untuniutntrng55886	0.0	50263	5/200	0.025
936	untuniutntrng55886	0.0	50704	5/200	0.025
937	untuniutntrng55886	0.0	50797	5/200	0.025
938	untuniutntrng55886	0.0	50474	5/200	0.025
939	untuniutntrng55886	0.0	50670	5/200	0.025
940	untuniutntrng55886	0.0	50539	5/200	0.025
941	untuniutntrng55886	0.0	50460	5/200	0.025
942	untuniutntrng55886	0.0	50526	5/200	0.025
943	untuniutntrng55886	0.0	51020	5/200	0.025
944	untuniutntrng55886	0.0	50364	5/200	0.025
945	untuniutntrng55886	0.0	50776	5/200	0.025
946	untuniutntrng55886	0.0	50477	5/200	0.025
947	untuniutntrng55886	0.0	50189	5/200	0.025
948	untuniutntrng55886	0.0	50665	5/200	0.025
949	untuniutntrng55886	0.0	50633	5/200	0.025
950	untuniutntrng55886	0.0	50585	5/200	0.025
951	untuniutntrng55886	0.0	50634	5/200	0.025
952	untuniutntrng55886	0.0	50808	5/200	0.025
953	untuniutntrng55886	0.0	50419	5/200	0.025
954	untuniutntrng55886	0.0	50608	5/200	0.025
955	untuniutntrng55886	0.0	50665	5/200	0.025
956	untuniutntrng55886	0.0	50886	5/200	0.025
957	untuniutntrng55886	0.0	50523	5/200	0.025
958	untuniutntrng55886	0.0	50569	5/200	0.025
959	untuniutntrng55886	0.0	49520	5/200	0.025
960	untuniutntrng55886	0.0	50207	5/200	0.025
961	untuniutntrng55886	0.0	50636	5/200	0.025
962	untuniutntrng55886	0.0	50990	5/200	0.025
963	untuniutntrng55886	0.0	50577	5/200	0.025
964	untuniutntrng55886	0.0	54196	5/200	0.025
965	untuniutntrng55886	0.0	50784	5/200	0.025
966	untuniutntrng55886	0.0	50478	5/200	0.025
967	untuniutntrng55886	0.0	50699	5/200	0.025
968	untuniutntrng55886	0.0	50564	5/200	0.025
969	untuniutntrng55886	0.0	50480	5/200	0.025
970	untuniutntrng55886	0.0	50555	5/200	0.025
971	untuniutntrng55886	0.0	50625	5/200	0.025
972	untuniutntrng55886	0.0	50520	5/200	0.025
973	untuniutntrng55886	0.0	50530	5/200	0.025
974	untuniutntrng55886	0.0	50676	5/200	0.025
975	untuniutntrng55886	0.0	50578	5/200	0.025
976	untuniutntrng55886	0.0	50600	5/200	0.025
977	untuniutntrng55886	0.0	50501	5/200	0.025
978	untuniutntrng55886	0.0	50764	5/200	0.025
979	untuniutntrng55886	0.0	50590	5/200	0.025
980	untuniutntrng55886	0.0	50753	5/200	0.025
981	untuniutntrng55886	0.0	51218	5/200	0.025
982	untuniutntrng55886	0.0	52646	5/200	0.025
983	untuniutntrng55886	0.0	50651	5/200	0.025
984	untuniutntrng55886	0.0	50848	5/200	0.025
985	untuniutntrng55886	0.0	50408	5/200	0.025
986	untuniutntrng55886	0.0	50486	5/200	0.025
987	untuniutntrng55886	0.0	50502	5/200	0.025
988	untuniutntrng55886	0.0	50719	5/200	0.025
989	untuniutntrng55886	0.0	50728	5/200	0.025
990	untuniutntrng55886	0.0	50646	5/200	0.025
991	untuniutntrng55886	0.0	50556	5/200	0.025
992	untuniutntrng55886	0.0	50504	5/200	0.025
993	untuniutntrng55886	0.0	50860	5/200	0.025
994	untuniutntrng55886	0.0	50529	5/200	0.025
995	untuniutntrng55886	0.0	50671	5/200	0.025
996	untuniutntrng55886	0.0	51075	5/200	0.025
997	untuniutntrng55886	0.0	50383	5/200	0.025
998	untuniutntrng55886	0.0	50745	5/200	0.025
999	untuniutntrng55886	0.0	50566	5/200	0.025
