	eta_sg0_words	eta_sg0	eta_sg0_rang	frequency
0	untuniutntrng55886	0.0008960559048718508	34847	1000
1	untuniutntrng55886	0.000896055904871962	34246	1000
2	untuniutntrng55886	0.0008960559048718508	34919	1000
3	untuniutntrng55886	0.0008960559048718508	34851	1000
4	untuniutntrng55886	0.0008960559048716287	36153	1000
5	untuniutntrng55886	0.0008960559048718508	34597	1000
6	untuniutntrng55886	0.0008960559048721838	33855	1000
7	untuniutntrng55886	0.0008960559048721838	33720	1000
8	untuniutntrng55886	0.0008960559048720729	33840	1000
9	untuniutntrng55886	0.0008960559048718508	34848	1000
10	untuniutntrng55886	0.0008960559048721838	33732	1000
11	untuniutntrng55886	0.0008960559048718508	34791	1000
12	untuniutntrng55886	0.0008960559048721838	33526	1000
13	untuniutntrng55886	0.0008960559048718508	34669	1000
14	untuniutntrng55886	0.0008960559048717398	35584	1000
15	untuniutntrng55886	0.0008960559048718508	34715	1000
16	untuniutntrng55886	0.0008960559048718508	34655	1000
17	untuniutntrng55886	0.0008960559048716287	36040	1000
18	untuniutntrng55886	0.0008960559048720729	33593	1000
19	untuniutntrng55886	0.0008960559048720729	34021	1000
20	untuniutntrng55886	0.0008960559048720729	33851	1000
21	untuniutntrng55886	0.0008960559048716287	36225	1000
22	untuniutntrng55886	0.0008960559048718508	34875	1000
23	untuniutntrng55886	0.0008960559048717398	35430	1000
24	untuniutntrng55886	0.0008960559048717398	35332	1000
25	untuniutntrng55886	0.0008960559048720729	33945	1000
26	untuniutntrng55886	0.0008960559048718508	34812	1000
27	untuniutntrng55886	0.000896055904871962	34173	1000
28	untuniutntrng55886	0.0008960559048718508	34702	1000
29	untuniutntrng55886	0.0008960559048717398	35490	1000
30	untuniutntrng55886	0.0008960559048720729	33904	1000
31	untuniutntrng55886	0.000896055904871962	34285	1000
32	untuniutntrng55886	0.0008960559048718508	34509	1000
33	untuniutntrng55886	0.0008960559048720729	34061	1000
34	untuniutntrng55886	0.0008960559048716287	36275	1000
35	untuniutntrng55886	0.0008960559048721838	34089	1000
36	untuniutntrng55886	0.0008960559048718508	34902	1000
37	untuniutntrng55886	0.0008960559048721838	33510	1000
38	untuniutntrng55886	0.0008960559048721838	33688	1000
39	untuniutntrng55886	0.0008960559048718508	34688	1000
40	untuniutntrng55886	0.0008960559048720729	34212	1000
41	untuniutntrng55886	0.0008960559048718508	34885	1000
42	untuniutntrng55886	0.0008960559048720729	33942	1000
43	untuniutntrng55886	0.0008960559048720729	33728	1000
44	untuniutntrng55886	0.0008960559048716287	36108	1000
45	untuniutntrng55886	0.0008960559048718508	35090	1000
46	untuniutntrng55886	0.0008960559048721838	33955	1000
47	untuniutntrng55886	0.000896055904871962	34050	1000
48	untuniutntrng55886	0.0008960559048718508	34716	1000
49	untuniutntrng55886	0.0008960559048718508	34526	1000
50	untuniutntrng55886	0.0008960559048716287	36269	1000
51	untuniutntrng55886	0.0008960559048718508	34740	1000
52	untuniutntrng55886	0.0008960559048718508	34627	1000
53	untuniutntrng55886	0.0008960559048720729	33730	1000
54	untuniutntrng55886	0.0008960559048718508	34855	1000
55	untuniutntrng55886	0.0008960559048720729	33690	1000
56	untuniutntrng55886	0.0008960559048718508	34685	1000
57	untuniutntrng55886	0.0008960559048718508	34764	1000
58	untuniutntrng55886	0.0008960559048716287	36240	1000
59	untuniutntrng55886	0.0008960559048718508	34886	1000
60	untuniutntrng55886	0.0008960559048718508	34732	1000
61	untuniutntrng55886	0.0008960559048718508	34651	1000
62	untuniutntrng55886	0.0008960559048718508	34953	1000
63	untuniutntrng55886	0.0008960559048716287	35909	1000
64	untuniutntrng55886	0.000896055904871962	34466	1000
65	untuniutntrng55886	0.0008960559048718508	34594	1000
66	untuniutntrng55886	0.0008960559048721838	33764	1000
67	untuniutntrng55886	0.0008960559048718508	34825	1000
68	untuniutntrng55886	0.0008960559048720729	33950	1000
69	untuniutntrng55886	0.0008960559048721838	34090	1000
70	untuniutntrng55886	0.0008960559048718508	34684	1000
71	untuniutntrng55886	0.0008960559048718508	34964	1000
72	untuniutntrng55886	0.0008960559048716287	36077	1000
73	untuniutntrng55886	0.0008960559048720729	33716	1000
74	untuniutntrng55886	0.0008960559048718508	34772	1000
75	untuniutntrng55886	0.0008960559048718508	34973	1000
76	untuniutntrng55886	0.0008960559048716287	36228	1000
77	untuniutntrng55886	0.0008960559048718508	34934	1000
78	untuniutntrng55886	0.0008960559048718508	34775	1000
79	untuniutntrng55886	0.0008960559048716287	36232	1000
80	untuniutntrng55886	0.000896055904871962	34198	1000
81	untuniutntrng55886	0.0008960559048721838	33862	1000
82	untuniutntrng55886	0.0008960559048718508	34796	1000
83	untuniutntrng55886	0.0008960559048718508	34593	1000
84	untuniutntrng55886	0.0008960559048721838	33480	1000
85	untuniutntrng55886	0.0008960559048718508	34794	1000
86	untuniutntrng55886	0.0008960559048716287	36135	1000
87	untuniutntrng55886	0.0008960559048718508	35033	1000
88	untuniutntrng55886	0.000896055904871962	34312	1000
89	untuniutntrng55886	0.0008960559048720729	33819	1000
90	untuniutntrng55886	0.0008960559048718508	34310	1000
91	untuniutntrng55886	0.0008960559048718508	34709	1000
92	untuniutntrng55886	0.0008960559048720729	33851	1000
93	untuniutntrng55886	0.0008960559048720729	33794	1000
94	untuniutntrng55886	0.000896055904871962	34489	1000
95	untuniutntrng55886	0.0008960559048716287	36006	1000
96	untuniutntrng55886	0.0008960559048718508	34752	1000
97	untuniutntrng55886	0.0008960559048718508	34722	1000
98	untuniutntrng55886	0.0008960559048721838	33660	1000
99	untuniutntrng55886	0.0008960559048720729	33915	1000
100	untuniutntrng55886	0.0008960559048718508	34917	100
101	untuniutntrng55886	0.0008960559048718508	35130	100
102	untuniutntrng55886	0.0008960559048718508	34759	100
103	untuniutntrng55886	0.0008960559048718508	35409	100
104	untuniutntrng55886	0.000896055904871962	34551	100
105	untuniutntrng55886	0.0008960559048718508	34801	100
106	untuniutntrng55886	0.0008960559048720729	33819	100
107	untuniutntrng55886	0.0008960559048718508	35066	100
108	untuniutntrng55886	0.0008960559048716287	36389	100
109	untuniutntrng55886	0.0008960559048718508	34777	100
110	untuniutntrng55886	0.0008960559048718508	35156	100
111	untuniutntrng55886	0.000896055904871962	34675	100
112	untuniutntrng55886	0.0008960559048718508	35570	100
113	untuniutntrng55886	0.000896055904871962	34604	100
114	untuniutntrng55886	0.0008960559048718508	35117	100
115	untuniutntrng55886	0.0008960559048720729	34316	100
116	untuniutntrng55886	0.0008960559048718508	35158	100
117	untuniutntrng55886	0.0008960559048718508	34736	100
118	untuniutntrng55886	0.0008960559048720729	33967	100
119	untuniutntrng55886	0.0008960559048720729	33998	100
120	untuniutntrng55886	0.000896055904871962	34376	100
121	untuniutntrng55886	0.0008960559048716287	36339	100
122	untuniutntrng55886	0.0008960559048716287	35724	100
123	untuniutntrng55886	0.0008960559048716287	36375	100
124	untuniutntrng55886	0.000896055904871962	34973	100
125	untuniutntrng55886	0.0008960559048720729	34173	100
126	untuniutntrng55886	0.0008960559048716287	36405	100
127	untuniutntrng55886	0.0008960559048720729	34406	100
128	untuniutntrng55886	0.0008960559048716287	35971	100
129	untuniutntrng55886	0.0008960559048720729	33700	100
130	untuniutntrng55886	0.0008960559048720729	33863	100
131	untuniutntrng55886	0.000896055904871962	34889	100
132	untuniutntrng55886	0.0008960559048720729	34314	100
133	untuniutntrng55886	0.000896055904871962	34386	100
134	untuniutntrng55886	0.0008960559048717398	35899	100
135	untuniutntrng55886	0.0008960559048718508	34838	100
136	untuniutntrng55886	0.0008960559048720729	34054	100
137	untuniutntrng55886	0.000896055904871962	34756	100
138	untuniutntrng55886	0.0008960559048718508	35219	100
139	untuniutntrng55886	0.0008960559048716287	36216	100
140	untuniutntrng55886	0.0008960559048718508	35663	100
141	untuniutntrng55886	0.0008960559048720729	34100	100
142	untuniutntrng55886	0.0008960559048716287	36036	100
143	untuniutntrng55886	0.0008960559048716287	36468	100
144	untuniutntrng55886	0.0008960559048718508	35152	100
145	untuniutntrng55886	0.0008960559048720729	33861	100
146	untuniutntrng55886	0.0008960559048718508	35506	100
147	untuniutntrng55886	0.0008960559048716287	36361	100
148	untuniutntrng55886	0.0008960559048718508	35197	100
149	untuniutntrng55886	0.0008960559048720729	33850	100
150	untuniutntrng55886	0.0008960559048720729	34279	100
151	untuniutntrng55886	0.0008960559048718508	35565	100
152	untuniutntrng55886	0.0008960559048720729	34006	100
153	untuniutntrng55886	0.0008960559048716287	36389	100
154	untuniutntrng55886	0.0008960559048720729	34040	100
155	untuniutntrng55886	0.0008960559048718508	35298	100
156	untuniutntrng55886	0.0008960559048720729	33850	100
157	untuniutntrng55886	0.0008960559048716287	36036	100
158	untuniutntrng55886	0.0008960559048716287	36015	100
159	untuniutntrng55886	0.0008960559048718508	35614	100
160	untuniutntrng55886	0.0008960559048720729	34004	100
161	untuniutntrng55886	0.000896055904871962	34454	100
162	untuniutntrng55886	0.000896055904871962	34817	100
163	untuniutntrng55886	0.0008960559048716287	36237	100
164	untuniutntrng55886	0.000896055904871962	34574	100
165	untuniutntrng55886	0.0008960559048720729	34196	100
166	untuniutntrng55886	0.0008960559048716287	36193	100
167	untuniutntrng55886	0.0008960559048716287	36148	100
168	untuniutntrng55886	0.000896055904871962	34407	100
169	untuniutntrng55886	0.0008960559048720729	34345	100
170	untuniutntrng55886	0.0008960559048720729	34112	100
171	untuniutntrng55886	0.000896055904871962	34666	100
172	untuniutntrng55886	0.0008960559048718508	34799	100
173	untuniutntrng55886	0.0008960559048720729	34049	100
174	untuniutntrng55886	0.0008960559048720729	34124	100
175	untuniutntrng55886	0.0008960559048718508	35596	100
176	untuniutntrng55886	0.0008960559048718508	35166	100
177	untuniutntrng55886	0.0008960559048720729	33890	100
178	untuniutntrng55886	0.0008960559048720729	33948	100
179	untuniutntrng55886	0.0008960559048720729	33925	100
180	untuniutntrng55886	0.0008960559048718508	35202	100
181	untuniutntrng55886	0.0008960559048718508	35354	100
182	untuniutntrng55886	0.000896055904871962	34364	100
183	untuniutntrng55886	0.0008960559048720729	34037	100
184	untuniutntrng55886	0.0008960559048718508	34969	100
185	untuniutntrng55886	0.0008960559048720729	33891	100
186	untuniutntrng55886	0.0008960559048716287	36309	100
187	untuniutntrng55886	0.000896055904871962	34671	100
188	untuniutntrng55886	0.0008960559048720729	34246	100
189	untuniutntrng55886	0.000896055904871962	34355	100
190	untuniutntrng55886	0.0008960559048720729	34335	100
191	untuniutntrng55886	0.0008960559048716287	36210	100
192	untuniutntrng55886	0.0008960559048718508	34690	100
193	untuniutntrng55886	0.0008960559048718508	35095	100
194	untuniutntrng55886	0.0008960559048720729	34309	100
195	untuniutntrng55886	0.000896055904871962	34325	100
196	untuniutntrng55886	0.0008960559048718508	35415	100
197	untuniutntrng55886	0.0008960559048718508	35424	100
198	untuniutntrng55886	0.000896055904871962	34499	100
199	untuniutntrng55886	0.0008960559048718508	35402	100
200	untuniutntrng55886	0.0008960559048716287	36143	2000
201	untuniutntrng55886	0.000896055904871962	34067	2000
202	untuniutntrng55886	0.0008960559048720729	33790	2000
203	untuniutntrng55886	0.000896055904871962	34347	2000
204	untuniutntrng55886	0.0008960559048716287	36289	2000
205	untuniutntrng55886	0.0008960559048720729	34035	2000
206	untuniutntrng55886	0.000896055904871962	34147	2000
207	untuniutntrng55886	0.0008960559048717398	35445	2000
208	untuniutntrng55886	0.000896055904871962	34219	2000
209	untuniutntrng55886	0.0008960559048717398	35313	2000
210	untuniutntrng55886	0.0008960559048715178	36681	2000
211	untuniutntrng55886	0.0008960559048715178	36151	2000
212	untuniutntrng55886	0.0008960559048717398	35697	2000
213	untuniutntrng55886	0.0008960559048717398	35348	2000
214	untuniutntrng55886	0.0008960559048717398	35568	2000
215	untuniutntrng55886	0.0008960559048717398	35755	2000
216	untuniutntrng55886	0.0008960559048717398	35583	2000
217	untuniutntrng55886	0.0008960559048717398	35694	2000
218	untuniutntrng55886	0.000896055904871962	34082	2000
219	untuniutntrng55886	0.000896055904871962	34217	2000
220	untuniutntrng55886	0.0008960559048717398	35443	2000
221	untuniutntrng55886	0.0008960559048717398	35506	2000
222	untuniutntrng55886	0.000896055904871962	34513	2000
223	untuniutntrng55886	0.0008960559048717398	35615	2000
224	untuniutntrng55886	0.000896055904871962	34247	2000
225	untuniutntrng55886	0.0008960559048718508	34973	2000
226	untuniutntrng55886	0.0008960559048717398	35682	2000
227	untuniutntrng55886	0.0008960559048717398	35914	2000
228	untuniutntrng55886	0.0008960559048718508	34680	2000
229	untuniutntrng55886	0.000896055904871962	34245	2000
230	untuniutntrng55886	0.0008960559048718508	35071	2000
231	untuniutntrng55886	0.0008960559048717398	35791	2000
232	untuniutntrng55886	0.0008960559048720729	33913	2000
233	untuniutntrng55886	0.0008960559048717398	35655	2000
234	untuniutntrng55886	0.0008960559048717398	35393	2000
235	untuniutntrng55886	0.0008960559048717398	35381	2000
236	untuniutntrng55886	0.0008960559048717398	35566	2000
237	untuniutntrng55886	0.000896055904871962	34406	2000
238	untuniutntrng55886	0.0008960559048718508	34454	2000
239	untuniutntrng55886	0.0008960559048718508	34671	2000
240	untuniutntrng55886	0.0008960559048717398	35321	2000
241	untuniutntrng55886	0.0008960559048717398	35699	2000
242	untuniutntrng55886	0.0008960559048717398	35680	2000
243	untuniutntrng55886	0.0008960559048716287	36135	2000
244	untuniutntrng55886	0.0008960559048716287	35951	2000
245	untuniutntrng55886	0.0008960559048717398	35436	2000
246	untuniutntrng55886	0.0008960559048718508	34801	2000
247	untuniutntrng55886	0.000896055904871962	34314	2000
248	untuniutntrng55886	0.0008960559048716287	36018	2000
249	untuniutntrng55886	0.0008960559048717398	35542	2000
250	untuniutntrng55886	0.0008960559048717398	35654	2000
251	untuniutntrng55886	0.0008960559048715178	36484	2000
252	untuniutntrng55886	0.0008960559048717398	35865	2000
253	untuniutntrng55886	0.0008960559048717398	35639	2000
254	untuniutntrng55886	0.0008960559048715178	36519	2000
255	untuniutntrng55886	0.0008960559048715178	36395	2000
256	untuniutntrng55886	0.0008960559048715178	36725	2000
257	untuniutntrng55886	0.0008960559048720729	33909	2000
258	untuniutntrng55886	0.000896055904871962	34038	2000
259	untuniutntrng55886	0.000896055904871962	34143	2000
260	untuniutntrng55886	0.000896055904871962	34160	2000
261	untuniutntrng55886	0.0008960559048717398	35472	2000
262	untuniutntrng55886	0.000896055904871962	34307	2000
263	untuniutntrng55886	0.0008960559048715178	36448	2000
264	untuniutntrng55886	0.0008960559048717398	35600	2000
265	untuniutntrng55886	0.0008960559048717398	35267	2000
266	untuniutntrng55886	0.000896055904871962	34161	2000
267	untuniutntrng55886	0.0008960559048717398	35613	2000
268	untuniutntrng55886	0.000896055904871962	34160	2000
269	untuniutntrng55886	0.0008960559048720729	33686	2000
270	untuniutntrng55886	0.000896055904871962	34160	2000
271	untuniutntrng55886	0.0008960559048715178	36330	2000
272	untuniutntrng55886	0.0008960559048715178	36258	2000
273	untuniutntrng55886	0.0008960559048720729	33778	2000
274	untuniutntrng55886	0.0008960559048715178	36420	2000
275	untuniutntrng55886	0.0008960559048717398	35516	2000
276	untuniutntrng55886	0.0008960559048718508	34800	2000
277	untuniutntrng55886	0.0008960559048717398	35545	2000
278	untuniutntrng55886	0.000896055904871962	34270	2000
279	untuniutntrng55886	0.0008960559048720729	33525	2000
280	untuniutntrng55886	0.0008960559048720729	33875	2000
281	untuniutntrng55886	0.000896055904871962	34186	2000
282	untuniutntrng55886	0.0008960559048717398	35585	2000
283	untuniutntrng55886	0.0008960559048717398	35562	2000
284	untuniutntrng55886	0.0008960559048717398	35337	2000
285	untuniutntrng55886	0.0008960559048715178	36138	2000
286	untuniutntrng55886	0.0008960559048718508	34700	2000
287	untuniutntrng55886	0.0008960559048715178	36331	2000
288	untuniutntrng55886	0.000896055904871962	34528	2000
289	untuniutntrng55886	0.0008960559048717398	35677	2000
290	untuniutntrng55886	0.0008960559048717398	35651	2000
291	untuniutntrng55886	0.0008960559048718508	34893	2000
292	untuniutntrng55886	0.000896055904871962	34261	2000
293	untuniutntrng55886	0.0008960559048717398	35765	2000
294	untuniutntrng55886	0.0008960559048715178	36464	2000
295	untuniutntrng55886	0.0008960559048717398	35465	2000
296	untuniutntrng55886	0.0008960559048715178	36524	2000
297	untuniutntrng55886	0.0008960559048717398	35274	2000
298	untuniutntrng55886	0.0008960559048715178	36463	2000
299	untuniutntrng55886	0.0008960559048717398	35628	2000
300	untuniutntrng55886	0.0008960559048718508	34740	200
301	untuniutntrng55886	0.0008960559048716287	35960	200
302	untuniutntrng55886	0.0008960559048716287	36329	200
303	untuniutntrng55886	0.0008960559048720729	33907	200
304	untuniutntrng55886	0.000896055904871962	34263	200
305	untuniutntrng55886	0.000896055904871962	34007	200
306	untuniutntrng55886	0.0008960559048720729	33646	200
307	untuniutntrng55886	0.0008960559048716287	36166	200
308	untuniutntrng55886	0.0008960559048718508	34906	200
309	untuniutntrng55886	0.0008960559048718508	34874	200
310	untuniutntrng55886	0.000896055904871962	34383	200
311	untuniutntrng55886	0.0008960559048718508	34632	200
312	untuniutntrng55886	0.0008960559048720729	33801	200
313	untuniutntrng55886	0.000896055904871962	34521	200
314	untuniutntrng55886	0.000896055904871962	33958	200
315	untuniutntrng55886	0.0008960559048716287	35995	200
316	untuniutntrng55886	0.0008960559048718508	34663	200
317	untuniutntrng55886	0.0008960559048718508	34642	200
318	untuniutntrng55886	0.000896055904871962	34276	200
319	untuniutntrng55886	0.0008960559048720729	33956	200
320	untuniutntrng55886	0.000896055904871962	34330	200
321	untuniutntrng55886	0.0008960559048718508	34694	200
322	untuniutntrng55886	0.0008960559048720729	33886	200
323	untuniutntrng55886	0.0008960559048718508	34669	200
324	untuniutntrng55886	0.000896055904871962	34239	200
325	untuniutntrng55886	0.0008960559048716287	36181	200
326	untuniutntrng55886	0.0008960559048718508	34662	200
327	untuniutntrng55886	0.000896055904871962	34261	200
328	untuniutntrng55886	0.0008960559048720729	33878	200
329	untuniutntrng55886	0.0008960559048720729	33951	200
330	untuniutntrng55886	0.0008960559048718508	34819	200
331	untuniutntrng55886	0.0008960559048718508	34815	200
332	untuniutntrng55886	0.0008960559048718508	35056	200
333	untuniutntrng55886	0.0008960559048720729	34124	200
334	untuniutntrng55886	0.0008960559048716287	36050	200
335	untuniutntrng55886	0.0008960559048716287	35828	200
336	untuniutntrng55886	0.0008960559048718508	34763	200
337	untuniutntrng55886	0.0008960559048718508	34638	200
338	untuniutntrng55886	0.0008960559048716287	36337	200
339	untuniutntrng55886	0.0008960559048718508	34980	200
340	untuniutntrng55886	0.0008960559048718508	35035	200
341	untuniutntrng55886	0.0008960559048718508	34921	200
342	untuniutntrng55886	0.0008960559048720729	33883	200
343	untuniutntrng55886	0.0008960559048718508	34692	200
344	untuniutntrng55886	0.0008960559048716287	35690	200
345	untuniutntrng55886	0.0008960559048717398	35521	200
346	untuniutntrng55886	0.000896055904871962	34401	200
347	untuniutntrng55886	0.000896055904871962	33979	200
348	untuniutntrng55886	0.0008960559048718508	34618	200
349	untuniutntrng55886	0.000896055904871962	34380	200
350	untuniutntrng55886	0.0008960559048720729	33836	200
351	untuniutntrng55886	0.0008960559048716287	36026	200
352	untuniutntrng55886	0.0008960559048716287	35950	200
353	untuniutntrng55886	0.000896055904871962	34226	200
354	untuniutntrng55886	0.0008960559048718508	34658	200
355	untuniutntrng55886	0.000896055904871962	34416	200
356	untuniutntrng55886	0.0008960559048718508	34860	200
357	untuniutntrng55886	0.000896055904871962	34225	200
358	untuniutntrng55886	0.0008960559048718508	34933	200
359	untuniutntrng55886	0.0008960559048716287	36106	200
360	untuniutntrng55886	0.000896055904871962	34409	200
361	untuniutntrng55886	0.0008960559048716287	36184	200
362	untuniutntrng55886	0.0008960559048716287	35816	200
363	untuniutntrng55886	0.0008960559048716287	36038	200
364	untuniutntrng55886	0.000896055904871962	34316	200
365	untuniutntrng55886	0.0008960559048718508	34846	200
366	untuniutntrng55886	0.000896055904871962	34297	200
367	untuniutntrng55886	0.0008960559048718508	34713	200
368	untuniutntrng55886	0.0008960559048718508	34705	200
369	untuniutntrng55886	0.0008960559048720729	33784	200
370	untuniutntrng55886	0.0008960559048716287	36107	200
371	untuniutntrng55886	0.000896055904871962	34188	200
372	untuniutntrng55886	0.0008960559048720729	33998	200
373	untuniutntrng55886	0.0008960559048716287	36528	200
374	untuniutntrng55886	0.0008960559048720729	33862	200
375	untuniutntrng55886	0.0008960559048720729	33540	200
376	untuniutntrng55886	0.0008960559048718508	34729	200
377	untuniutntrng55886	0.0008960559048720729	33665	200
378	untuniutntrng55886	0.000896055904871962	34281	200
379	untuniutntrng55886	0.0008960559048720729	33648	200
380	untuniutntrng55886	0.0008960559048720729	33934	200
381	untuniutntrng55886	0.0008960559048716287	36134	200
382	untuniutntrng55886	0.0008960559048718508	34677	200
383	untuniutntrng55886	0.0008960559048718508	35056	200
384	untuniutntrng55886	0.000896055904871962	33991	200
385	untuniutntrng55886	0.0008960559048720729	33905	200
386	untuniutntrng55886	0.0008960559048716287	36149	200
387	untuniutntrng55886	0.000896055904871962	34202	200
388	untuniutntrng55886	0.0008960559048716287	36105	200
389	untuniutntrng55886	0.0008960559048720729	33819	200
390	untuniutntrng55886	0.000896055904871962	34236	200
391	untuniutntrng55886	0.0008960559048716287	36109	200
392	untuniutntrng55886	0.0008960559048720729	34133	200
393	untuniutntrng55886	0.000896055904871962	34386	200
394	untuniutntrng55886	0.0008960559048718508	34741	200
395	untuniutntrng55886	0.0008960559048718508	34802	200
396	untuniutntrng55886	0.0008960559048720729	33792	200
397	untuniutntrng55886	0.000896055904871962	34389	200
398	untuniutntrng55886	0.0008960559048716287	35892	200
399	untuniutntrng55886	0.0008960559048718508	35062	200
400	untuniutntrng55886	0.0008960559048720729	34144	20
401	untuniutntrng55886	0.0008960559048720729	34019	20
402	untuniutntrng55886	0.0008960559048717398	35587	20
403	untuniutntrng55886	0.0008960559048716287	36561	20
404	untuniutntrng55886	0.0008960559048718508	35476	20
405	untuniutntrng55886	0.0008960559048716287	35849	20
406	untuniutntrng55886	0.0008960559048720729	34307	20
407	untuniutntrng55886	0.0008960559048716287	36357	20
408	untuniutntrng55886	0.0008960559048718508	35215	20
409	untuniutntrng55886	0.0008960559048717398	35877	20
410	untuniutntrng55886	0.0008960559048717398	35662	20
411	untuniutntrng55886	0.000896055904871962	34201	20
412	untuniutntrng55886	0.0008960559048720729	33870	20
413	untuniutntrng55886	0.0008960559048720729	34257	20
414	untuniutntrng55886	0.000896055904871962	34181	20
415	untuniutntrng55886	0.0008960559048718508	34403	20
416	untuniutntrng55886	0.000896055904871962	34527	20
417	untuniutntrng55886	0.0008960559048720729	33704	20
418	untuniutntrng55886	0.0008960559048716287	36208	20
419	untuniutntrng55886	0.0008960559048716287	36499	20
420	untuniutntrng55886	0.0008960559048720729	34145	20
421	untuniutntrng55886	0.000896055904871962	34720	20
422	untuniutntrng55886	0.0008960559048718508	35487	20
423	untuniutntrng55886	0.0008960559048720729	34171	20
424	untuniutntrng55886	0.0008960559048718508	35530	20
425	untuniutntrng55886	0.0008960559048720729	33744	20
426	untuniutntrng55886	0.0008960559048716287	36317	20
427	untuniutntrng55886	0.0008960559048720729	33946	20
428	untuniutntrng55886	0.0008960559048721838	34004	20
429	untuniutntrng55886	0.000896055904871962	34780	20
430	untuniutntrng55886	0.000896055904871962	34238	20
431	untuniutntrng55886	0.0008960559048720729	33913	20
432	untuniutntrng55886	0.0008960559048718508	35340	20
433	untuniutntrng55886	0.000896055904871962	34785	20
434	untuniutntrng55886	0.000896055904871962	34541	20
435	untuniutntrng55886	0.0008960559048720729	34208	20
436	untuniutntrng55886	0.000896055904871962	34320	20
437	untuniutntrng55886	0.0008960559048716287	36160	20
438	untuniutntrng55886	0.0008960559048718508	35385	20
439	untuniutntrng55886	0.0008960559048716287	36276	20
440	untuniutntrng55886	0.0008960559048716287	36168	20
441	untuniutntrng55886	0.0008960559048718508	35007	20
442	untuniutntrng55886	0.000896055904871962	34776	20
443	untuniutntrng55886	0.0008960559048718508	35423	20
444	untuniutntrng55886	0.0008960559048721838	33828	20
445	untuniutntrng55886	0.0008960559048716287	36311	20
446	untuniutntrng55886	0.0008960559048716287	36598	20
447	untuniutntrng55886	0.0008960559048720729	34053	20
448	untuniutntrng55886	0.0008960559048720729	34386	20
449	untuniutntrng55886	0.0008960559048717398	35912	20
450	untuniutntrng55886	0.000896055904871962	34606	20
451	untuniutntrng55886	0.0008960559048718508	34832	20
452	untuniutntrng55886	0.0008960559048717398	35820	20
453	untuniutntrng55886	0.0008960559048720729	34381	20
454	untuniutntrng55886	0.0008960559048720729	33823	20
455	untuniutntrng55886	0.0008960559048720729	34449	20
456	untuniutntrng55886	0.0008960559048720729	34318	20
457	untuniutntrng55886	0.0008960559048718508	35682	20
458	untuniutntrng55886	0.0008960559048720729	33798	20
459	untuniutntrng55886	0.0008960559048721838	33689	20
460	untuniutntrng55886	0.0008960559048718508	35320	20
461	untuniutntrng55886	0.0008960559048718508	35450	20
462	untuniutntrng55886	0.0008960559048718508	35384	20
463	untuniutntrng55886	0.000896055904871962	34499	20
464	untuniutntrng55886	0.0008960559048720729	34092	20
465	untuniutntrng55886	0.000896055904871962	34162	20
466	untuniutntrng55886	0.0008960559048720729	33920	20
467	untuniutntrng55886	0.000896055904871962	34474	20
468	untuniutntrng55886	0.0008960559048720729	33877	20
469	untuniutntrng55886	0.0008960559048720729	34083	20
470	untuniutntrng55886	0.000896055904871962	34932	20
471	untuniutntrng55886	0.0008960559048717398	35679	20
472	untuniutntrng55886	0.000896055904871962	34463	20
473	untuniutntrng55886	0.000896055904871962	34595	20
474	untuniutntrng55886	0.0008960559048720729	34084	20
475	untuniutntrng55886	0.0008960559048716287	35783	20
476	untuniutntrng55886	0.0008960559048716287	36072	20
477	untuniutntrng55886	0.000896055904871962	34525	20
478	untuniutntrng55886	0.0008960559048718508	34658	20
479	untuniutntrng55886	0.0008960559048720729	33951	20
480	untuniutntrng55886	0.000896055904871962	34824	20
481	untuniutntrng55886	0.0008960559048718508	35408	20
482	untuniutntrng55886	0.0008960559048717398	36009	20
483	untuniutntrng55886	0.0008960559048717398	35821	20
484	untuniutntrng55886	0.0008960559048718508	35191	20
485	untuniutntrng55886	0.0008960559048718508	34868	20
486	untuniutntrng55886	0.0008960559048720729	34013	20
487	untuniutntrng55886	0.0008960559048718508	35064	20
488	untuniutntrng55886	0.0008960559048718508	35544	20
489	untuniutntrng55886	0.0008960559048720729	33848	20
490	untuniutntrng55886	0.000896055904871962	34273	20
491	untuniutntrng55886	0.0008960559048716287	36529	20
492	untuniutntrng55886	0.0008960559048720729	34206	20
493	untuniutntrng55886	0.0008960559048720729	34157	20
494	untuniutntrng55886	0.0008960559048720729	34153	20
495	untuniutntrng55886	0.0008960559048718508	34931	20
496	untuniutntrng55886	0.0008960559048716287	36302	20
497	untuniutntrng55886	0.000896055904871962	34141	20
498	untuniutntrng55886	0.0008960559048716287	36289	20
499	untuniutntrng55886	0.0008960559048716287	36220	20
500	untuniutntrng55886	0.0008960559048720729	33802	300
501	untuniutntrng55886	0.0008960559048718508	34765	300
502	untuniutntrng55886	0.0008960559048718508	34684	300
503	untuniutntrng55886	0.0008960559048718508	34732	300
504	untuniutntrng55886	0.0008960559048720729	33607	300
505	untuniutntrng55886	0.0008960559048718508	34653	300
506	untuniutntrng55886	0.0008960559048720729	33823	300
507	untuniutntrng55886	0.0008960559048718508	35023	300
508	untuniutntrng55886	0.0008960559048716287	35895	300
509	untuniutntrng55886	0.0008960559048718508	34763	300
510	untuniutntrng55886	0.0008960559048720729	33870	300
511	untuniutntrng55886	0.0008960559048718508	34760	300
512	untuniutntrng55886	0.0008960559048720729	34356	300
513	untuniutntrng55886	0.0008960559048718508	34682	300
514	untuniutntrng55886	0.0008960559048718508	34849	300
515	untuniutntrng55886	0.0008960559048718508	34844	300
516	untuniutntrng55886	0.0008960559048718508	34747	300
517	untuniutntrng55886	0.0008960559048720729	34050	300
518	untuniutntrng55886	0.0008960559048718508	34744	300
519	untuniutntrng55886	0.0008960559048720729	33831	300
520	untuniutntrng55886	0.0008960559048718508	34613	300
521	untuniutntrng55886	0.0008960559048718508	34844	300
522	untuniutntrng55886	0.0008960559048720729	33954	300
523	untuniutntrng55886	0.0008960559048720729	33902	300
524	untuniutntrng55886	0.0008960559048718508	34748	300
525	untuniutntrng55886	0.0008960559048718508	34832	300
526	untuniutntrng55886	0.0008960559048716287	36051	300
527	untuniutntrng55886	0.0008960559048718508	34921	300
528	untuniutntrng55886	0.0008960559048718508	34882	300
529	untuniutntrng55886	0.0008960559048718508	35020	300
530	untuniutntrng55886	0.0008960559048720729	33878	300
531	untuniutntrng55886	0.0008960559048718508	34879	300
532	untuniutntrng55886	0.0008960559048718508	35022	300
533	untuniutntrng55886	0.0008960559048718508	34915	300
534	untuniutntrng55886	0.0008960559048718508	34680	300
535	untuniutntrng55886	0.0008960559048718508	34910	300
536	untuniutntrng55886	0.0008960559048720729	33822	300
537	untuniutntrng55886	0.0008960559048716287	36085	300
538	untuniutntrng55886	0.0008960559048718508	34624	300
539	untuniutntrng55886	0.0008960559048718508	34997	300
540	untuniutntrng55886	0.0008960559048718508	34833	300
541	untuniutntrng55886	0.0008960559048718508	34589	300
542	untuniutntrng55886	0.0008960559048718508	34906	300
543	untuniutntrng55886	0.0008960559048720729	33790	300
544	untuniutntrng55886	0.0008960559048716287	35638	300
545	untuniutntrng55886	0.0008960559048718508	34794	300
546	untuniutntrng55886	0.0008960559048720729	33774	300
547	untuniutntrng55886	0.0008960559048720729	33985	300
548	untuniutntrng55886	0.0008960559048720729	34208	300
549	untuniutntrng55886	0.0008960559048718508	34881	300
550	untuniutntrng55886	0.0008960559048718508	34735	300
551	untuniutntrng55886	0.0008960559048720729	33686	300
552	untuniutntrng55886	0.0008960559048718508	34825	300
553	untuniutntrng55886	0.0008960559048718508	34527	300
554	untuniutntrng55886	0.0008960559048718508	34982	300
555	untuniutntrng55886	0.0008960559048718508	34841	300
556	untuniutntrng55886	0.0008960559048716287	35926	300
557	untuniutntrng55886	0.0008960559048720729	33826	300
558	untuniutntrng55886	0.0008960559048718508	34800	300
559	untuniutntrng55886	0.0008960559048716287	35905	300
560	untuniutntrng55886	0.0008960559048718508	34638	300
561	untuniutntrng55886	0.0008960559048718508	34746	300
562	untuniutntrng55886	0.0008960559048716287	36015	300
563	untuniutntrng55886	0.0008960559048718508	34702	300
564	untuniutntrng55886	0.0008960559048720729	33885	300
565	untuniutntrng55886	0.0008960559048718508	34761	300
566	untuniutntrng55886	0.0008960559048716287	36186	300
567	untuniutntrng55886	0.0008960559048720729	33737	300
568	untuniutntrng55886	0.0008960559048718508	34673	300
569	untuniutntrng55886	0.0008960559048720729	34158	300
570	untuniutntrng55886	0.0008960559048720729	33733	300
571	untuniutntrng55886	0.0008960559048718508	34611	300
572	untuniutntrng55886	0.0008960559048718508	34683	300
573	untuniutntrng55886	0.0008960559048718508	34517	300
574	untuniutntrng55886	0.0008960559048718508	34977	300
575	untuniutntrng55886	0.0008960559048718508	34812	300
576	untuniutntrng55886	0.0008960559048716287	35937	300
577	untuniutntrng55886	0.0008960559048716287	36079	300
578	untuniutntrng55886	0.0008960559048716287	36046	300
579	untuniutntrng55886	0.0008960559048718508	34755	300
580	untuniutntrng55886	0.0008960559048716287	36076	300
581	untuniutntrng55886	0.0008960559048718508	34681	300
582	untuniutntrng55886	0.0008960559048720729	34057	300
583	untuniutntrng55886	0.0008960559048718508	34769	300
584	untuniutntrng55886	0.0008960559048718508	34625	300
585	untuniutntrng55886	0.0008960559048716287	36019	300
586	untuniutntrng55886	0.0008960559048718508	34847	300
587	untuniutntrng55886	0.0008960559048718508	34888	300
588	untuniutntrng55886	0.0008960559048720729	33867	300
589	untuniutntrng55886	0.0008960559048718508	34878	300
590	untuniutntrng55886	0.0008960559048718508	34758	300
591	untuniutntrng55886	0.0008960559048718508	34640	300
592	untuniutntrng55886	0.0008960559048716287	36190	300
593	untuniutntrng55886	0.0008960559048720729	33930	300
594	untuniutntrng55886	0.0008960559048718508	34491	300
595	untuniutntrng55886	0.0008960559048716287	35957	300
596	untuniutntrng55886	0.0008960559048718508	34636	300
597	untuniutntrng55886	0.0008960559048718508	34819	300
598	untuniutntrng55886	0.0008960559048718508	34816	300
599	untuniutntrng55886	0.0008960559048718508	34534	300
600	untuniutntrng55886	0.000896055904871962	34834	30
601	untuniutntrng55886	0.000896055904871962	34505	30
602	untuniutntrng55886	0.0008960559048718508	35405	30
603	untuniutntrng55886	0.0008960559048718508	35261	30
604	untuniutntrng55886	0.000896055904871962	34405	30
605	untuniutntrng55886	0.0008960559048720729	33589	30
606	untuniutntrng55886	0.0008960559048718508	35260	30
607	untuniutntrng55886	0.0008960559048716287	36527	30
608	untuniutntrng55886	0.000896055904871962	34773	30
609	untuniutntrng55886	0.0008960559048721838	33509	30
610	untuniutntrng55886	0.0008960559048716287	36243	30
611	untuniutntrng55886	0.0008960559048718508	34798	30
612	untuniutntrng55886	0.0008960559048718508	34875	30
613	untuniutntrng55886	0.000896055904871962	34644	30
614	untuniutntrng55886	0.0008960559048720729	33987	30
615	untuniutntrng55886	0.000896055904871962	35079	30
616	untuniutntrng55886	0.0008960559048721838	33793	30
617	untuniutntrng55886	0.000896055904871962	34774	30
618	untuniutntrng55886	0.0008960559048720729	34234	30
619	untuniutntrng55886	0.000896055904871962	34503	30
620	untuniutntrng55886	0.0008960559048718508	35341	30
621	untuniutntrng55886	0.000896055904871962	34461	30
622	untuniutntrng55886	0.0008960559048718508	35775	30
623	untuniutntrng55886	0.0008960559048721838	34011	30
624	untuniutntrng55886	0.0008960559048718508	35659	30
625	untuniutntrng55886	0.0008960559048720729	33984	30
626	untuniutntrng55886	0.0008960559048721838	33654	30
627	untuniutntrng55886	0.0008960559048716287	36481	30
628	untuniutntrng55886	0.0008960559048718508	35229	30
629	untuniutntrng55886	0.000896055904871962	34752	30
630	untuniutntrng55886	0.0008960559048721838	33883	30
631	untuniutntrng55886	0.0008960559048718508	35178	30
632	untuniutntrng55886	0.0008960559048718508	34947	30
633	untuniutntrng55886	0.0008960559048720729	34210	30
634	untuniutntrng55886	0.000896055904871962	34514	30
635	untuniutntrng55886	0.0008960559048718508	35634	30
636	untuniutntrng55886	0.000896055904871962	34054	30
637	untuniutntrng55886	0.0008960559048716287	36138	30
638	untuniutntrng55886	0.000896055904871962	34697	30
639	untuniutntrng55886	0.0008960559048716287	36578	30
640	untuniutntrng55886	0.000896055904871962	34547	30
641	untuniutntrng55886	0.000896055904871962	34295	30
642	untuniutntrng55886	0.000896055904871962	34616	30
643	untuniutntrng55886	0.0008960559048716287	36637	30
644	untuniutntrng55886	0.0008960559048718508	34966	30
645	untuniutntrng55886	0.0008960559048718508	35690	30
646	untuniutntrng55886	0.0008960559048718508	34919	30
647	untuniutntrng55886	0.0008960559048716287	36428	30
648	untuniutntrng55886	0.0008960559048718508	35378	30
649	untuniutntrng55886	0.0008960559048720729	34250	30
650	untuniutntrng55886	0.0008960559048718508	35015	30
651	untuniutntrng55886	0.0008960559048718508	34808	30
652	untuniutntrng55886	0.0008960559048716287	36025	30
653	untuniutntrng55886	0.0008960559048716287	36304	30
654	untuniutntrng55886	0.000896055904871962	34355	30
655	untuniutntrng55886	0.0008960559048720729	34432	30
656	untuniutntrng55886	0.0008960559048720729	34647	30
657	untuniutntrng55886	0.0008960559048716287	35882	30
658	untuniutntrng55886	0.000896055904871962	34929	30
659	untuniutntrng55886	0.0008960559048718508	35618	30
660	untuniutntrng55886	0.0008960559048718508	35237	30
661	untuniutntrng55886	0.0008960559048720729	34251	30
662	untuniutntrng55886	0.0008960559048721838	33687	30
663	untuniutntrng55886	0.0008960559048718508	35333	30
664	untuniutntrng55886	0.0008960559048721838	33580	30
665	untuniutntrng55886	0.0008960559048718508	35233	30
666	untuniutntrng55886	0.0008960559048716287	36434	30
667	untuniutntrng55886	0.0008960559048718508	34781	30
668	untuniutntrng55886	0.0008960559048720729	33828	30
669	untuniutntrng55886	0.0008960559048718508	35092	30
670	untuniutntrng55886	0.0008960559048720729	33801	30
671	untuniutntrng55886	0.0008960559048718508	35339	30
672	untuniutntrng55886	0.000896055904871962	34520	30
673	untuniutntrng55886	0.0008960559048716287	36009	30
674	untuniutntrng55886	0.0008960559048718508	35562	30
675	untuniutntrng55886	0.0008960559048720729	34228	30
676	untuniutntrng55886	0.0008960559048716287	36307	30
677	untuniutntrng55886	0.0008960559048716287	36429	30
678	untuniutntrng55886	0.0008960559048720729	34015	30
679	untuniutntrng55886	0.000896055904871962	34721	30
680	untuniutntrng55886	0.000896055904871962	34411	30
681	untuniutntrng55886	0.000896055904871962	34446	30
682	untuniutntrng55886	0.0008960559048718508	35064	30
683	untuniutntrng55886	0.000896055904871962	34190	30
684	untuniutntrng55886	0.0008960559048718508	35330	30
685	untuniutntrng55886	0.0008960559048718508	35740	30
686	untuniutntrng55886	0.0008960559048718508	35158	30
687	untuniutntrng55886	0.0008960559048721838	33755	30
688	untuniutntrng55886	0.000896055904871962	34510	30
689	untuniutntrng55886	0.000896055904871962	34881	30
690	untuniutntrng55886	0.0008960559048718508	34928	30
691	untuniutntrng55886	0.0008960559048718508	35174	30
692	untuniutntrng55886	0.0008960559048718508	35371	30
693	untuniutntrng55886	0.0008960559048718508	35398	30
694	untuniutntrng55886	0.0008960559048718508	35334	30
695	untuniutntrng55886	0.0008960559048718508	35477	30
696	untuniutntrng55886	0.0008960559048718508	34811	30
697	untuniutntrng55886	0.0008960559048716287	36017	30
698	untuniutntrng55886	0.0008960559048716287	36430	30
699	untuniutntrng55886	0.000896055904871962	34394	30
700	untuniutntrng55886	0.0008960559048718508	34724	400
701	untuniutntrng55886	0.000896055904871962	34298	400
702	untuniutntrng55886	0.0008960559048716287	35779	400
703	untuniutntrng55886	0.0008960559048718508	34646	400
704	untuniutntrng55886	0.0008960559048718508	34766	400
705	untuniutntrng55886	0.0008960559048718508	34907	400
706	untuniutntrng55886	0.0008960559048718508	34937	400
707	untuniutntrng55886	0.0008960559048720729	33848	400
708	untuniutntrng55886	0.0008960559048718508	34756	400
709	untuniutntrng55886	0.0008960559048720729	33713	400
710	untuniutntrng55886	0.0008960559048720729	33828	400
711	untuniutntrng55886	0.0008960559048718508	34949	400
712	untuniutntrng55886	0.0008960559048718508	34997	400
713	untuniutntrng55886	0.0008960559048718508	34748	400
714	untuniutntrng55886	0.0008960559048718508	34952	400
715	untuniutntrng55886	0.0008960559048716287	35838	400
716	untuniutntrng55886	0.0008960559048720729	33789	400
717	untuniutntrng55886	0.0008960559048716287	35811	400
718	untuniutntrng55886	0.0008960559048716287	36371	400
719	untuniutntrng55886	0.0008960559048718508	34978	400
720	untuniutntrng55886	0.000896055904871962	34140	400
721	untuniutntrng55886	0.0008960559048720729	33933	400
722	untuniutntrng55886	0.0008960559048718508	34663	400
723	untuniutntrng55886	0.0008960559048718508	34839	400
724	untuniutntrng55886	0.000896055904871962	34260	400
725	untuniutntrng55886	0.000896055904871962	34529	400
726	untuniutntrng55886	0.0008960559048715178	36527	400
727	untuniutntrng55886	0.0008960559048718508	35012	400
728	untuniutntrng55886	0.0008960559048718508	34647	400
729	untuniutntrng55886	0.0008960559048718508	34984	400
730	untuniutntrng55886	0.0008960559048718508	34405	400
731	untuniutntrng55886	0.0008960559048716287	36158	400
732	untuniutntrng55886	0.0008960559048718508	34761	400
733	untuniutntrng55886	0.0008960559048716287	35835	400
734	untuniutntrng55886	0.0008960559048718508	34683	400
735	untuniutntrng55886	0.0008960559048718508	34761	400
736	untuniutntrng55886	0.0008960559048718508	34809	400
737	untuniutntrng55886	0.0008960559048718508	34619	400
738	untuniutntrng55886	0.0008960559048720729	33861	400
739	untuniutntrng55886	0.000896055904871962	34395	400
740	untuniutntrng55886	0.0008960559048720729	34012	400
741	untuniutntrng55886	0.0008960559048718508	34912	400
742	untuniutntrng55886	0.0008960559048718508	34733	400
743	untuniutntrng55886	0.0008960559048716287	36027	400
744	untuniutntrng55886	0.0008960559048720729	33798	400
745	untuniutntrng55886	0.0008960559048718508	34571	400
746	untuniutntrng55886	0.0008960559048718508	34958	400
747	untuniutntrng55886	0.0008960559048716287	36150	400
748	untuniutntrng55886	0.0008960559048716287	35828	400
749	untuniutntrng55886	0.0008960559048718508	34705	400
750	untuniutntrng55886	0.000896055904871962	34317	400
751	untuniutntrng55886	0.0008960559048718508	34759	400
752	untuniutntrng55886	0.0008960559048716287	36266	400
753	untuniutntrng55886	0.0008960559048720729	33784	400
754	untuniutntrng55886	0.0008960559048716287	36038	400
755	untuniutntrng55886	0.0008960559048716287	35955	400
756	untuniutntrng55886	0.0008960559048718508	34899	400
757	untuniutntrng55886	0.000896055904871962	34174	400
758	untuniutntrng55886	0.0008960559048718508	34767	400
759	untuniutntrng55886	0.0008960559048718508	34659	400
760	untuniutntrng55886	0.0008960559048720729	33810	400
761	untuniutntrng55886	0.0008960559048718508	34783	400
762	untuniutntrng55886	0.0008960559048718508	34695	400
763	untuniutntrng55886	0.0008960559048718508	34903	400
764	untuniutntrng55886	0.0008960559048720729	33923	400
765	untuniutntrng55886	0.0008960559048716287	36284	400
766	untuniutntrng55886	0.0008960559048718508	34824	400
767	untuniutntrng55886	0.0008960559048720729	33873	400
768	untuniutntrng55886	0.0008960559048718508	35008	400
769	untuniutntrng55886	0.0008960559048716287	36138	400
770	untuniutntrng55886	0.0008960559048718508	34765	400
771	untuniutntrng55886	0.0008960559048718508	34622	400
772	untuniutntrng55886	0.0008960559048720729	33912	400
773	untuniutntrng55886	0.0008960559048716287	36102	400
774	untuniutntrng55886	0.0008960559048718508	34643	400
775	untuniutntrng55886	0.0008960559048716287	35959	400
776	untuniutntrng55886	0.0008960559048720729	34247	400
777	untuniutntrng55886	0.0008960559048718508	34972	400
778	untuniutntrng55886	0.0008960559048716287	35938	400
779	untuniutntrng55886	0.0008960559048718508	34991	400
780	untuniutntrng55886	0.0008960559048718508	34841	400
781	untuniutntrng55886	0.000896055904871962	34086	400
782	untuniutntrng55886	0.0008960559048718508	34502	400
783	untuniutntrng55886	0.0008960559048718508	34755	400
784	untuniutntrng55886	0.000896055904871962	34080	400
785	untuniutntrng55886	0.0008960559048720729	34122	400
786	untuniutntrng55886	0.0008960559048718508	34739	400
787	untuniutntrng55886	0.0008960559048718508	34629	400
788	untuniutntrng55886	0.0008960559048718508	35061	400
789	untuniutntrng55886	0.0008960559048720729	33809	400
790	untuniutntrng55886	0.000896055904871962	34384	400
791	untuniutntrng55886	0.0008960559048718508	34563	400
792	untuniutntrng55886	0.0008960559048718508	34724	400
793	untuniutntrng55886	0.000896055904871962	34470	400
794	untuniutntrng55886	0.0008960559048718508	34706	400
795	untuniutntrng55886	0.0008960559048720729	34102	400
796	untuniutntrng55886	0.0008960559048716287	36063	400
797	untuniutntrng55886	0.0008960559048720729	33862	400
798	untuniutntrng55886	0.0008960559048720729	33828	400
799	untuniutntrng55886	0.0008960559048716287	36221	400
800	untuniutntrng55886	0.0008960559048718508	35462	40
801	untuniutntrng55886	0.0008960559048718508	35593	40
802	untuniutntrng55886	0.0008960559048718508	35336	40
803	untuniutntrng55886	0.0008960559048716287	36323	40
804	untuniutntrng55886	0.0008960559048718508	35898	40
805	untuniutntrng55886	0.0008960559048718508	35559	40
806	untuniutntrng55886	0.0008960559048718508	34871	40
807	untuniutntrng55886	0.0008960559048716287	36036	40
808	untuniutntrng55886	0.0008960559048718508	35805	40
809	untuniutntrng55886	0.0008960559048718508	35608	40
810	untuniutntrng55886	0.0008960559048718508	34691	40
811	untuniutntrng55886	0.0008960559048718508	35187	40
812	untuniutntrng55886	0.0008960559048718508	35215	40
813	untuniutntrng55886	0.0008960559048720729	33935	40
814	untuniutntrng55886	0.0008960559048718508	35554	40
815	untuniutntrng55886	0.0008960559048720729	33828	40
816	untuniutntrng55886	0.0008960559048716287	36112	40
817	untuniutntrng55886	0.0008960559048718508	34748	40
818	untuniutntrng55886	0.0008960559048720729	34234	40
819	untuniutntrng55886	0.0008960559048718508	35252	40
820	untuniutntrng55886	0.0008960559048720729	33971	40
821	untuniutntrng55886	0.0008960559048718508	35110	40
822	untuniutntrng55886	0.0008960559048718508	35459	40
823	untuniutntrng55886	0.0008960559048720729	33891	40
824	untuniutntrng55886	0.0008960559048716287	36370	40
825	untuniutntrng55886	0.0008960559048718508	34820	40
826	untuniutntrng55886	0.0008960559048716287	36048	40
827	untuniutntrng55886	0.0008960559048718508	35292	40
828	untuniutntrng55886	0.0008960559048718508	35742	40
829	untuniutntrng55886	0.0008960559048718508	35193	40
830	untuniutntrng55886	0.0008960559048718508	35286	40
831	untuniutntrng55886	0.0008960559048716287	36217	40
832	untuniutntrng55886	0.0008960559048716287	36488	40
833	untuniutntrng55886	0.0008960559048716287	36297	40
834	untuniutntrng55886	0.0008960559048716287	35947	40
835	untuniutntrng55886	0.0008960559048716287	36333	40
836	untuniutntrng55886	0.0008960559048716287	35954	40
837	untuniutntrng55886	0.0008960559048718508	35605	40
838	untuniutntrng55886	0.0008960559048720729	34101	40
839	untuniutntrng55886	0.0008960559048720729	34145	40
840	untuniutntrng55886	0.0008960559048718508	35192	40
841	untuniutntrng55886	0.0008960559048720729	34281	40
842	untuniutntrng55886	0.0008960559048716287	36009	40
843	untuniutntrng55886	0.0008960559048718508	35558	40
844	untuniutntrng55886	0.0008960559048718508	34634	40
845	untuniutntrng55886	0.0008960559048716287	36316	40
846	untuniutntrng55886	0.0008960559048718508	34879	40
847	untuniutntrng55886	0.0008960559048720729	34150	40
848	untuniutntrng55886	0.0008960559048720729	34106	40
849	untuniutntrng55886	0.0008960559048718508	35548	40
850	untuniutntrng55886	0.0008960559048716287	35973	40
851	untuniutntrng55886	0.0008960559048718508	34800	40
852	untuniutntrng55886	0.0008960559048720729	33856	40
853	untuniutntrng55886	0.0008960559048718508	35457	40
854	untuniutntrng55886	0.0008960559048718508	34934	40
855	untuniutntrng55886	0.0008960559048718508	35336	40
856	untuniutntrng55886	0.0008960559048718508	35477	40
857	untuniutntrng55886	0.0008960559048718508	35411	40
858	untuniutntrng55886	0.0008960559048716287	36022	40
859	untuniutntrng55886	0.0008960559048718508	34944	40
860	untuniutntrng55886	0.0008960559048718508	35597	40
861	untuniutntrng55886	0.0008960559048718508	35517	40
862	untuniutntrng55886	0.0008960559048718508	34942	40
863	untuniutntrng55886	0.0008960559048718508	34744	40
864	untuniutntrng55886	0.0008960559048720729	32852	40
865	untuniutntrng55886	0.0008960559048716287	36451	40
866	untuniutntrng55886	0.0008960559048716287	36224	40
867	untuniutntrng55886	0.0008960559048716287	36270	40
868	untuniutntrng55886	0.0008960559048718508	35652	40
869	untuniutntrng55886	0.0008960559048718508	35416	40
870	untuniutntrng55886	0.0008960559048716287	36285	40
871	untuniutntrng55886	0.0008960559048718508	35181	40
872	untuniutntrng55886	0.0008960559048718508	34649	40
873	untuniutntrng55886	0.0008960559048718508	35241	40
874	untuniutntrng55886	0.0008960559048718508	35197	40
875	untuniutntrng55886	0.0008960559048720729	34146	40
876	untuniutntrng55886	0.0008960559048718508	35602	40
877	untuniutntrng55886	0.0008960559048720729	34274	40
878	untuniutntrng55886	0.0008960559048718508	35117	40
879	untuniutntrng55886	0.0008960559048718508	35349	40
880	untuniutntrng55886	0.0008960559048716287	36170	40
881	untuniutntrng55886	0.0008960559048720729	33686	40
882	untuniutntrng55886	0.0008960559048716287	36347	40
883	untuniutntrng55886	0.0008960559048718508	35391	40
884	untuniutntrng55886	0.0008960559048718508	35359	40
885	untuniutntrng55886	0.0008960559048720729	34202	40
886	untuniutntrng55886	0.0008960559048718508	34822	40
887	untuniutntrng55886	0.0008960559048716287	36280	40
888	untuniutntrng55886	0.0008960559048720729	33955	40
889	untuniutntrng55886	0.0008960559048720729	33907	40
890	untuniutntrng55886	0.0008960559048720729	33857	40
891	untuniutntrng55886	0.0008960559048720729	33678	40
892	untuniutntrng55886	0.0008960559048720729	34083	40
893	untuniutntrng55886	0.0008960559048718508	35130	40
894	untuniutntrng55886	0.0008960559048720729	33904	40
895	untuniutntrng55886	0.0008960559048716287	36258	40
896	untuniutntrng55886	0.0008960559048718508	35593	40
897	untuniutntrng55886	0.0008960559048718508	34691	40
898	untuniutntrng55886	0.0008960559048718508	35823	40
899	untuniutntrng55886	0.0008960559048718508	35613	40
900	untuniutntrng55886	0.0008960559048720729	33683	500
901	untuniutntrng55886	0.0008960559048718508	34729	500
902	untuniutntrng55886	0.0008960559048716287	35762	500
903	untuniutntrng55886	0.0008960559048716287	36179	500
904	untuniutntrng55886	0.0008960559048716287	36120	500
905	untuniutntrng55886	0.000896055904871962	34222	500
906	untuniutntrng55886	0.0008960559048720729	33809	500
907	untuniutntrng55886	0.0008960559048718508	35029	500
908	untuniutntrng55886	0.0008960559048718508	34721	500
909	untuniutntrng55886	0.000896055904871962	34001	500
910	untuniutntrng55886	0.0008960559048718508	34612	500
911	untuniutntrng55886	0.0008960559048716287	36023	500
912	untuniutntrng55886	0.0008960559048720729	33804	500
913	untuniutntrng55886	0.0008960559048718508	34913	500
914	untuniutntrng55886	0.0008960559048720729	33845	500
915	untuniutntrng55886	0.0008960559048720729	33852	500
916	untuniutntrng55886	0.000896055904871962	34263	500
917	untuniutntrng55886	0.000896055904871962	34533	500
918	untuniutntrng55886	0.000896055904871962	34319	500
919	untuniutntrng55886	0.0008960559048720729	33844	500
920	untuniutntrng55886	0.0008960559048718508	34946	500
921	untuniutntrng55886	0.0008960559048720729	33770	500
922	untuniutntrng55886	0.0008960559048720729	33907	500
923	untuniutntrng55886	0.0008960559048716287	35898	500
924	untuniutntrng55886	0.0008960559048720729	33923	500
925	untuniutntrng55886	0.0008960559048716287	36247	500
926	untuniutntrng55886	0.0008960559048720729	33741	500
927	untuniutntrng55886	0.0008960559048718508	34894	500
928	untuniutntrng55886	0.0008960559048716287	35916	500
929	untuniutntrng55886	0.000896055904871962	34050	500
930	untuniutntrng55886	0.0008960559048718508	34758	500
931	untuniutntrng55886	0.0008960559048716287	36124	500
932	untuniutntrng55886	0.0008960559048720729	34010	500
933	untuniutntrng55886	0.0008960559048718508	34758	500
934	untuniutntrng55886	0.000896055904871962	34319	500
935	untuniutntrng55886	0.0008960559048720729	33736	500
936	untuniutntrng55886	0.000896055904871962	34442	500
937	untuniutntrng55886	0.0008960559048718508	34712	500
938	untuniutntrng55886	0.0008960559048720729	33951	500
939	untuniutntrng55886	0.0008960559048716287	35883	500
940	untuniutntrng55886	0.0008960559048718508	35173	500
941	untuniutntrng55886	0.0008960559048720729	33925	500
942	untuniutntrng55886	0.0008960559048718508	34720	500
943	untuniutntrng55886	0.0008960559048718508	35065	500
944	untuniutntrng55886	0.0008960559048718508	34840	500
945	untuniutntrng55886	0.0008960559048720729	33840	500
946	untuniutntrng55886	0.0008960559048716287	35778	500
947	untuniutntrng55886	0.0008960559048716287	36406	500
948	untuniutntrng55886	0.0008960559048718508	34656	500
949	untuniutntrng55886	0.000896055904871962	34362	500
950	untuniutntrng55886	0.000896055904871962	34273	500
951	untuniutntrng55886	0.0008960559048720729	33844	500
952	untuniutntrng55886	0.0008960559048718508	34717	500
953	untuniutntrng55886	0.000896055904871962	34226	500
954	untuniutntrng55886	0.0008960559048716287	36030	500
955	untuniutntrng55886	0.000896055904871962	34555	500
956	untuniutntrng55886	0.0008960559048716287	36222	500
957	untuniutntrng55886	0.000896055904871962	34465	500
958	untuniutntrng55886	0.000896055904871962	33892	500
959	untuniutntrng55886	0.000896055904871962	34262	500
960	untuniutntrng55886	0.0008960559048716287	36140	500
961	untuniutntrng55886	0.0008960559048718508	34804	500
962	untuniutntrng55886	0.0008960559048718508	34760	500
963	untuniutntrng55886	0.0008960559048716287	36111	500
964	untuniutntrng55886	0.0008960559048716287	36049	500
965	untuniutntrng55886	0.000896055904871962	34262	500
966	untuniutntrng55886	0.0008960559048716287	36324	500
967	untuniutntrng55886	0.0008960559048720729	33778	500
968	untuniutntrng55886	0.0008960559048716287	36169	500
969	untuniutntrng55886	0.0008960559048718508	34685	500
970	untuniutntrng55886	0.0008960559048718508	34798	500
971	untuniutntrng55886	0.0008960559048716287	35926	500
972	untuniutntrng55886	0.0008960559048720729	33917	500
973	untuniutntrng55886	0.0008960559048718508	34679	500
974	untuniutntrng55886	0.0008960559048718508	34638	500
975	untuniutntrng55886	0.0008960559048718508	34536	500
976	untuniutntrng55886	0.000896055904871962	34311	500
977	untuniutntrng55886	0.0008960559048720729	33856	500
978	untuniutntrng55886	0.0008960559048718508	34822	500
979	untuniutntrng55886	0.0008960559048720729	33812	500
980	untuniutntrng55886	0.0008960559048716287	36195	500
981	untuniutntrng55886	0.000896055904871962	34532	500
982	untuniutntrng55886	0.000896055904871962	34193	500
983	untuniutntrng55886	0.0008960559048718508	34576	500
984	untuniutntrng55886	0.0008960559048716287	36073	500
985	untuniutntrng55886	0.0008960559048720729	33944	500
986	untuniutntrng55886	0.0008960559048718508	34581	500
987	untuniutntrng55886	0.0008960559048718508	34621	500
988	untuniutntrng55886	0.0008960559048718508	34741	500
989	untuniutntrng55886	0.0008960559048718508	35037	500
990	untuniutntrng55886	0.0008960559048716287	36162	500
991	untuniutntrng55886	0.0008960559048720729	33782	500
992	untuniutntrng55886	0.0008960559048716287	36058	500
993	untuniutntrng55886	0.0008960559048720729	33916	500
994	untuniutntrng55886	0.0008960559048720729	33947	500
995	untuniutntrng55886	0.0008960559048718508	35151	500
996	untuniutntrng55886	0.0008960559048720729	33586	500
997	untuniutntrng55886	0.000896055904871962	34120	500
998	untuniutntrng55886	0.0008960559048720729	33760	500
999	untuniutntrng55886	0.0008960559048720729	33811	500
1000	untuniutntrng55886	0.0008960559048720729	34285	50
1001	untuniutntrng55886	0.0008960559048720729	33856	50
1002	untuniutntrng55886	0.0008960559048718508	35367	50
1003	untuniutntrng55886	0.0008960559048720729	34084	50
1004	untuniutntrng55886	0.0008960559048718508	35198	50
1005	untuniutntrng55886	0.0008960559048716287	36286	50
1006	untuniutntrng55886	0.0008960559048720729	34061	50
1007	untuniutntrng55886	0.0008960559048720729	33955	50
1008	untuniutntrng55886	0.0008960559048718508	34731	50
1009	untuniutntrng55886	0.0008960559048718508	35830	50
1010	untuniutntrng55886	0.0008960559048716287	36086	50
1011	untuniutntrng55886	0.0008960559048716287	36070	50
1012	untuniutntrng55886	0.0008960559048718508	35448	50
1013	untuniutntrng55886	0.0008960559048718508	35692	50
1014	untuniutntrng55886	0.0008960559048718508	35298	50
1015	untuniutntrng55886	0.0008960559048718508	34671	50
1016	untuniutntrng55886	0.0008960559048720729	34287	50
1017	untuniutntrng55886	0.0008960559048720729	34216	50
1018	untuniutntrng55886	0.0008960559048718508	34866	50
1019	untuniutntrng55886	0.0008960559048718508	35159	50
1020	untuniutntrng55886	0.0008960559048720729	34144	50
1021	untuniutntrng55886	0.0008960559048718508	35243	50
1022	untuniutntrng55886	0.0008960559048718508	34984	50
1023	untuniutntrng55886	0.0008960559048718508	35744	50
1024	untuniutntrng55886	0.0008960559048718508	35352	50
1025	untuniutntrng55886	0.0008960559048718508	35514	50
1026	untuniutntrng55886	0.0008960559048718508	35374	50
1027	untuniutntrng55886	0.0008960559048718508	35067	50
1028	untuniutntrng55886	0.0008960559048718508	35659	50
1029	untuniutntrng55886	0.0008960559048718508	35311	50
1030	untuniutntrng55886	0.0008960559048720729	34130	50
1031	untuniutntrng55886	0.0008960559048718508	34730	50
1032	untuniutntrng55886	0.0008960559048718508	35295	50
1033	untuniutntrng55886	0.0008960559048718508	35352	50
1034	untuniutntrng55886	0.0008960559048716287	36254	50
1035	untuniutntrng55886	0.0008960559048718508	35224	50
1036	untuniutntrng55886	0.0008960559048716287	36357	50
1037	untuniutntrng55886	0.0008960559048720729	34134	50
1038	untuniutntrng55886	0.0008960559048716287	36464	50
1039	untuniutntrng55886	0.0008960559048718508	35210	50
1040	untuniutntrng55886	0.0008960559048716287	36401	50
1041	untuniutntrng55886	0.0008960559048720729	34010	50
1042	untuniutntrng55886	0.0008960559048716287	36193	50
1043	untuniutntrng55886	0.0008960559048718508	35026	50
1044	untuniutntrng55886	0.0008960559048716287	36143	50
1045	untuniutntrng55886	0.0008960559048716287	35861	50
1046	untuniutntrng55886	0.0008960559048720729	34055	50
1047	untuniutntrng55886	0.0008960559048718508	35598	50
1048	untuniutntrng55886	0.0008960559048720729	34069	50
1049	untuniutntrng55886	0.0008960559048720729	33823	50
1050	untuniutntrng55886	0.0008960559048720729	33712	50
1051	untuniutntrng55886	0.0008960559048718508	34817	50
1052	untuniutntrng55886	0.0008960559048718508	35427	50
1053	untuniutntrng55886	0.0008960559048718508	34896	50
1054	untuniutntrng55886	0.0008960559048718508	35071	50
1055	untuniutntrng55886	0.0008960559048718508	35270	50
1056	untuniutntrng55886	0.0008960559048716287	36364	50
1057	untuniutntrng55886	0.0008960559048718508	35125	50
1058	untuniutntrng55886	0.0008960559048716287	36440	50
1059	untuniutntrng55886	0.0008960559048718508	34692	50
1060	untuniutntrng55886	0.0008960559048716287	36158	50
1061	untuniutntrng55886	0.0008960559048716287	36126	50
1062	untuniutntrng55886	0.0008960559048718508	34775	50
1063	untuniutntrng55886	0.0008960559048718508	35385	50
1064	untuniutntrng55886	0.0008960559048718508	35070	50
1065	untuniutntrng55886	0.0008960559048718508	34675	50
1066	untuniutntrng55886	0.0008960559048718508	35126	50
1067	untuniutntrng55886	0.0008960559048720729	34076	50
1068	untuniutntrng55886	0.0008960559048718508	35800	50
1069	untuniutntrng55886	0.0008960559048718508	35258	50
1070	untuniutntrng55886	0.0008960559048720729	33837	50
1071	untuniutntrng55886	0.0008960559048718508	35811	50
1072	untuniutntrng55886	0.0008960559048716287	36328	50
1073	untuniutntrng55886	0.0008960559048716287	36324	50
1074	untuniutntrng55886	0.0008960559048718508	35249	50
1075	untuniutntrng55886	0.0008960559048720729	33983	50
1076	untuniutntrng55886	0.0008960559048718508	34928	50
1077	untuniutntrng55886	0.0008960559048716287	36348	50
1078	untuniutntrng55886	0.0008960559048716287	36377	50
1079	untuniutntrng55886	0.0008960559048720729	34243	50
1080	untuniutntrng55886	0.0008960559048718508	35205	50
1081	untuniutntrng55886	0.0008960559048716287	36025	50
1082	untuniutntrng55886	0.0008960559048718508	35495	50
1083	untuniutntrng55886	0.0008960559048718508	35231	50
1084	untuniutntrng55886	0.0008960559048718508	35436	50
1085	untuniutntrng55886	0.0008960559048716287	36106	50
1086	untuniutntrng55886	0.0008960559048716287	35961	50
1087	untuniutntrng55886	0.0008960559048718508	35350	50
1088	untuniutntrng55886	0.0008960559048718508	35358	50
1089	untuniutntrng55886	0.0008960559048718508	34878	50
1090	untuniutntrng55886	0.0008960559048716287	36239	50
1091	untuniutntrng55886	0.0008960559048718508	34755	50
1092	untuniutntrng55886	0.0008960559048718508	35225	50
1093	untuniutntrng55886	0.0008960559048716287	36144	50
1094	untuniutntrng55886	0.0008960559048718508	35300	50
1095	untuniutntrng55886	0.0008960559048718508	35037	50
1096	untuniutntrng55886	0.0008960559048718508	35248	50
1097	untuniutntrng55886	0.0008960559048718508	35710	50
1098	untuniutntrng55886	0.0008960559048716287	36335	50
1099	untuniutntrng55886	0.0008960559048720729	34048	50
