	ranksum_words	ranksum	ranksum_rang	frequency
0	untuniutntrng55886	0.036661764010707976	22097	1000
1	untuniutntrng55886	0.036661764010707976	22013	1000
2	untuniutntrng55886	0.036661764010707976	22135	1000
3	untuniutntrng55886	0.036661764010707976	22204	1000
4	untuniutntrng55886	0.036661764010707976	22192	1000
5	untuniutntrng55886	0.036661764010707976	22054	1000
6	untuniutntrng55886	0.036661764010707976	21935	1000
7	untuniutntrng55886	0.036661764010707976	22131	1000
8	untuniutntrng55886	0.036661764010707976	21911	1000
9	untuniutntrng55886	0.036661764010707976	22112	1000
10	untuniutntrng55886	0.036661764010707976	21997	1000
11	untuniutntrng55886	0.036661764010707976	22006	1000
12	untuniutntrng55886	0.036661764010707976	22133	1000
13	untuniutntrng55886	0.036661764010707976	22246	1000
14	untuniutntrng55886	0.036661764010707976	22175	1000
15	untuniutntrng55886	0.036661764010707976	22127	1000
16	untuniutntrng55886	0.036661764010707976	22172	1000
17	untuniutntrng55886	0.036661764010707976	22062	1000
18	untuniutntrng55886	0.036661764010707976	22121	1000
19	untuniutntrng55886	0.036661764010707976	21980	1000
20	untuniutntrng55886	0.036661764010707976	22121	1000
21	untuniutntrng55886	0.036661764010707976	22028	1000
22	untuniutntrng55886	0.036661764010707976	22129	1000
23	untuniutntrng55886	0.036661764010707976	22120	1000
24	untuniutntrng55886	0.036661764010707976	22168	1000
25	untuniutntrng55886	0.036661764010707976	22090	1000
26	untuniutntrng55886	0.036661764010707976	22181	1000
27	untuniutntrng55886	0.036661764010707976	22204	1000
28	untuniutntrng55886	0.036661764010707976	22198	1000
29	untuniutntrng55886	0.036661764010707976	22140	1000
30	untuniutntrng55886	0.036661764010707976	22120	1000
31	untuniutntrng55886	0.036661764010707976	22127	1000
32	untuniutntrng55886	0.036661764010707976	21986	1000
33	untuniutntrng55886	0.036661764010707976	22020	1000
34	untuniutntrng55886	0.036661764010707976	22149	1000
35	untuniutntrng55886	0.036661764010707976	22168	1000
36	untuniutntrng55886	0.036661764010707976	22107	1000
37	untuniutntrng55886	0.036661764010707976	22058	1000
38	untuniutntrng55886	0.036661764010707976	22006	1000
39	untuniutntrng55886	0.036661764010707976	22056	1000
40	untuniutntrng55886	0.036661764010707976	22088	1000
41	untuniutntrng55886	0.036661764010707976	22221	1000
42	untuniutntrng55886	0.036661764010707976	22153	1000
43	untuniutntrng55886	0.036661764010707976	22240	1000
44	untuniutntrng55886	0.036661764010707976	22036	1000
45	untuniutntrng55886	0.036661764010707976	22016	1000
46	untuniutntrng55886	0.036661764010707976	22129	1000
47	untuniutntrng55886	0.036661764010707976	22041	1000
48	untuniutntrng55886	0.036661764010707976	22084	1000
49	untuniutntrng55886	0.036661764010707976	22004	1000
50	untuniutntrng55886	0.036661764010707976	22258	1000
51	untuniutntrng55886	0.036661764010707976	22237	1000
52	untuniutntrng55886	0.036661764010707976	22129	1000
53	untuniutntrng55886	0.036661764010707976	21994	1000
54	untuniutntrng55886	0.036661764010707976	22046	1000
55	untuniutntrng55886	0.036661764010707976	22255	1000
56	untuniutntrng55886	0.036661764010707976	21971	1000
57	untuniutntrng55886	0.036661764010707976	22259	1000
58	untuniutntrng55886	0.036661764010707976	22092	1000
59	untuniutntrng55886	0.036661764010707976	22121	1000
60	untuniutntrng55886	0.036661764010707976	22271	1000
61	untuniutntrng55886	0.036661764010707976	22147	1000
62	untuniutntrng55886	0.036661764010707976	22136	1000
63	untuniutntrng55886	0.036661764010707976	22142	1000
64	untuniutntrng55886	0.036661764010707976	22229	1000
65	untuniutntrng55886	0.036661764010707976	22058	1000
66	untuniutntrng55886	0.036661764010707976	22114	1000
67	untuniutntrng55886	0.036661764010707976	22142	1000
68	untuniutntrng55886	0.036661764010707976	22063	1000
69	untuniutntrng55886	0.036661764010707976	22108	1000
70	untuniutntrng55886	0.036661764010707976	22101	1000
71	untuniutntrng55886	0.036661764010707976	22283	1000
72	untuniutntrng55886	0.036661764010707976	21978	1000
73	untuniutntrng55886	0.036661764010707976	22131	1000
74	untuniutntrng55886	0.036661764010707976	22081	1000
75	untuniutntrng55886	0.036661764010707976	22128	1000
76	untuniutntrng55886	0.036661764010707976	22230	1000
77	untuniutntrng55886	0.036661764010707976	22224	1000
78	untuniutntrng55886	0.036661764010707976	22232	1000
79	untuniutntrng55886	0.036661764010707976	22291	1000
80	untuniutntrng55886	0.036661764010707976	22123	1000
81	untuniutntrng55886	0.036661764010707976	21994	1000
82	untuniutntrng55886	0.036661764010707976	22205	1000
83	untuniutntrng55886	0.036661764010707976	22073	1000
84	untuniutntrng55886	0.036661764010707976	22152	1000
85	untuniutntrng55886	0.036661764010707976	22027	1000
86	untuniutntrng55886	0.036661764010707976	22200	1000
87	untuniutntrng55886	0.036661764010707976	22260	1000
88	untuniutntrng55886	0.036661764010707976	22095	1000
89	untuniutntrng55886	0.036661764010707976	22251	1000
90	untuniutntrng55886	0.036661764010707976	21919	1000
91	untuniutntrng55886	0.036661764010707976	22012	1000
92	untuniutntrng55886	0.036661764010707976	22113	1000
93	untuniutntrng55886	0.036661764010707976	22077	1000
94	untuniutntrng55886	0.036661764010707976	22176	1000
95	untuniutntrng55886	0.036661764010707976	22255	1000
96	untuniutntrng55886	0.036661764010707976	22221	1000
97	untuniutntrng55886	0.036661764010707976	22238	1000
98	untuniutntrng55886	0.036661764010707976	22106	1000
99	untuniutntrng55886	0.036661764010707976	22185	1000
100	untuniutntrng55886	0.036661764010707976	22015	100
101	untuniutntrng55886	0.036661764010707976	22289	100
102	untuniutntrng55886	0.036661764010707976	22166	100
103	untuniutntrng55886	0.036661764010707976	22238	100
104	untuniutntrng55886	0.036661764010707976	22175	100
105	untuniutntrng55886	0.036661764010707976	22081	100
106	untuniutntrng55886	0.036661764010707976	22201	100
107	untuniutntrng55886	0.036661764010707976	22225	100
108	untuniutntrng55886	0.036661764010707976	22062	100
109	untuniutntrng55886	0.036661764010707976	22259	100
110	untuniutntrng55886	0.036661764010707976	22085	100
111	untuniutntrng55886	0.036661764010707976	22347	100
112	untuniutntrng55886	0.036661764010707976	22030	100
113	untuniutntrng55886	0.036661764010707976	22065	100
114	untuniutntrng55886	0.036661764010707976	22148	100
115	untuniutntrng55886	0.036661764010707976	22200	100
116	untuniutntrng55886	0.036661764010707976	22170	100
117	untuniutntrng55886	0.036661764010707976	22298	100
118	untuniutntrng55886	0.036661764010707976	22273	100
119	untuniutntrng55886	0.036661764010707976	22249	100
120	untuniutntrng55886	0.036661764010707976	22256	100
121	untuniutntrng55886	0.036661764010707976	22226	100
122	untuniutntrng55886	0.036661764010707976	22014	100
123	untuniutntrng55886	0.036661764010707976	22176	100
124	untuniutntrng55886	0.036661764010707976	22122	100
125	untuniutntrng55886	0.036661764010707976	22032	100
126	untuniutntrng55886	0.036661764010707976	22071	100
127	untuniutntrng55886	0.036661764010707976	22151	100
128	untuniutntrng55886	0.036661764010707976	22003	100
129	untuniutntrng55886	0.036661764010707976	22068	100
130	untuniutntrng55886	0.036661764010707976	22180	100
131	untuniutntrng55886	0.036661764010707976	22165	100
132	untuniutntrng55886	0.036661764010707976	22104	100
133	untuniutntrng55886	0.036661764010707976	22163	100
134	untuniutntrng55886	0.036661764010707976	22138	100
135	untuniutntrng55886	0.036661764010707976	21980	100
136	untuniutntrng55886	0.036661764010707976	22079	100
137	untuniutntrng55886	0.036661764010707976	22090	100
138	untuniutntrng55886	0.036661764010707976	22386	100
139	untuniutntrng55886	0.036661764010707976	22318	100
140	untuniutntrng55886	0.036661764010707976	22119	100
141	untuniutntrng55886	0.036661764010707976	22303	100
142	untuniutntrng55886	0.036661764010707976	22081	100
143	untuniutntrng55886	0.036661764010707976	22132	100
144	untuniutntrng55886	0.036661764010707976	22178	100
145	untuniutntrng55886	0.036661764010707976	22293	100
146	untuniutntrng55886	0.036661764010707976	22087	100
147	untuniutntrng55886	0.036661764010707976	22103	100
148	untuniutntrng55886	0.036661764010707976	22189	100
149	untuniutntrng55886	0.036661764010707976	22062	100
150	untuniutntrng55886	0.036661764010707976	22101	100
151	untuniutntrng55886	0.036661764010707976	22180	100
152	untuniutntrng55886	0.036661764010707976	22169	100
153	untuniutntrng55886	0.036661764010707976	22315	100
154	untuniutntrng55886	0.036661764010707976	21969	100
155	untuniutntrng55886	0.036661764010707976	22126	100
156	untuniutntrng55886	0.036661764010707976	22044	100
157	untuniutntrng55886	0.036661764010707976	22233	100
158	untuniutntrng55886	0.036661764010707976	21966	100
159	untuniutntrng55886	0.036661764010707976	22006	100
160	untuniutntrng55886	0.036661764010707976	22160	100
161	untuniutntrng55886	0.036661764010707976	22179	100
162	untuniutntrng55886	0.036661764010707976	22254	100
163	untuniutntrng55886	0.036661764010707976	22280	100
164	untuniutntrng55886	0.036661764010707976	22134	100
165	untuniutntrng55886	0.036661764010707976	22517	100
166	untuniutntrng55886	0.036661764010707976	22243	100
167	untuniutntrng55886	0.036661764010707976	22074	100
168	untuniutntrng55886	0.036661764010707976	22098	100
169	untuniutntrng55886	0.036661764010707976	22341	100
170	untuniutntrng55886	0.036661764010707976	22232	100
171	untuniutntrng55886	0.036661764010707976	22196	100
172	untuniutntrng55886	0.036661764010707976	22002	100
173	untuniutntrng55886	0.036661764010707976	22119	100
174	untuniutntrng55886	0.036661764010707976	22042	100
175	untuniutntrng55886	0.036661764010707976	22017	100
176	untuniutntrng55886	0.036661764010707976	22169	100
177	untuniutntrng55886	0.036661764010707976	22143	100
178	untuniutntrng55886	0.036661764010707976	22021	100
179	untuniutntrng55886	0.036661764010707976	22033	100
180	untuniutntrng55886	0.036661764010707976	22097	100
181	untuniutntrng55886	0.036661764010707976	22322	100
182	untuniutntrng55886	0.036661764010707976	22249	100
183	untuniutntrng55886	0.036661764010707976	21915	100
184	untuniutntrng55886	0.036661764010707976	22068	100
185	untuniutntrng55886	0.036661764010707976	22169	100
186	untuniutntrng55886	0.036661764010707976	22258	100
187	untuniutntrng55886	0.036661764010707976	22128	100
188	untuniutntrng55886	0.036661764010707976	22265	100
189	untuniutntrng55886	0.036661764010707976	22062	100
190	untuniutntrng55886	0.036661764010707976	22253	100
191	untuniutntrng55886	0.036661764010707976	22221	100
192	untuniutntrng55886	0.036661764010707976	22192	100
193	untuniutntrng55886	0.036661764010707976	22107	100
194	untuniutntrng55886	0.036661764010707976	22000	100
195	untuniutntrng55886	0.036661764010707976	22198	100
196	untuniutntrng55886	0.036661764010707976	22175	100
197	untuniutntrng55886	0.036661764010707976	22172	100
198	untuniutntrng55886	0.036661764010707976	22465	100
199	untuniutntrng55886	0.036661764010707976	22132	100
200	untuniutntrng55886	0.036661764010707976	21989	2000
201	untuniutntrng55886	0.036661764010707976	22147	2000
202	untuniutntrng55886	0.036661764010707976	22005	2000
203	untuniutntrng55886	0.036661764010707976	22276	2000
204	untuniutntrng55886	0.036661764010707976	22235	2000
205	untuniutntrng55886	0.036661764010707976	22263	2000
206	untuniutntrng55886	0.036661764010707976	22004	2000
207	untuniutntrng55886	0.036661764010707976	22182	2000
208	untuniutntrng55886	0.036661764010707976	22104	2000
209	untuniutntrng55886	0.036661764010707976	22236	2000
210	untuniutntrng55886	0.036661764010707976	22099	2000
211	untuniutntrng55886	0.036661764010707976	22002	2000
212	untuniutntrng55886	0.036661764010707976	22186	2000
213	untuniutntrng55886	0.036661764010707976	22026	2000
214	untuniutntrng55886	0.036661764010707976	22176	2000
215	untuniutntrng55886	0.036661764010707976	22092	2000
216	untuniutntrng55886	0.036661764010707976	22062	2000
217	untuniutntrng55886	0.036661764010707976	22265	2000
218	untuniutntrng55886	0.036661764010707976	22193	2000
219	untuniutntrng55886	0.036661764010707976	22162	2000
220	untuniutntrng55886	0.036661764010707976	22197	2000
221	untuniutntrng55886	0.036661764010707976	22181	2000
222	untuniutntrng55886	0.036661764010707976	21985	2000
223	untuniutntrng55886	0.036661764010707976	22221	2000
224	untuniutntrng55886	0.036661764010707976	22032	2000
225	untuniutntrng55886	0.036661764010707976	22172	2000
226	untuniutntrng55886	0.036661764010707976	22199	2000
227	untuniutntrng55886	0.036661764010707976	22141	2000
228	untuniutntrng55886	0.036661764010707976	22080	2000
229	untuniutntrng55886	0.036661764010707976	22161	2000
230	untuniutntrng55886	0.036661764010707976	22129	2000
231	untuniutntrng55886	0.036661764010707976	22216	2000
232	untuniutntrng55886	0.036661764010707976	22184	2000
233	untuniutntrng55886	0.036661764010707976	22090	2000
234	untuniutntrng55886	0.036661764010707976	21901	2000
235	untuniutntrng55886	0.036661764010707976	22079	2000
236	untuniutntrng55886	0.036661764010707976	22044	2000
237	untuniutntrng55886	0.036661764010707976	22164	2000
238	untuniutntrng55886	0.036661764010707976	22029	2000
239	untuniutntrng55886	0.036661764010707976	22097	2000
240	untuniutntrng55886	0.036661764010707976	22039	2000
241	untuniutntrng55886	0.036661764010707976	22144	2000
242	untuniutntrng55886	0.036661764010707976	22044	2000
243	untuniutntrng55886	0.036661764010707976	22007	2000
244	untuniutntrng55886	0.036661764010707976	22003	2000
245	untuniutntrng55886	0.036661764010707976	22099	2000
246	untuniutntrng55886	0.036661764010707976	22041	2000
247	untuniutntrng55886	0.036661764010707976	22093	2000
248	untuniutntrng55886	0.036661764010707976	22225	2000
249	untuniutntrng55886	0.036661764010707976	22199	2000
250	untuniutntrng55886	0.036661764010707976	21987	2000
251	untuniutntrng55886	0.036661764010707976	22260	2000
252	untuniutntrng55886	0.036661764010707976	22159	2000
253	untuniutntrng55886	0.036661764010707976	22270	2000
254	untuniutntrng55886	0.036661764010707976	22093	2000
255	untuniutntrng55886	0.036661764010707976	22215	2000
256	untuniutntrng55886	0.036661764010707976	22097	2000
257	untuniutntrng55886	0.036661764010707976	22268	2000
258	untuniutntrng55886	0.036661764010707976	22039	2000
259	untuniutntrng55886	0.036661764010707976	22088	2000
260	untuniutntrng55886	0.036661764010707976	22062	2000
261	untuniutntrng55886	0.036661764010707976	22027	2000
262	untuniutntrng55886	0.036661764010707976	22055	2000
263	untuniutntrng55886	0.036661764010707976	22055	2000
264	untuniutntrng55886	0.036661764010707976	22196	2000
265	untuniutntrng55886	0.036661764010707976	22057	2000
266	untuniutntrng55886	0.036661764010707976	22140	2000
267	untuniutntrng55886	0.036661764010707976	22200	2000
268	untuniutntrng55886	0.036661764010707976	22120	2000
269	untuniutntrng55886	0.036661764010707976	22030	2000
270	untuniutntrng55886	0.036661764010707976	22100	2000
271	untuniutntrng55886	0.036661764010707976	22035	2000
272	untuniutntrng55886	0.036661764010707976	21824	2000
273	untuniutntrng55886	0.036661764010707976	22135	2000
274	untuniutntrng55886	0.036661764010707976	22258	2000
275	untuniutntrng55886	0.036661764010707976	21995	2000
276	untuniutntrng55886	0.036661764010707976	22120	2000
277	untuniutntrng55886	0.036661764010707976	22004	2000
278	untuniutntrng55886	0.036661764010707976	22124	2000
279	untuniutntrng55886	0.036661764010707976	22121	2000
280	untuniutntrng55886	0.036661764010707976	22286	2000
281	untuniutntrng55886	0.036661764010707976	22047	2000
282	untuniutntrng55886	0.036661764010707976	22120	2000
283	untuniutntrng55886	0.036661764010707976	22264	2000
284	untuniutntrng55886	0.036661764010707976	21960	2000
285	untuniutntrng55886	0.036661764010707976	21769	2000
286	untuniutntrng55886	0.036661764010707976	22140	2000
287	untuniutntrng55886	0.036661764010707976	22003	2000
288	untuniutntrng55886	0.036661764010707976	21983	2000
289	untuniutntrng55886	0.036661764010707976	22237	2000
290	untuniutntrng55886	0.036661764010707976	22063	2000
291	untuniutntrng55886	0.036661764010707976	21997	2000
292	untuniutntrng55886	0.036661764010707976	22064	2000
293	untuniutntrng55886	0.036661764010707976	22101	2000
294	untuniutntrng55886	0.036661764010707976	22081	2000
295	untuniutntrng55886	0.036661764010707976	22023	2000
296	untuniutntrng55886	0.036661764010707976	22073	2000
297	untuniutntrng55886	0.036661764010707976	22016	2000
298	untuniutntrng55886	0.036661764010707976	22144	2000
299	untuniutntrng55886	0.036661764010707976	22179	2000
300	untuniutntrng55886	0.036661764010707976	21982	200
301	untuniutntrng55886	0.036661764010707976	21943	200
302	untuniutntrng55886	0.036661764010707976	22103	200
303	untuniutntrng55886	0.036661764010707976	22168	200
304	untuniutntrng55886	0.036661764010707976	22070	200
305	untuniutntrng55886	0.036661764010707976	22228	200
306	untuniutntrng55886	0.036661764010707976	22299	200
307	untuniutntrng55886	0.036661764010707976	22145	200
308	untuniutntrng55886	0.036661764010707976	22120	200
309	untuniutntrng55886	0.036661764010707976	22186	200
310	untuniutntrng55886	0.036661764010707976	22142	200
311	untuniutntrng55886	0.036661764010707976	22020	200
312	untuniutntrng55886	0.036661764010707976	22179	200
313	untuniutntrng55886	0.036661764010707976	22111	200
314	untuniutntrng55886	0.036661764010707976	22030	200
315	untuniutntrng55886	0.036661764010707976	22021	200
316	untuniutntrng55886	0.036661764010707976	22127	200
317	untuniutntrng55886	0.036661764010707976	22019	200
318	untuniutntrng55886	0.036661764010707976	22044	200
319	untuniutntrng55886	0.036661764010707976	22108	200
320	untuniutntrng55886	0.036661764010707976	21997	200
321	untuniutntrng55886	0.036661764010707976	22010	200
322	untuniutntrng55886	0.036661764010707976	22017	200
323	untuniutntrng55886	0.036661764010707976	22147	200
324	untuniutntrng55886	0.036661764010707976	22060	200
325	untuniutntrng55886	0.036661764010707976	22181	200
326	untuniutntrng55886	0.036661764010707976	22210	200
327	untuniutntrng55886	0.036661764010707976	22129	200
328	untuniutntrng55886	0.036661764010707976	22038	200
329	untuniutntrng55886	0.036661764010707976	22118	200
330	untuniutntrng55886	0.036661764010707976	22186	200
331	untuniutntrng55886	0.036661764010707976	22237	200
332	untuniutntrng55886	0.036661764010707976	22171	200
333	untuniutntrng55886	0.036661764010707976	22097	200
334	untuniutntrng55886	0.036661764010707976	22092	200
335	untuniutntrng55886	0.036661764010707976	22026	200
336	untuniutntrng55886	0.036661764010707976	22252	200
337	untuniutntrng55886	0.036661764010707976	22097	200
338	untuniutntrng55886	0.036661764010707976	22166	200
339	untuniutntrng55886	0.036661764010707976	22177	200
340	untuniutntrng55886	0.036661764010707976	22184	200
341	untuniutntrng55886	0.036661764010707976	22038	200
342	untuniutntrng55886	0.036661764010707976	21990	200
343	untuniutntrng55886	0.036661764010707976	22047	200
344	untuniutntrng55886	0.036661764010707976	21829	200
345	untuniutntrng55886	0.036661764010707976	22135	200
346	untuniutntrng55886	0.036661764010707976	22108	200
347	untuniutntrng55886	0.036661764010707976	22070	200
348	untuniutntrng55886	0.036661764010707976	22184	200
349	untuniutntrng55886	0.036661764010707976	22302	200
350	untuniutntrng55886	0.036661764010707976	22130	200
351	untuniutntrng55886	0.036661764010707976	22078	200
352	untuniutntrng55886	0.036661764010707976	22165	200
353	untuniutntrng55886	0.036661764010707976	22003	200
354	untuniutntrng55886	0.036661764010707976	22006	200
355	untuniutntrng55886	0.036661764010707976	22080	200
356	untuniutntrng55886	0.036661764010707976	22226	200
357	untuniutntrng55886	0.036661764010707976	22161	200
358	untuniutntrng55886	0.036661764010707976	22217	200
359	untuniutntrng55886	0.036661764010707976	22431	200
360	untuniutntrng55886	0.036661764010707976	22107	200
361	untuniutntrng55886	0.036661764010707976	22151	200
362	untuniutntrng55886	0.036661764010707976	21984	200
363	untuniutntrng55886	0.036661764010707976	22055	200
364	untuniutntrng55886	0.036661764010707976	22133	200
365	untuniutntrng55886	0.036661764010707976	22204	200
366	untuniutntrng55886	0.036661764010707976	22075	200
367	untuniutntrng55886	0.036661764010707976	21982	200
368	untuniutntrng55886	0.036661764010707976	22101	200
369	untuniutntrng55886	0.036661764010707976	22019	200
370	untuniutntrng55886	0.036661764010707976	22112	200
371	untuniutntrng55886	0.036661764010707976	22163	200
372	untuniutntrng55886	0.036661764010707976	22089	200
373	untuniutntrng55886	0.036661764010707976	22129	200
374	untuniutntrng55886	0.036661764010707976	22272	200
375	untuniutntrng55886	0.036661764010707976	21937	200
376	untuniutntrng55886	0.036661764010707976	22245	200
377	untuniutntrng55886	0.036661764010707976	22090	200
378	untuniutntrng55886	0.036661764010707976	22017	200
379	untuniutntrng55886	0.036661764010707976	22044	200
380	untuniutntrng55886	0.036661764010707976	22120	200
381	untuniutntrng55886	0.036661764010707976	22027	200
382	untuniutntrng55886	0.036661764010707976	22117	200
383	untuniutntrng55886	0.036661764010707976	22055	200
384	untuniutntrng55886	0.036661764010707976	21949	200
385	untuniutntrng55886	0.036661764010707976	22065	200
386	untuniutntrng55886	0.036661764010707976	22019	200
387	untuniutntrng55886	0.036661764010707976	22159	200
388	untuniutntrng55886	0.036661764010707976	22018	200
389	untuniutntrng55886	0.036661764010707976	22096	200
390	untuniutntrng55886	0.036661764010707976	22028	200
391	untuniutntrng55886	0.036661764010707976	22184	200
392	untuniutntrng55886	0.036661764010707976	22375	200
393	untuniutntrng55886	0.036661764010707976	22263	200
394	untuniutntrng55886	0.036661764010707976	22101	200
395	untuniutntrng55886	0.036661764010707976	22061	200
396	untuniutntrng55886	0.036661764010707976	22175	200
397	untuniutntrng55886	0.036661764010707976	22146	200
398	untuniutntrng55886	0.036661764010707976	22039	200
399	untuniutntrng55886	0.036661764010707976	22102	200
400	untuniutntrng55886	0.036661764010707976	22145	20
401	untuniutntrng55886	0.036661764010707976	22354	20
402	untuniutntrng55886	0.036661764010707976	22329	20
403	untuniutntrng55886	0.036661764010707976	22184	20
404	untuniutntrng55886	0.036661764010707976	22162	20
405	untuniutntrng55886	0.036661764010707976	22156	20
406	untuniutntrng55886	0.036661764010707976	22310	20
407	untuniutntrng55886	0.036661764010707976	22224	20
408	untuniutntrng55886	0.036661764010707976	22158	20
409	untuniutntrng55886	0.036661764010707976	22318	20
410	untuniutntrng55886	0.036661764010707976	22293	20
411	untuniutntrng55886	0.036661764010707976	22105	20
412	untuniutntrng55886	0.036661764010707976	22180	20
413	untuniutntrng55886	0.036661764010707976	21987	20
414	untuniutntrng55886	0.036661764010707976	22009	20
415	untuniutntrng55886	0.036661764010707976	22139	20
416	untuniutntrng55886	0.036661764010707976	22190	20
417	untuniutntrng55886	0.036661764010707976	22263	20
418	untuniutntrng55886	0.036661764010707976	22381	20
419	untuniutntrng55886	0.036661764010707976	22044	20
420	untuniutntrng55886	0.036661764010707976	22140	20
421	untuniutntrng55886	0.036661764010707976	22241	20
422	untuniutntrng55886	0.036661764010707976	22287	20
423	untuniutntrng55886	0.036661764010707976	22252	20
424	untuniutntrng55886	0.036661764010707976	22001	20
425	untuniutntrng55886	0.036661764010707976	22012	20
426	untuniutntrng55886	0.036661764010707976	22206	20
427	untuniutntrng55886	0.036661764010707976	22331	20
428	untuniutntrng55886	0.036661764010707976	20978	20
429	untuniutntrng55886	0.036661764010707976	22238	20
430	untuniutntrng55886	0.036661764010707976	22282	20
431	untuniutntrng55886	0.036661764010707976	22099	20
432	untuniutntrng55886	0.036661764010707976	22023	20
433	untuniutntrng55886	0.036661764010707976	21090	20
434	untuniutntrng55886	0.036661764010707976	21818	20
435	untuniutntrng55886	0.036661764010707976	22323	20
436	untuniutntrng55886	0.036661764010707976	22229	20
437	untuniutntrng55886	0.036661764010707976	20985	20
438	untuniutntrng55886	0.036661764010707976	22161	20
439	untuniutntrng55886	0.036661764010707976	20943	20
440	untuniutntrng55886	0.036661764010707976	22248	20
441	untuniutntrng55886	0.036661764010707976	20934	20
442	untuniutntrng55886	0.036661764010707976	22072	20
443	untuniutntrng55886	0.036661764010707976	22270	20
444	untuniutntrng55886	0.036661764010707976	22072	20
445	untuniutntrng55886	0.036661764010707976	22250	20
446	untuniutntrng55886	0.036661764010707976	20944	20
447	untuniutntrng55886	0.036661764010707976	22382	20
448	untuniutntrng55886	0.036661764010707976	22188	20
449	untuniutntrng55886	0.036661764010707976	22264	20
450	untuniutntrng55886	0.036661764010707976	22224	20
451	untuniutntrng55886	0.036661764010707976	21999	20
452	untuniutntrng55886	0.036661764010707976	22202	20
453	untuniutntrng55886	0.036661764010707976	21017	20
454	untuniutntrng55886	0.036661764010707976	22177	20
455	untuniutntrng55886	0.036661764010707976	22352	20
456	untuniutntrng55886	0.036661764010707976	22147	20
457	untuniutntrng55886	0.036661764010707976	22297	20
458	untuniutntrng55886	0.036661764010707976	22177	20
459	untuniutntrng55886	0.036661764010707976	23046	20
460	untuniutntrng55886	0.036661764010707976	22107	20
461	untuniutntrng55886	0.036661764010707976	22233	20
462	untuniutntrng55886	0.036661764010707976	21849	20
463	untuniutntrng55886	0.036661764010707976	20827	20
464	untuniutntrng55886	0.036661764010707976	21758	20
465	untuniutntrng55886	0.036661764010707976	20958	20
466	untuniutntrng55886	0.036661764010707976	22078	20
467	untuniutntrng55886	0.036661764010707976	22126	20
468	untuniutntrng55886	0.036661764010707976	22055	20
469	untuniutntrng55886	0.036661764010707976	22141	20
470	untuniutntrng55886	0.036661764010707976	21937	20
471	untuniutntrng55886	0.036661764010707976	22241	20
472	untuniutntrng55886	0.036661764010707976	22252	20
473	untuniutntrng55886	0.036661764010707976	22106	20
474	untuniutntrng55886	0.036661764010707976	22121	20
475	untuniutntrng55886	0.036661764010707976	22208	20
476	untuniutntrng55886	0.036661764010707976	22201	20
477	untuniutntrng55886	0.036661764010707976	22434	20
478	untuniutntrng55886	0.036661764010707976	22181	20
479	untuniutntrng55886	0.036661764010707976	21097	20
480	untuniutntrng55886	0.036661764010707976	22233	20
481	untuniutntrng55886	0.036661764010707976	20959	20
482	untuniutntrng55886	0.036661764010707976	22296	20
483	untuniutntrng55886	0.036661764010707976	21197	20
484	untuniutntrng55886	0.036661764010707976	22197	20
485	untuniutntrng55886	0.036661764010707976	22208	20
486	untuniutntrng55886	0.036661764010707976	22071	20
487	untuniutntrng55886	0.036661764010707976	22297	20
488	untuniutntrng55886	0.036661764010707976	22379	20
489	untuniutntrng55886	0.036661764010707976	22208	20
490	untuniutntrng55886	0.036661764010707976	22077	20
491	untuniutntrng55886	0.036661764010707976	21000	20
492	untuniutntrng55886	0.036661764010707976	22335	20
493	untuniutntrng55886	0.036661764010707976	23046	20
494	untuniutntrng55886	0.036661764010707976	22319	20
495	untuniutntrng55886	0.036661764010707976	22378	20
496	untuniutntrng55886	0.036661764010707976	22311	20
497	untuniutntrng55886	0.036661764010707976	22363	20
498	untuniutntrng55886	0.036661764010707976	22145	20
499	untuniutntrng55886	0.036661764010707976	22134	20
500	untuniutntrng55886	0.036661764010707976	22111	300
501	untuniutntrng55886	0.036661764010707976	22156	300
502	untuniutntrng55886	0.036661764010707976	21959	300
503	untuniutntrng55886	0.036661764010707976	22260	300
504	untuniutntrng55886	0.036661764010707976	22047	300
505	untuniutntrng55886	0.036661764010707976	22114	300
506	untuniutntrng55886	0.036661764010707976	22073	300
507	untuniutntrng55886	0.036661764010707976	22175	300
508	untuniutntrng55886	0.036661764010707976	22128	300
509	untuniutntrng55886	0.036661764010707976	22010	300
510	untuniutntrng55886	0.036661764010707976	21991	300
511	untuniutntrng55886	0.036661764010707976	22205	300
512	untuniutntrng55886	0.036661764010707976	22419	300
513	untuniutntrng55886	0.036661764010707976	22050	300
514	untuniutntrng55886	0.036661764010707976	22143	300
515	untuniutntrng55886	0.036661764010707976	22001	300
516	untuniutntrng55886	0.036661764010707976	21929	300
517	untuniutntrng55886	0.036661764010707976	22320	300
518	untuniutntrng55886	0.036661764010707976	22250	300
519	untuniutntrng55886	0.036661764010707976	22489	300
520	untuniutntrng55886	0.036661764010707976	22215	300
521	untuniutntrng55886	0.036661764010707976	22104	300
522	untuniutntrng55886	0.036661764010707976	22062	300
523	untuniutntrng55886	0.036661764010707976	22062	300
524	untuniutntrng55886	0.036661764010707976	22210	300
525	untuniutntrng55886	0.036661764010707976	22226	300
526	untuniutntrng55886	0.036661764010707976	22169	300
527	untuniutntrng55886	0.036661764010707976	22141	300
528	untuniutntrng55886	0.036661764010707976	22069	300
529	untuniutntrng55886	0.036661764010707976	22120	300
530	untuniutntrng55886	0.036661764010707976	22198	300
531	untuniutntrng55886	0.036661764010707976	22022	300
532	untuniutntrng55886	0.036661764010707976	22158	300
533	untuniutntrng55886	0.036661764010707976	21966	300
534	untuniutntrng55886	0.036661764010707976	22137	300
535	untuniutntrng55886	0.036661764010707976	21977	300
536	untuniutntrng55886	0.036661764010707976	22089	300
537	untuniutntrng55886	0.036661764010707976	22054	300
538	untuniutntrng55886	0.036661764010707976	22100	300
539	untuniutntrng55886	0.036661764010707976	22073	300
540	untuniutntrng55886	0.036661764010707976	22325	300
541	untuniutntrng55886	0.036661764010707976	22102	300
542	untuniutntrng55886	0.036661764010707976	22103	300
543	untuniutntrng55886	0.036661764010707976	22160	300
544	untuniutntrng55886	0.036661764010707976	22169	300
545	untuniutntrng55886	0.036661764010707976	22214	300
546	untuniutntrng55886	0.036661764010707976	22022	300
547	untuniutntrng55886	0.036661764010707976	22188	300
548	untuniutntrng55886	0.036661764010707976	22260	300
549	untuniutntrng55886	0.036661764010707976	22310	300
550	untuniutntrng55886	0.036661764010707976	22135	300
551	untuniutntrng55886	0.036661764010707976	22007	300
552	untuniutntrng55886	0.036661764010707976	22156	300
553	untuniutntrng55886	0.036661764010707976	21972	300
554	untuniutntrng55886	0.036661764010707976	22052	300
555	untuniutntrng55886	0.036661764010707976	22105	300
556	untuniutntrng55886	0.036661764010707976	22194	300
557	untuniutntrng55886	0.036661764010707976	22170	300
558	untuniutntrng55886	0.036661764010707976	22123	300
559	untuniutntrng55886	0.036661764010707976	22081	300
560	untuniutntrng55886	0.036661764010707976	22143	300
561	untuniutntrng55886	0.036661764010707976	22243	300
562	untuniutntrng55886	0.036661764010707976	22152	300
563	untuniutntrng55886	0.036661764010707976	22034	300
564	untuniutntrng55886	0.036661764010707976	22067	300
565	untuniutntrng55886	0.036661764010707976	22213	300
566	untuniutntrng55886	0.036661764010707976	22153	300
567	untuniutntrng55886	0.036661764010707976	22052	300
568	untuniutntrng55886	0.036661764010707976	22114	300
569	untuniutntrng55886	0.036661764010707976	22081	300
570	untuniutntrng55886	0.036661764010707976	22228	300
571	untuniutntrng55886	0.036661764010707976	22165	300
572	untuniutntrng55886	0.036661764010707976	22125	300
573	untuniutntrng55886	0.036661764010707976	21992	300
574	untuniutntrng55886	0.036661764010707976	22202	300
575	untuniutntrng55886	0.036661764010707976	22073	300
576	untuniutntrng55886	0.036661764010707976	22187	300
577	untuniutntrng55886	0.036661764010707976	21946	300
578	untuniutntrng55886	0.036661764010707976	22226	300
579	untuniutntrng55886	0.036661764010707976	22069	300
580	untuniutntrng55886	0.036661764010707976	22015	300
581	untuniutntrng55886	0.036661764010707976	22201	300
582	untuniutntrng55886	0.036661764010707976	21994	300
583	untuniutntrng55886	0.036661764010707976	22100	300
584	untuniutntrng55886	0.036661764010707976	22093	300
585	untuniutntrng55886	0.036661764010707976	22097	300
586	untuniutntrng55886	0.036661764010707976	22168	300
587	untuniutntrng55886	0.036661764010707976	22222	300
588	untuniutntrng55886	0.036661764010707976	22147	300
589	untuniutntrng55886	0.036661764010707976	22147	300
590	untuniutntrng55886	0.036661764010707976	22251	300
591	untuniutntrng55886	0.036661764010707976	21956	300
592	untuniutntrng55886	0.036661764010707976	22101	300
593	untuniutntrng55886	0.036661764010707976	22047	300
594	untuniutntrng55886	0.036661764010707976	22025	300
595	untuniutntrng55886	0.036661764010707976	21997	300
596	untuniutntrng55886	0.036661764010707976	22058	300
597	untuniutntrng55886	0.036661764010707976	22288	300
598	untuniutntrng55886	0.036661764010707976	22217	300
599	untuniutntrng55886	0.036661764010707976	22318	300
600	untuniutntrng55886	0.036661764010707976	22121	30
601	untuniutntrng55886	0.036661764010707976	22114	30
602	untuniutntrng55886	0.036661764010707976	21759	30
603	untuniutntrng55886	0.036661764010707976	22167	30
604	untuniutntrng55886	0.036661764010707976	22172	30
605	untuniutntrng55886	0.036661764010707976	22067	30
606	untuniutntrng55886	0.036661764010707976	22191	30
607	untuniutntrng55886	0.036661764010707976	22349	30
608	untuniutntrng55886	0.036661764010707976	22731	30
609	untuniutntrng55886	0.036661764010707976	22075	30
610	untuniutntrng55886	0.036661764010707976	22122	30
611	untuniutntrng55886	0.036661764010707976	22183	30
612	untuniutntrng55886	0.036661764010707976	22156	30
613	untuniutntrng55886	0.036661764010707976	22066	30
614	untuniutntrng55886	0.036661764010707976	21957	30
615	untuniutntrng55886	0.036661764010707976	22152	30
616	untuniutntrng55886	0.036661764010707976	22339	30
617	untuniutntrng55886	0.036661764010707976	22814	30
618	untuniutntrng55886	0.036661764010707976	22177	30
619	untuniutntrng55886	0.036661764010707976	22194	30
620	untuniutntrng55886	0.036661764010707976	22286	30
621	untuniutntrng55886	0.036661764010707976	22095	30
622	untuniutntrng55886	0.036661764010707976	22121	30
623	untuniutntrng55886	0.036661764010707976	21773	30
624	untuniutntrng55886	0.036661764010707976	22280	30
625	untuniutntrng55886	0.036661764010707976	22014	30
626	untuniutntrng55886	0.036661764010707976	22560	30
627	untuniutntrng55886	0.036661764010707976	22165	30
628	untuniutntrng55886	0.036661764010707976	22277	30
629	untuniutntrng55886	0.036661764010707976	22331	30
630	untuniutntrng55886	0.036661764010707976	22040	30
631	untuniutntrng55886	0.036661764010707976	22921	30
632	untuniutntrng55886	0.036661764010707976	22658	30
633	untuniutntrng55886	0.036661764010707976	22038	30
634	untuniutntrng55886	0.036661764010707976	22698	30
635	untuniutntrng55886	0.036661764010707976	22254	30
636	untuniutntrng55886	0.036661764010707976	22136	30
637	untuniutntrng55886	0.036661764010707976	22701	30
638	untuniutntrng55886	0.036661764010707976	22030	30
639	untuniutntrng55886	0.036661764010707976	21127	30
640	untuniutntrng55886	0.036661764010707976	22103	30
641	untuniutntrng55886	0.036661764010707976	22330	30
642	untuniutntrng55886	0.036661764010707976	22172	30
643	untuniutntrng55886	0.036661764010707976	22814	30
644	untuniutntrng55886	0.036661764010707976	20428	30
645	untuniutntrng55886	0.036661764010707976	22795	30
646	untuniutntrng55886	0.036661764010707976	22095	30
647	untuniutntrng55886	0.036661764010707976	22151	30
648	untuniutntrng55886	0.036661764010707976	22247	30
649	untuniutntrng55886	0.036661764010707976	22081	30
650	untuniutntrng55886	0.036661764010707976	22131	30
651	untuniutntrng55886	0.036661764010707976	22172	30
652	untuniutntrng55886	0.036661764010707976	22732	30
653	untuniutntrng55886	0.036661764010707976	22202	30
654	untuniutntrng55886	0.036661764010707976	22854	30
655	untuniutntrng55886	0.036661764010707976	22725	30
656	untuniutntrng55886	0.036661764010707976	22577	30
657	untuniutntrng55886	0.036661764010707976	22294	30
658	untuniutntrng55886	0.036661764010707976	21660	30
659	untuniutntrng55886	0.036661764010707976	22149	30
660	untuniutntrng55886	0.036661764010707976	21709	30
661	untuniutntrng55886	0.036661764010707976	21768	30
662	untuniutntrng55886	0.036661764010707976	22156	30
663	untuniutntrng55886	0.036661764010707976	22716	30
664	untuniutntrng55886	0.036661764010707976	21979	30
665	untuniutntrng55886	0.036661764010707976	22576	30
666	untuniutntrng55886	0.036661764010707976	22727	30
667	untuniutntrng55886	0.036661764010707976	22523	30
668	untuniutntrng55886	0.036661764010707976	22618	30
669	untuniutntrng55886	0.036661764010707976	22725	30
670	untuniutntrng55886	0.036661764010707976	22855	30
671	untuniutntrng55886	0.036661764010707976	22168	30
672	untuniutntrng55886	0.036661764010707976	21910	30
673	untuniutntrng55886	0.036661764010707976	22626	30
674	untuniutntrng55886	0.036661764010707976	22320	30
675	untuniutntrng55886	0.036661764010707976	21720	30
676	untuniutntrng55886	0.036661764010707976	22206	30
677	untuniutntrng55886	0.036661764010707976	22642	30
678	untuniutntrng55886	0.036661764010707976	20380	30
679	untuniutntrng55886	0.036661764010707976	22228	30
680	untuniutntrng55886	0.036661764010707976	21872	30
681	untuniutntrng55886	0.036661764010707976	22118	30
682	untuniutntrng55886	0.036661764010707976	22743	30
683	untuniutntrng55886	0.036661764010707976	22635	30
684	untuniutntrng55886	0.036661764010707976	22803	30
685	untuniutntrng55886	0.036661764010707976	22627	30
686	untuniutntrng55886	0.036661764010707976	22010	30
687	untuniutntrng55886	0.036661764010707976	22066	30
688	untuniutntrng55886	0.036661764010707976	22853	30
689	untuniutntrng55886	0.036661764010707976	22823	30
690	untuniutntrng55886	0.036661764010707976	22732	30
691	untuniutntrng55886	0.036661764010707976	22300	30
692	untuniutntrng55886	0.036661764010707976	22062	30
693	untuniutntrng55886	0.036661764010707976	21923	30
694	untuniutntrng55886	0.036661764010707976	21672	30
695	untuniutntrng55886	0.036661764010707976	22342	30
696	untuniutntrng55886	0.036661764010707976	22749	30
697	untuniutntrng55886	0.036661764010707976	22178	30
698	untuniutntrng55886	0.036661764010707976	22783	30
699	untuniutntrng55886	0.036661764010707976	21070	30
700	untuniutntrng55886	0.036661764010707976	22085	400
701	untuniutntrng55886	0.036661764010707976	22166	400
702	untuniutntrng55886	0.036661764010707976	22135	400
703	untuniutntrng55886	0.036661764010707976	22125	400
704	untuniutntrng55886	0.036661764010707976	22205	400
705	untuniutntrng55886	0.036661764010707976	22224	400
706	untuniutntrng55886	0.036661764010707976	22143	400
707	untuniutntrng55886	0.036661764010707976	22115	400
708	untuniutntrng55886	0.036661764010707976	22326	400
709	untuniutntrng55886	0.036661764010707976	22076	400
710	untuniutntrng55886	0.036661764010707976	22254	400
711	untuniutntrng55886	0.036661764010707976	21909	400
712	untuniutntrng55886	0.036661764010707976	22104	400
713	untuniutntrng55886	0.036661764010707976	22115	400
714	untuniutntrng55886	0.036661764010707976	22222	400
715	untuniutntrng55886	0.036661764010707976	22168	400
716	untuniutntrng55886	0.036661764010707976	22012	400
717	untuniutntrng55886	0.036661764010707976	22018	400
718	untuniutntrng55886	0.036661764010707976	22062	400
719	untuniutntrng55886	0.036661764010707976	22392	400
720	untuniutntrng55886	0.036661764010707976	21698	400
721	untuniutntrng55886	0.036661764010707976	22052	400
722	untuniutntrng55886	0.036661764010707976	22033	400
723	untuniutntrng55886	0.036661764010707976	22012	400
724	untuniutntrng55886	0.036661764010707976	22095	400
725	untuniutntrng55886	0.036661764010707976	22267	400
726	untuniutntrng55886	0.036661764010707976	22134	400
727	untuniutntrng55886	0.036661764010707976	22259	400
728	untuniutntrng55886	0.036661764010707976	21830	400
729	untuniutntrng55886	0.036661764010707976	22287	400
730	untuniutntrng55886	0.036661764010707976	22062	400
731	untuniutntrng55886	0.036661764010707976	22212	400
732	untuniutntrng55886	0.036661764010707976	21909	400
733	untuniutntrng55886	0.036661764010707976	22051	400
734	untuniutntrng55886	0.036661764010707976	22085	400
735	untuniutntrng55886	0.036661764010707976	22038	400
736	untuniutntrng55886	0.036661764010707976	22055	400
737	untuniutntrng55886	0.036661764010707976	22158	400
738	untuniutntrng55886	0.036661764010707976	22147	400
739	untuniutntrng55886	0.036661764010707976	22257	400
740	untuniutntrng55886	0.036661764010707976	22210	400
741	untuniutntrng55886	0.036661764010707976	22286	400
742	untuniutntrng55886	0.036661764010707976	22239	400
743	untuniutntrng55886	0.036661764010707976	22225	400
744	untuniutntrng55886	0.036661764010707976	22215	400
745	untuniutntrng55886	0.036661764010707976	22206	400
746	untuniutntrng55886	0.036661764010707976	22143	400
747	untuniutntrng55886	0.036661764010707976	22266	400
748	untuniutntrng55886	0.036661764010707976	22074	400
749	untuniutntrng55886	0.036661764010707976	22248	400
750	untuniutntrng55886	0.036661764010707976	22180	400
751	untuniutntrng55886	0.036661764010707976	22234	400
752	untuniutntrng55886	0.036661764010707976	22206	400
753	untuniutntrng55886	0.036661764010707976	22291	400
754	untuniutntrng55886	0.036661764010707976	22157	400
755	untuniutntrng55886	0.036661764010707976	22207	400
756	untuniutntrng55886	0.036661764010707976	22039	400
757	untuniutntrng55886	0.036661764010707976	22236	400
758	untuniutntrng55886	0.036661764010707976	22143	400
759	untuniutntrng55886	0.036661764010707976	22038	400
760	untuniutntrng55886	0.036661764010707976	22101	400
761	untuniutntrng55886	0.036661764010707976	22069	400
762	untuniutntrng55886	0.036661764010707976	21974	400
763	untuniutntrng55886	0.036661764010707976	22077	400
764	untuniutntrng55886	0.036661764010707976	22036	400
765	untuniutntrng55886	0.036661764010707976	22101	400
766	untuniutntrng55886	0.036661764010707976	22130	400
767	untuniutntrng55886	0.036661764010707976	22073	400
768	untuniutntrng55886	0.036661764010707976	22163	400
769	untuniutntrng55886	0.036661764010707976	22085	400
770	untuniutntrng55886	0.036661764010707976	22184	400
771	untuniutntrng55886	0.036661764010707976	22042	400
772	untuniutntrng55886	0.036661764010707976	22203	400
773	untuniutntrng55886	0.036661764010707976	22195	400
774	untuniutntrng55886	0.036661764010707976	22055	400
775	untuniutntrng55886	0.036661764010707976	22206	400
776	untuniutntrng55886	0.036661764010707976	22178	400
777	untuniutntrng55886	0.036661764010707976	22085	400
778	untuniutntrng55886	0.036661764010707976	22117	400
779	untuniutntrng55886	0.036661764010707976	21914	400
780	untuniutntrng55886	0.036661764010707976	22033	400
781	untuniutntrng55886	0.036661764010707976	22194	400
782	untuniutntrng55886	0.036661764010707976	21936	400
783	untuniutntrng55886	0.036661764010707976	22183	400
784	untuniutntrng55886	0.036661764010707976	22167	400
785	untuniutntrng55886	0.036661764010707976	22208	400
786	untuniutntrng55886	0.036661764010707976	22170	400
787	untuniutntrng55886	0.036661764010707976	22155	400
788	untuniutntrng55886	0.036661764010707976	22276	400
789	untuniutntrng55886	0.036661764010707976	21971	400
790	untuniutntrng55886	0.036661764010707976	22210	400
791	untuniutntrng55886	0.036661764010707976	22375	400
792	untuniutntrng55886	0.036661764010707976	22090	400
793	untuniutntrng55886	0.036661764010707976	22164	400
794	untuniutntrng55886	0.036661764010707976	22071	400
795	untuniutntrng55886	0.036661764010707976	22203	400
796	untuniutntrng55886	0.036661764010707976	22003	400
797	untuniutntrng55886	0.036661764010707976	22048	400
798	untuniutntrng55886	0.036661764010707976	22076	400
799	untuniutntrng55886	0.036661764010707976	22287	400
800	untuniutntrng55886	0.036661764010707976	22170	40
801	untuniutntrng55886	0.036661764010707976	22036	40
802	untuniutntrng55886	0.036661764010707976	19993	40
803	untuniutntrng55886	0.036661764010707976	19984	40
804	untuniutntrng55886	0.036661764010707976	22085	40
805	untuniutntrng55886	0.036661764010707976	22544	40
806	untuniutntrng55886	0.036661764010707976	22089	40
807	untuniutntrng55886	0.036661764010707976	22100	40
808	untuniutntrng55886	0.036661764010707976	20236	40
809	untuniutntrng55886	0.036661764010707976	22068	40
810	untuniutntrng55886	0.036661764010707976	21991	40
811	untuniutntrng55886	0.036661764010707976	20181	40
812	untuniutntrng55886	0.036661764010707976	22072	40
813	untuniutntrng55886	0.036661764010707976	22097	40
814	untuniutntrng55886	0.036661764010707976	22203	40
815	untuniutntrng55886	0.036661764010707976	20479	40
816	untuniutntrng55886	0.036661764010707976	22046	40
817	untuniutntrng55886	0.036661764010707976	20079	40
818	untuniutntrng55886	0.036661764010707976	22054	40
819	untuniutntrng55886	0.036661764010707976	20024	40
820	untuniutntrng55886	0.036661764010707976	21924	40
821	untuniutntrng55886	0.036661764010707976	22266	40
822	untuniutntrng55886	0.036661764010707976	22261	40
823	untuniutntrng55886	0.036661764010707976	22762	40
824	untuniutntrng55886	0.036661764010707976	22125	40
825	untuniutntrng55886	0.036661764010707976	20257	40
826	untuniutntrng55886	0.036661764010707976	22060	40
827	untuniutntrng55886	0.036661764010707976	20316	40
828	untuniutntrng55886	0.036661764010707976	22147	40
829	untuniutntrng55886	0.036661764010707976	22123	40
830	untuniutntrng55886	0.036661764010707976	22807	40
831	untuniutntrng55886	0.036661764010707976	22598	40
832	untuniutntrng55886	0.036661764010707976	22301	40
833	untuniutntrng55886	0.036661764010707976	22188	40
834	untuniutntrng55886	0.036661764010707976	22030	40
835	untuniutntrng55886	0.036661764010707976	22652	40
836	untuniutntrng55886	0.036661764010707976	22296	40
837	untuniutntrng55886	0.036661764010707976	20122	40
838	untuniutntrng55886	0.036661764010707976	22899	40
839	untuniutntrng55886	0.036661764010707976	22102	40
840	untuniutntrng55886	0.036661764010707976	22816	40
841	untuniutntrng55886	0.036661764010707976	22063	40
842	untuniutntrng55886	0.036661764010707976	22051	40
843	untuniutntrng55886	0.036661764010707976	20384	40
844	untuniutntrng55886	0.036661764010707976	22103	40
845	untuniutntrng55886	0.036661764010707976	22259	40
846	untuniutntrng55886	0.036661764010707976	21904	40
847	untuniutntrng55886	0.036661764010707976	22153	40
848	untuniutntrng55886	0.036661764010707976	21882	40
849	untuniutntrng55886	0.036661764010707976	22009	40
850	untuniutntrng55886	0.036661764010707976	22740	40
851	untuniutntrng55886	0.036661764010707976	22215	40
852	untuniutntrng55886	0.036661764010707976	22119	40
853	untuniutntrng55886	0.036661764010707976	22728	40
854	untuniutntrng55886	0.036661764010707976	22206	40
855	untuniutntrng55886	0.036661764010707976	22439	40
856	untuniutntrng55886	0.036661764010707976	22151	40
857	untuniutntrng55886	0.036661764010707976	20124	40
858	untuniutntrng55886	0.036661764010707976	20090	40
859	untuniutntrng55886	0.036661764010707976	20264	40
860	untuniutntrng55886	0.036661764010707976	22715	40
861	untuniutntrng55886	0.036661764010707976	22699	40
862	untuniutntrng55886	0.036661764010707976	22268	40
863	untuniutntrng55886	0.036661764010707976	22206	40
864	untuniutntrng55886	0.036661764010707976	22190	40
865	untuniutntrng55886	0.036661764010707976	21745	40
866	untuniutntrng55886	0.036661764010707976	20332	40
867	untuniutntrng55886	0.036661764010707976	22127	40
868	untuniutntrng55886	0.036661764010707976	20204	40
869	untuniutntrng55886	0.036661764010707976	20320	40
870	untuniutntrng55886	0.036661764010707976	22085	40
871	untuniutntrng55886	0.036661764010707976	22904	40
872	untuniutntrng55886	0.036661764010707976	22038	40
873	untuniutntrng55886	0.036661764010707976	22686	40
874	untuniutntrng55886	0.036661764010707976	22749	40
875	untuniutntrng55886	0.036661764010707976	20415	40
876	untuniutntrng55886	0.036661764010707976	22089	40
877	untuniutntrng55886	0.036661764010707976	21969	40
878	untuniutntrng55886	0.036661764010707976	20255	40
879	untuniutntrng55886	0.036661764010707976	22309	40
880	untuniutntrng55886	0.036661764010707976	20255	40
881	untuniutntrng55886	0.036661764010707976	22780	40
882	untuniutntrng55886	0.036661764010707976	21923	40
883	untuniutntrng55886	0.036661764010707976	22195	40
884	untuniutntrng55886	0.036661764010707976	21832	40
885	untuniutntrng55886	0.036661764010707976	21987	40
886	untuniutntrng55886	0.036661764010707976	22189	40
887	untuniutntrng55886	0.036661764010707976	22200	40
888	untuniutntrng55886	0.036661764010707976	20206	40
889	untuniutntrng55886	0.036661764010707976	22264	40
890	untuniutntrng55886	0.036661764010707976	22623	40
891	untuniutntrng55886	0.036661764010707976	22177	40
892	untuniutntrng55886	0.036661764010707976	22029	40
893	untuniutntrng55886	0.036661764010707976	22029	40
894	untuniutntrng55886	0.036661764010707976	22117	40
895	untuniutntrng55886	0.036661764010707976	22834	40
896	untuniutntrng55886	0.036661764010707976	22091	40
897	untuniutntrng55886	0.036661764010707976	22676	40
898	untuniutntrng55886	0.036661764010707976	22200	40
899	untuniutntrng55886	0.036661764010707976	22341	40
900	untuniutntrng55886	0.036661764010707976	22073	500
901	untuniutntrng55886	0.036661764010707976	22174	500
902	untuniutntrng55886	0.036661764010707976	22193	500
903	untuniutntrng55886	0.036661764010707976	22355	500
904	untuniutntrng55886	0.036661764010707976	22160	500
905	untuniutntrng55886	0.036661764010707976	22229	500
906	untuniutntrng55886	0.036661764010707976	22056	500
907	untuniutntrng55886	0.036661764010707976	22223	500
908	untuniutntrng55886	0.036661764010707976	22184	500
909	untuniutntrng55886	0.036661764010707976	22137	500
910	untuniutntrng55886	0.036661764010707976	22039	500
911	untuniutntrng55886	0.036661764010707976	22107	500
912	untuniutntrng55886	0.036661764010707976	22135	500
913	untuniutntrng55886	0.036661764010707976	22082	500
914	untuniutntrng55886	0.036661764010707976	22118	500
915	untuniutntrng55886	0.036661764010707976	22025	500
916	untuniutntrng55886	0.036661764010707976	22009	500
917	untuniutntrng55886	0.036661764010707976	22035	500
918	untuniutntrng55886	0.036661764010707976	22030	500
919	untuniutntrng55886	0.036661764010707976	22208	500
920	untuniutntrng55886	0.036661764010707976	22215	500
921	untuniutntrng55886	0.036661764010707976	22260	500
922	untuniutntrng55886	0.036661764010707976	22117	500
923	untuniutntrng55886	0.036661764010707976	22266	500
924	untuniutntrng55886	0.036661764010707976	22228	500
925	untuniutntrng55886	0.036661764010707976	22157	500
926	untuniutntrng55886	0.036661764010707976	22206	500
927	untuniutntrng55886	0.036661764010707976	22140	500
928	untuniutntrng55886	0.036661764010707976	22169	500
929	untuniutntrng55886	0.036661764010707976	22057	500
930	untuniutntrng55886	0.036661764010707976	22041	500
931	untuniutntrng55886	0.036661764010707976	22267	500
932	untuniutntrng55886	0.036661764010707976	22189	500
933	untuniutntrng55886	0.036661764010707976	22077	500
934	untuniutntrng55886	0.036661764010707976	22228	500
935	untuniutntrng55886	0.036661764010707976	22069	500
936	untuniutntrng55886	0.036661764010707976	22155	500
937	untuniutntrng55886	0.036661764010707976	22006	500
938	untuniutntrng55886	0.036661764010707976	22250	500
939	untuniutntrng55886	0.036661764010707976	21998	500
940	untuniutntrng55886	0.036661764010707976	22373	500
941	untuniutntrng55886	0.036661764010707976	22076	500
942	untuniutntrng55886	0.036661764010707976	22201	500
943	untuniutntrng55886	0.036661764010707976	22212	500
944	untuniutntrng55886	0.036661764010707976	22103	500
945	untuniutntrng55886	0.036661764010707976	22124	500
946	untuniutntrng55886	0.036661764010707976	21993	500
947	untuniutntrng55886	0.036661764010707976	22073	500
948	untuniutntrng55886	0.036661764010707976	22004	500
949	untuniutntrng55886	0.036661764010707976	22266	500
950	untuniutntrng55886	0.036661764010707976	22086	500
951	untuniutntrng55886	0.036661764010707976	22149	500
952	untuniutntrng55886	0.036661764010707976	22068	500
953	untuniutntrng55886	0.036661764010707976	22248	500
954	untuniutntrng55886	0.036661764010707976	22149	500
955	untuniutntrng55886	0.036661764010707976	22176	500
956	untuniutntrng55886	0.036661764010707976	22214	500
957	untuniutntrng55886	0.036661764010707976	22220	500
958	untuniutntrng55886	0.036661764010707976	22207	500
959	untuniutntrng55886	0.036661764010707976	22187	500
960	untuniutntrng55886	0.036661764010707976	22156	500
961	untuniutntrng55886	0.036661764010707976	22108	500
962	untuniutntrng55886	0.036661764010707976	22212	500
963	untuniutntrng55886	0.036661764010707976	22078	500
964	untuniutntrng55886	0.036661764010707976	21973	500
965	untuniutntrng55886	0.036661764010707976	22038	500
966	untuniutntrng55886	0.036661764010707976	22110	500
967	untuniutntrng55886	0.036661764010707976	22043	500
968	untuniutntrng55886	0.036661764010707976	22223	500
969	untuniutntrng55886	0.036661764010707976	22047	500
970	untuniutntrng55886	0.036661764010707976	22072	500
971	untuniutntrng55886	0.036661764010707976	22031	500
972	untuniutntrng55886	0.036661764010707976	22169	500
973	untuniutntrng55886	0.036661764010707976	22010	500
974	untuniutntrng55886	0.036661764010707976	22101	500
975	untuniutntrng55886	0.036661764010707976	21897	500
976	untuniutntrng55886	0.036661764010707976	22353	500
977	untuniutntrng55886	0.036661764010707976	22109	500
978	untuniutntrng55886	0.036661764010707976	22040	500
979	untuniutntrng55886	0.036661764010707976	22109	500
980	untuniutntrng55886	0.036661764010707976	22119	500
981	untuniutntrng55886	0.036661764010707976	22094	500
982	untuniutntrng55886	0.036661764010707976	22039	500
983	untuniutntrng55886	0.036661764010707976	21948	500
984	untuniutntrng55886	0.036661764010707976	22250	500
985	untuniutntrng55886	0.036661764010707976	22074	500
986	untuniutntrng55886	0.036661764010707976	22009	500
987	untuniutntrng55886	0.036661764010707976	22074	500
988	untuniutntrng55886	0.036661764010707976	22246	500
989	untuniutntrng55886	0.036661764010707976	22279	500
990	untuniutntrng55886	0.036661764010707976	22237	500
991	untuniutntrng55886	0.036661764010707976	22107	500
992	untuniutntrng55886	0.036661764010707976	21930	500
993	untuniutntrng55886	0.036661764010707976	22104	500
994	untuniutntrng55886	0.036661764010707976	22235	500
995	untuniutntrng55886	0.036661764010707976	22103	500
996	untuniutntrng55886	0.036661764010707976	22143	500
997	untuniutntrng55886	0.036661764010707976	21945	500
998	untuniutntrng55886	0.036661764010707976	21970	500
999	untuniutntrng55886	0.036661764010707976	22116	500
1000	untuniutntrng55886	0.036661764010707976	22207	50
1001	untuniutntrng55886	0.036661764010707976	22151	50
1002	untuniutntrng55886	0.036661764010707976	20217	50
1003	untuniutntrng55886	0.036661764010707976	20129	50
1004	untuniutntrng55886	0.036661764010707976	22159	50
1005	untuniutntrng55886	0.036661764010707976	22093	50
1006	untuniutntrng55886	0.036661764010707976	22169	50
1007	untuniutntrng55886	0.036661764010707976	22213	50
1008	untuniutntrng55886	0.036661764010707976	22044	50
1009	untuniutntrng55886	0.036661764010707976	22259	50
1010	untuniutntrng55886	0.036661764010707976	22318	50
1011	untuniutntrng55886	0.036661764010707976	22123	50
1012	untuniutntrng55886	0.036661764010707976	20411	50
1013	untuniutntrng55886	0.036661764010707976	22214	50
1014	untuniutntrng55886	0.036661764010707976	22175	50
1015	untuniutntrng55886	0.036661764010707976	21986	50
1016	untuniutntrng55886	0.036661764010707976	22395	50
1017	untuniutntrng55886	0.036661764010707976	22155	50
1018	untuniutntrng55886	0.036661764010707976	22064	50
1019	untuniutntrng55886	0.036661764010707976	22369	50
1020	untuniutntrng55886	0.036661764010707976	22174	50
1021	untuniutntrng55886	0.036661764010707976	22146	50
1022	untuniutntrng55886	0.036661764010707976	22186	50
1023	untuniutntrng55886	0.036661764010707976	22450	50
1024	untuniutntrng55886	0.036661764010707976	22170	50
1025	untuniutntrng55886	0.036661764010707976	22331	50
1026	untuniutntrng55886	0.036661764010707976	20278	50
1027	untuniutntrng55886	0.036661764010707976	22161	50
1028	untuniutntrng55886	0.036661764010707976	22099	50
1029	untuniutntrng55886	0.036661764010707976	21946	50
1030	untuniutntrng55886	0.036661764010707976	22089	50
1031	untuniutntrng55886	0.036661764010707976	22077	50
1032	untuniutntrng55886	0.036661764010707976	22169	50
1033	untuniutntrng55886	0.036661764010707976	22132	50
1034	untuniutntrng55886	0.036661764010707976	20199	50
1035	untuniutntrng55886	0.036661764010707976	22264	50
1036	untuniutntrng55886	0.036661764010707976	22226	50
1037	untuniutntrng55886	0.036661764010707976	22160	50
1038	untuniutntrng55886	0.036661764010707976	22360	50
1039	untuniutntrng55886	0.036661764010707976	22159	50
1040	untuniutntrng55886	0.036661764010707976	20101	50
1041	untuniutntrng55886	0.036661764010707976	20142	50
1042	untuniutntrng55886	0.036661764010707976	22109	50
1043	untuniutntrng55886	0.036661764010707976	20160	50
1044	untuniutntrng55886	0.036661764010707976	22294	50
1045	untuniutntrng55886	0.036661764010707976	22185	50
1046	untuniutntrng55886	0.036661764010707976	20074	50
1047	untuniutntrng55886	0.036661764010707976	22240	50
1048	untuniutntrng55886	0.036661764010707976	20256	50
1049	untuniutntrng55886	0.036661764010707976	22191	50
1050	untuniutntrng55886	0.036661764010707976	21986	50
1051	untuniutntrng55886	0.036661764010707976	20224	50
1052	untuniutntrng55886	0.036661764010707976	22073	50
1053	untuniutntrng55886	0.036661764010707976	22178	50
1054	untuniutntrng55886	0.036661764010707976	20119	50
1055	untuniutntrng55886	0.036661764010707976	20431	50
1056	untuniutntrng55886	0.036661764010707976	22271	50
1057	untuniutntrng55886	0.036661764010707976	22166	50
1058	untuniutntrng55886	0.036661764010707976	22184	50
1059	untuniutntrng55886	0.036661764010707976	20288	50
1060	untuniutntrng55886	0.036661764010707976	22128	50
1061	untuniutntrng55886	0.036661764010707976	20114	50
1062	untuniutntrng55886	0.036661764010707976	22228	50
1063	untuniutntrng55886	0.036661764010707976	22181	50
1064	untuniutntrng55886	0.036661764010707976	22113	50
1065	untuniutntrng55886	0.036661764010707976	20287	50
1066	untuniutntrng55886	0.036661764010707976	22174	50
1067	untuniutntrng55886	0.036661764010707976	22026	50
1068	untuniutntrng55886	0.036661764010707976	22200	50
1069	untuniutntrng55886	0.036661764010707976	22191	50
1070	untuniutntrng55886	0.036661764010707976	20096	50
1071	untuniutntrng55886	0.036661764010707976	22378	50
1072	untuniutntrng55886	0.036661764010707976	22108	50
1073	untuniutntrng55886	0.036661764010707976	22089	50
1074	untuniutntrng55886	0.036661764010707976	22113	50
1075	untuniutntrng55886	0.036661764010707976	22242	50
1076	untuniutntrng55886	0.036661764010707976	22345	50
1077	untuniutntrng55886	0.036661764010707976	22077	50
1078	untuniutntrng55886	0.036661764010707976	22222	50
1079	untuniutntrng55886	0.036661764010707976	22299	50
1080	untuniutntrng55886	0.036661764010707976	22313	50
1081	untuniutntrng55886	0.036661764010707976	22026	50
1082	untuniutntrng55886	0.036661764010707976	22258	50
1083	untuniutntrng55886	0.036661764010707976	20321	50
1084	untuniutntrng55886	0.036661764010707976	22151	50
1085	untuniutntrng55886	0.036661764010707976	22087	50
1086	untuniutntrng55886	0.036661764010707976	22022	50
1087	untuniutntrng55886	0.036661764010707976	22198	50
1088	untuniutntrng55886	0.036661764010707976	22155	50
1089	untuniutntrng55886	0.036661764010707976	21999	50
1090	untuniutntrng55886	0.036661764010707976	22342	50
1091	untuniutntrng55886	0.036661764010707976	22045	50
1092	untuniutntrng55886	0.036661764010707976	20063	50
1093	untuniutntrng55886	0.036661764010707976	22185	50
1094	untuniutntrng55886	0.036661764010707976	22225	50
1095	untuniutntrng55886	0.036661764010707976	21942	50
1096	untuniutntrng55886	0.036661764010707976	22127	50
1097	untuniutntrng55886	0.036661764010707976	20415	50
1098	untuniutntrng55886	0.036661764010707976	22161	50
1099	untuniutntrng55886	0.036661764010707976	22232	50
