	tf_idf_words	tf_idf	tf_idf_rang	frequency
0	untuniutntrng55886	0.03836304844511505	1051	1000
1	untuniutntrng55886	0.03836304844511505	1085	1000
2	untuniutntrng55886	0.03836304844511505	1097	1000
3	untuniutntrng55886	0.03836304844511505	1073	1000
4	untuniutntrng55886	0.03836304844511505	1009	1000
5	untuniutntrng55886	0.03836304844511505	1089	1000
6	untuniutntrng55886	0.03836304844511505	1101	1000
7	untuniutntrng55886	0.03836304844511505	1115	1000
8	untuniutntrng55886	0.03836304844511505	1091	1000
9	untuniutntrng55886	0.03836304844511505	1092	1000
10	untuniutntrng55886	0.03836304844511505	1099	1000
11	untuniutntrng55886	0.03836304844511505	1088	1000
12	untuniutntrng55886	0.03836304844511505	1149	1000
13	untuniutntrng55886	0.03836304844511505	1012	1000
14	untuniutntrng55886	0.03836304844511505	1090	1000
15	untuniutntrng55886	0.03836304844511505	1024	1000
16	untuniutntrng55886	0.03836304844511505	1081	1000
17	untuniutntrng55886	0.03836304844511505	1117	1000
18	untuniutntrng55886	0.03836304844511505	1093	1000
19	untuniutntrng55886	0.03836304844511505	1093	1000
20	untuniutntrng55886	0.03836304844511505	1097	1000
21	untuniutntrng55886	0.03836304844511505	1104	1000
22	untuniutntrng55886	0.03836304844511505	1047	1000
23	untuniutntrng55886	0.03836304844511505	1107	1000
24	untuniutntrng55886	0.03836304844511505	1092	1000
25	untuniutntrng55886	0.03836304844511505	1087	1000
26	untuniutntrng55886	0.03836304844511505	1042	1000
27	untuniutntrng55886	0.03836304844511505	1059	1000
28	untuniutntrng55886	0.03836304844511505	1054	1000
29	untuniutntrng55886	0.03836304844511505	1019	1000
30	untuniutntrng55886	0.03836304844511505	1091	1000
31	untuniutntrng55886	0.03836304844511505	1089	1000
32	untuniutntrng55886	0.03836304844511505	1103	1000
33	untuniutntrng55886	0.03836304844511505	1104	1000
34	untuniutntrng55886	0.03836304844511505	1084	1000
35	untuniutntrng55886	0.03836304844511505	1078	1000
36	untuniutntrng55886	0.03836304844511505	1056	1000
37	untuniutntrng55886	0.03836304844511505	1070	1000
38	untuniutntrng55886	0.03836304844511505	1034	1000
39	untuniutntrng55886	0.03836304844511505	1104	1000
40	untuniutntrng55886	0.03836304844511505	1073	1000
41	untuniutntrng55886	0.03836304844511505	1033	1000
42	untuniutntrng55886	0.03836304844511505	1050	1000
43	untuniutntrng55886	0.03836304844511505	1064	1000
44	untuniutntrng55886	0.03836304844511505	1050	1000
45	untuniutntrng55886	0.03836304844511505	1095	1000
46	untuniutntrng55886	0.03836304844511505	1045	1000
47	untuniutntrng55886	0.03836304844511505	1106	1000
48	untuniutntrng55886	0.03836304844511505	1063	1000
49	untuniutntrng55886	0.03836304844511505	1036	1000
50	untuniutntrng55886	0.03836304844511505	1044	1000
51	untuniutntrng55886	0.03836304844511505	1088	1000
52	untuniutntrng55886	0.03836304844511505	1082	1000
53	untuniutntrng55886	0.03836304844511505	1104	1000
54	untuniutntrng55886	0.03836304844511505	1087	1000
55	untuniutntrng55886	0.03836304844511505	1090	1000
56	untuniutntrng55886	0.03836304844511505	1078	1000
57	untuniutntrng55886	0.03836304844511505	1053	1000
58	untuniutntrng55886	0.03836304844511505	1078	1000
59	untuniutntrng55886	0.03836304844511505	1041	1000
60	untuniutntrng55886	0.03836304844511505	1027	1000
61	untuniutntrng55886	0.03836304844511505	1094	1000
62	untuniutntrng55886	0.03836304844511505	1079	1000
63	untuniutntrng55886	0.03836304844511505	1079	1000
64	untuniutntrng55886	0.03836304844511505	1069	1000
65	untuniutntrng55886	0.03836304844511505	1058	1000
66	untuniutntrng55886	0.03836304844511505	1020	1000
67	untuniutntrng55886	0.03836304844511505	1077	1000
68	untuniutntrng55886	0.03836304844511505	1079	1000
69	untuniutntrng55886	0.03836304844511505	1131	1000
70	untuniutntrng55886	0.03836304844511505	1102	1000
71	untuniutntrng55886	0.03836304844511505	1027	1000
72	untuniutntrng55886	0.03836304844511505	1053	1000
73	untuniutntrng55886	0.03836304844511505	1004	1000
74	untuniutntrng55886	0.03836304844511505	1046	1000
75	untuniutntrng55886	0.03836304844511505	1043	1000
76	untuniutntrng55886	0.03836304844511505	1029	1000
77	untuniutntrng55886	0.03836304844511505	1033	1000
78	untuniutntrng55886	0.03836304844511505	1068	1000
79	untuniutntrng55886	0.03836304844511505	1084	1000
80	untuniutntrng55886	0.03836304844511505	1088	1000
81	untuniutntrng55886	0.03836304844511505	1125	1000
82	untuniutntrng55886	0.03836304844511505	1067	1000
83	untuniutntrng55886	0.03836304844511505	1092	1000
84	untuniutntrng55886	0.03836304844511505	1078	1000
85	untuniutntrng55886	0.03836304844511505	1041	1000
86	untuniutntrng55886	0.03836304844511505	1069	1000
87	untuniutntrng55886	0.03836304844511505	1057	1000
88	untuniutntrng55886	0.03836304844511505	1057	1000
89	untuniutntrng55886	0.03836304844511505	1083	1000
90	untuniutntrng55886	0.03836304844511505	1105	1000
91	untuniutntrng55886	0.03836304844511505	1058	1000
92	untuniutntrng55886	0.03836304844511505	1075	1000
93	untuniutntrng55886	0.03836304844511505	1117	1000
94	untuniutntrng55886	0.03836304844511505	1091	1000
95	untuniutntrng55886	0.03836304844511505	1110	1000
96	untuniutntrng55886	0.03836304844511505	1073	1000
97	untuniutntrng55886	0.03836304844511505	1071	1000
98	untuniutntrng55886	0.03836304844511505	1074	1000
99	untuniutntrng55886	0.03836304844511505	1058	1000
100	untuniutntrng55886	0.026220592017021246	2752	100
101	untuniutntrng55886	0.026220592017021246	2797	100
102	untuniutntrng55886	0.026220592017021246	2698	100
103	untuniutntrng55886	0.026220592017021246	2711	100
104	untuniutntrng55886	0.026220592017021246	2703	100
105	untuniutntrng55886	0.026220592017021246	2782	100
106	untuniutntrng55886	0.026220592017021246	2784	100
107	untuniutntrng55886	0.026220592017021246	2753	100
108	untuniutntrng55886	0.026220592017021246	2750	100
109	untuniutntrng55886	0.026220592017021246	2786	100
110	untuniutntrng55886	0.026220592017021246	2750	100
111	untuniutntrng55886	0.026220592017021246	2790	100
112	untuniutntrng55886	0.026220592017021246	2663	100
113	untuniutntrng55886	0.026220592017021246	2869	100
114	untuniutntrng55886	0.026220592017021246	2721	100
115	untuniutntrng55886	0.026220592017021246	2738	100
116	untuniutntrng55886	0.026220592017021246	2648	100
117	untuniutntrng55886	0.026220592017021246	2846	100
118	untuniutntrng55886	0.026220592017021246	2693	100
119	untuniutntrng55886	0.026220592017021246	2742	100
120	untuniutntrng55886	0.026220592017021246	2747	100
121	untuniutntrng55886	0.026220592017021246	2811	100
122	untuniutntrng55886	0.026220592017021246	2778	100
123	untuniutntrng55886	0.026220592017021246	2772	100
124	untuniutntrng55886	0.026220592017021246	2828	100
125	untuniutntrng55886	0.026220592017021246	2830	100
126	untuniutntrng55886	0.026220592017021246	2764	100
127	untuniutntrng55886	0.026220592017021246	2722	100
128	untuniutntrng55886	0.026220592017021246	2741	100
129	untuniutntrng55886	0.026220592017021246	2751	100
130	untuniutntrng55886	0.026220592017021246	2811	100
131	untuniutntrng55886	0.026220592017021246	2778	100
132	untuniutntrng55886	0.026220592017021246	2823	100
133	untuniutntrng55886	0.026220592017021246	2722	100
134	untuniutntrng55886	0.026220592017021246	2761	100
135	untuniutntrng55886	0.026220592017021246	2746	100
136	untuniutntrng55886	0.026220592017021246	2743	100
137	untuniutntrng55886	0.026220592017021246	2762	100
138	untuniutntrng55886	0.026220592017021246	2779	100
139	untuniutntrng55886	0.026220592017021246	2853	100
140	untuniutntrng55886	0.026220592017021246	2740	100
141	untuniutntrng55886	0.026220592017021246	2792	100
142	untuniutntrng55886	0.026220592017021246	2727	100
143	untuniutntrng55886	0.026220592017021246	2810	100
144	untuniutntrng55886	0.026220592017021246	2795	100
145	untuniutntrng55886	0.026220592017021246	2767	100
146	untuniutntrng55886	0.026220592017021246	2733	100
147	untuniutntrng55886	0.026220592017021246	2746	100
148	untuniutntrng55886	0.026220592017021246	2803	100
149	untuniutntrng55886	0.026220592017021246	2723	100
150	untuniutntrng55886	0.026220592017021246	2779	100
151	untuniutntrng55886	0.026220592017021246	2766	100
152	untuniutntrng55886	0.026220592017021246	2807	100
153	untuniutntrng55886	0.026220592017021246	2766	100
154	untuniutntrng55886	0.026220592017021246	2812	100
155	untuniutntrng55886	0.026220592017021246	2773	100
156	untuniutntrng55886	0.026220592017021246	2747	100
157	untuniutntrng55886	0.026220592017021246	2744	100
158	untuniutntrng55886	0.026220592017021246	2716	100
159	untuniutntrng55886	0.026220592017021246	2722	100
160	untuniutntrng55886	0.026220592017021246	2790	100
161	untuniutntrng55886	0.026220592017021246	2739	100
162	untuniutntrng55886	0.026220592017021246	2783	100
163	untuniutntrng55886	0.026220592017021246	2788	100
164	untuniutntrng55886	0.026220592017021246	2737	100
165	untuniutntrng55886	0.026220592017021246	2739	100
166	untuniutntrng55886	0.026220592017021246	2716	100
167	untuniutntrng55886	0.026220592017021246	2757	100
168	untuniutntrng55886	0.026220592017021246	2777	100
169	untuniutntrng55886	0.026220592017021246	2702	100
170	untuniutntrng55886	0.026220592017021246	2773	100
171	untuniutntrng55886	0.026220592017021246	2799	100
172	untuniutntrng55886	0.026220592017021246	2742	100
173	untuniutntrng55886	0.026220592017021246	2777	100
174	untuniutntrng55886	0.026220592017021246	2791	100
175	untuniutntrng55886	0.026220592017021246	2726	100
176	untuniutntrng55886	0.026220592017021246	2729	100
177	untuniutntrng55886	0.026220592017021246	2750	100
178	untuniutntrng55886	0.026220592017021246	2798	100
179	untuniutntrng55886	0.026220592017021246	2722	100
180	untuniutntrng55886	0.026220592017021246	2786	100
181	untuniutntrng55886	0.026220592017021246	2752	100
182	untuniutntrng55886	0.026220592017021246	2765	100
183	untuniutntrng55886	0.026220592017021246	2707	100
184	untuniutntrng55886	0.026220592017021246	2846	100
185	untuniutntrng55886	0.026220592017021246	2721	100
186	untuniutntrng55886	0.026220592017021246	2787	100
187	untuniutntrng55886	0.026220592017021246	2768	100
188	untuniutntrng55886	0.026220592017021246	2779	100
189	untuniutntrng55886	0.026220592017021246	2741	100
190	untuniutntrng55886	0.026220592017021246	2724	100
191	untuniutntrng55886	0.026220592017021246	2752	100
192	untuniutntrng55886	0.026220592017021246	2733	100
193	untuniutntrng55886	0.026220592017021246	2657	100
194	untuniutntrng55886	0.026220592017021246	2731	100
195	untuniutntrng55886	0.026220592017021246	2658	100
196	untuniutntrng55886	0.026220592017021246	2809	100
197	untuniutntrng55886	0.026220592017021246	2737	100
198	untuniutntrng55886	0.026220592017021246	2781	100
199	untuniutntrng55886	0.026220592017021246	2718	100
200	untuniutntrng55886	0.045968930891776484	579	2000
201	untuniutntrng55886	0.045968930891776484	612	2000
202	untuniutntrng55886	0.045968930891776484	533	2000
203	untuniutntrng55886	0.045968930891776484	592	2000
204	untuniutntrng55886	0.045968930891776484	567	2000
205	untuniutntrng55886	0.045968930891776484	580	2000
206	untuniutntrng55886	0.045968930891776484	580	2000
207	untuniutntrng55886	0.045968930891776484	577	2000
208	untuniutntrng55886	0.045968930891776484	577	2000
209	untuniutntrng55886	0.045968930891776484	607	2000
210	untuniutntrng55886	0.045968930891776484	613	2000
211	untuniutntrng55886	0.045968930891776484	624	2000
212	untuniutntrng55886	0.045968930891776484	637	2000
213	untuniutntrng55886	0.045968930891776484	610	2000
214	untuniutntrng55886	0.045968930891776484	610	2000
215	untuniutntrng55886	0.045968930891776484	604	2000
216	untuniutntrng55886	0.045968930891776484	561	2000
217	untuniutntrng55886	0.045968930891776484	606	2000
218	untuniutntrng55886	0.045968930891776484	559	2000
219	untuniutntrng55886	0.045968930891776484	584	2000
220	untuniutntrng55886	0.045968930891776484	611	2000
221	untuniutntrng55886	0.045968930891776484	577	2000
222	untuniutntrng55886	0.045968930891776484	571	2000
223	untuniutntrng55886	0.045968930891776484	609	2000
224	untuniutntrng55886	0.045968930891776484	597	2000
225	untuniutntrng55886	0.045968930891776484	588	2000
226	untuniutntrng55886	0.045968930891776484	590	2000
227	untuniutntrng55886	0.045968930891776484	608	2000
228	untuniutntrng55886	0.045968930891776484	617	2000
229	untuniutntrng55886	0.045968930891776484	580	2000
230	untuniutntrng55886	0.045968930891776484	586	2000
231	untuniutntrng55886	0.045968930891776484	569	2000
232	untuniutntrng55886	0.045968930891776484	602	2000
233	untuniutntrng55886	0.045968930891776484	584	2000
234	untuniutntrng55886	0.045968930891776484	597	2000
235	untuniutntrng55886	0.045968930891776484	597	2000
236	untuniutntrng55886	0.045968930891776484	603	2000
237	untuniutntrng55886	0.045968930891776484	560	2000
238	untuniutntrng55886	0.045968930891776484	609	2000
239	untuniutntrng55886	0.045968930891776484	566	2000
240	untuniutntrng55886	0.045968930891776484	571	2000
241	untuniutntrng55886	0.045968930891776484	563	2000
242	untuniutntrng55886	0.045968930891776484	625	2000
243	untuniutntrng55886	0.045968930891776484	595	2000
244	untuniutntrng55886	0.045968930891776484	624	2000
245	untuniutntrng55886	0.045968930891776484	582	2000
246	untuniutntrng55886	0.045968930891776484	641	2000
247	untuniutntrng55886	0.045968930891776484	673	2000
248	untuniutntrng55886	0.045968930891776484	585	2000
249	untuniutntrng55886	0.045968930891776484	579	2000
250	untuniutntrng55886	0.045968930891776484	618	2000
251	untuniutntrng55886	0.045968930891776484	608	2000
252	untuniutntrng55886	0.045968930891776484	599	2000
253	untuniutntrng55886	0.045968930891776484	565	2000
254	untuniutntrng55886	0.045968930891776484	579	2000
255	untuniutntrng55886	0.045968930891776484	563	2000
256	untuniutntrng55886	0.045968930891776484	585	2000
257	untuniutntrng55886	0.045968930891776484	603	2000
258	untuniutntrng55886	0.045968930891776484	591	2000
259	untuniutntrng55886	0.045968930891776484	653	2000
260	untuniutntrng55886	0.045968930891776484	604	2000
261	untuniutntrng55886	0.045968930891776484	587	2000
262	untuniutntrng55886	0.045968930891776484	612	2000
263	untuniutntrng55886	0.045968930891776484	582	2000
264	untuniutntrng55886	0.045968930891776484	548	2000
265	untuniutntrng55886	0.045968930891776484	618	2000
266	untuniutntrng55886	0.045968930891776484	603	2000
267	untuniutntrng55886	0.045968930891776484	542	2000
268	untuniutntrng55886	0.045968930891776484	580	2000
269	untuniutntrng55886	0.045968930891776484	576	2000
270	untuniutntrng55886	0.045968930891776484	595	2000
271	untuniutntrng55886	0.045968930891776484	588	2000
272	untuniutntrng55886	0.045968930891776484	600	2000
273	untuniutntrng55886	0.045968930891776484	587	2000
274	untuniutntrng55886	0.045968930891776484	586	2000
275	untuniutntrng55886	0.045968930891776484	583	2000
276	untuniutntrng55886	0.045968930891776484	640	2000
277	untuniutntrng55886	0.045968930891776484	578	2000
278	untuniutntrng55886	0.045968930891776484	602	2000
279	untuniutntrng55886	0.045968930891776484	612	2000
280	untuniutntrng55886	0.045968930891776484	631	2000
281	untuniutntrng55886	0.045968930891776484	612	2000
282	untuniutntrng55886	0.045968930891776484	610	2000
283	untuniutntrng55886	0.045968930891776484	588	2000
284	untuniutntrng55886	0.045968930891776484	603	2000
285	untuniutntrng55886	0.045968930891776484	591	2000
286	untuniutntrng55886	0.045968930891776484	610	2000
287	untuniutntrng55886	0.045968930891776484	558	2000
288	untuniutntrng55886	0.045968930891776484	587	2000
289	untuniutntrng55886	0.045968930891776484	585	2000
290	untuniutntrng55886	0.045968930891776484	607	2000
291	untuniutntrng55886	0.045968930891776484	599	2000
292	untuniutntrng55886	0.045968930891776484	593	2000
293	untuniutntrng55886	0.045968930891776484	609	2000
294	untuniutntrng55886	0.045968930891776484	568	2000
295	untuniutntrng55886	0.045968930891776484	637	2000
296	untuniutntrng55886	0.045968930891776484	600	2000
297	untuniutntrng55886	0.045968930891776484	590	2000
298	untuniutntrng55886	0.045968930891776484	569	2000
299	untuniutntrng55886	0.045968930891776484	562	2000
300	untuniutntrng55886	0.02933881039065195	2162	200
301	untuniutntrng55886	0.02933881039065195	2150	200
302	untuniutntrng55886	0.02933881039065195	2160	200
303	untuniutntrng55886	0.02933881039065195	2183	200
304	untuniutntrng55886	0.02933881039065195	2157	200
305	untuniutntrng55886	0.02933881039065195	2181	200
306	untuniutntrng55886	0.02933881039065195	2171	200
307	untuniutntrng55886	0.02933881039065195	2152	200
308	untuniutntrng55886	0.02933881039065195	2190	200
309	untuniutntrng55886	0.02933881039065195	2170	200
310	untuniutntrng55886	0.02933881039065195	2131	200
311	untuniutntrng55886	0.02933881039065195	2190	200
312	untuniutntrng55886	0.02933881039065195	2134	200
313	untuniutntrng55886	0.02933881039065195	2161	200
314	untuniutntrng55886	0.02933881039065195	2215	200
315	untuniutntrng55886	0.02933881039065195	2127	200
316	untuniutntrng55886	0.02933881039065195	2084	200
317	untuniutntrng55886	0.02933881039065195	2185	200
318	untuniutntrng55886	0.02933881039065195	2231	200
319	untuniutntrng55886	0.02933881039065195	2155	200
320	untuniutntrng55886	0.02933881039065195	2195	200
321	untuniutntrng55886	0.02933881039065195	2166	200
322	untuniutntrng55886	0.02933881039065195	2077	200
323	untuniutntrng55886	0.02933881039065195	2127	200
324	untuniutntrng55886	0.02933881039065195	2147	200
325	untuniutntrng55886	0.02933881039065195	2181	200
326	untuniutntrng55886	0.02933881039065195	2112	200
327	untuniutntrng55886	0.02933881039065195	2116	200
328	untuniutntrng55886	0.02933881039065195	2182	200
329	untuniutntrng55886	0.02933881039065195	2123	200
330	untuniutntrng55886	0.02933881039065195	2192	200
331	untuniutntrng55886	0.02933881039065195	2123	200
332	untuniutntrng55886	0.02933881039065195	2081	200
333	untuniutntrng55886	0.02933881039065195	2130	200
334	untuniutntrng55886	0.02933881039065195	2115	200
335	untuniutntrng55886	0.02933881039065195	2144	200
336	untuniutntrng55886	0.02933881039065195	2187	200
337	untuniutntrng55886	0.02933881039065195	2130	200
338	untuniutntrng55886	0.02933881039065195	2149	200
339	untuniutntrng55886	0.02933881039065195	2100	200
340	untuniutntrng55886	0.02933881039065195	2123	200
341	untuniutntrng55886	0.02933881039065195	2190	200
342	untuniutntrng55886	0.02933881039065195	2110	200
343	untuniutntrng55886	0.02933881039065195	2157	200
344	untuniutntrng55886	0.02933881039065195	2167	200
345	untuniutntrng55886	0.02933881039065195	2223	200
346	untuniutntrng55886	0.02933881039065195	2133	200
347	untuniutntrng55886	0.02933881039065195	2079	200
348	untuniutntrng55886	0.02933881039065195	2177	200
349	untuniutntrng55886	0.02933881039065195	2151	200
350	untuniutntrng55886	0.02933881039065195	2188	200
351	untuniutntrng55886	0.02933881039065195	2187	200
352	untuniutntrng55886	0.02933881039065195	2134	200
353	untuniutntrng55886	0.02933881039065195	2157	200
354	untuniutntrng55886	0.02933881039065195	2112	200
355	untuniutntrng55886	0.02933881039065195	2145	200
356	untuniutntrng55886	0.02933881039065195	2158	200
357	untuniutntrng55886	0.02933881039065195	2183	200
358	untuniutntrng55886	0.02933881039065195	2185	200
359	untuniutntrng55886	0.02933881039065195	2188	200
360	untuniutntrng55886	0.02933881039065195	2178	200
361	untuniutntrng55886	0.02933881039065195	2115	200
362	untuniutntrng55886	0.02933881039065195	2198	200
363	untuniutntrng55886	0.02933881039065195	2145	200
364	untuniutntrng55886	0.02933881039065195	2138	200
365	untuniutntrng55886	0.02933881039065195	2193	200
366	untuniutntrng55886	0.02933881039065195	2136	200
367	untuniutntrng55886	0.02933881039065195	2107	200
368	untuniutntrng55886	0.02933881039065195	2112	200
369	untuniutntrng55886	0.02933881039065195	2154	200
370	untuniutntrng55886	0.02933881039065195	2144	200
371	untuniutntrng55886	0.02933881039065195	2159	200
372	untuniutntrng55886	0.02933881039065195	2100	200
373	untuniutntrng55886	0.02933881039065195	2185	200
374	untuniutntrng55886	0.02933881039065195	2100	200
375	untuniutntrng55886	0.02933881039065195	2132	200
376	untuniutntrng55886	0.02933881039065195	2183	200
377	untuniutntrng55886	0.02933881039065195	2116	200
378	untuniutntrng55886	0.02933881039065195	2143	200
379	untuniutntrng55886	0.02933881039065195	2128	200
380	untuniutntrng55886	0.02933881039065195	2121	200
381	untuniutntrng55886	0.02933881039065195	2154	200
382	untuniutntrng55886	0.02933881039065195	2115	200
383	untuniutntrng55886	0.02933881039065195	2172	200
384	untuniutntrng55886	0.02933881039065195	2112	200
385	untuniutntrng55886	0.02933881039065195	2120	200
386	untuniutntrng55886	0.02933881039065195	2210	200
387	untuniutntrng55886	0.02933881039065195	2107	200
388	untuniutntrng55886	0.02933881039065195	2145	200
389	untuniutntrng55886	0.02933881039065195	2156	200
390	untuniutntrng55886	0.02933881039065195	2142	200
391	untuniutntrng55886	0.02933881039065195	2157	200
392	untuniutntrng55886	0.02933881039065195	2128	200
393	untuniutntrng55886	0.02933881039065195	2199	200
394	untuniutntrng55886	0.02933881039065195	2121	200
395	untuniutntrng55886	0.02933881039065195	2148	200
396	untuniutntrng55886	0.02933881039065195	2207	200
397	untuniutntrng55886	0.02933881039065195	2072	200
398	untuniutntrng55886	0.02933881039065195	2163	200
399	untuniutntrng55886	0.02933881039065195	2217	200
400	untuniutntrng55886	0.018935736855976472	5009	20
401	untuniutntrng55886	0.018935736855976472	5098	20
402	untuniutntrng55886	0.018935736855976472	5124	20
403	untuniutntrng55886	0.018935736855976472	5121	20
404	untuniutntrng55886	0.018935736855976472	5174	20
405	untuniutntrng55886	0.018935736855976472	5075	20
406	untuniutntrng55886	0.018935736855976472	5095	20
407	untuniutntrng55886	0.018935736855976472	4986	20
408	untuniutntrng55886	0.018935736855976472	5043	20
409	untuniutntrng55886	0.018935736855976472	5035	20
410	untuniutntrng55886	0.018935736855976472	5075	20
411	untuniutntrng55886	0.018935736855976472	5035	20
412	untuniutntrng55886	0.018935736855976472	5018	20
413	untuniutntrng55886	0.018935736855976472	5097	20
414	untuniutntrng55886	0.018935736855976472	5050	20
415	untuniutntrng55886	0.018935736855976472	5019	20
416	untuniutntrng55886	0.018935736855976472	4983	20
417	untuniutntrng55886	0.018935736855976472	5179	20
418	untuniutntrng55886	0.018935736855976472	5048	20
419	untuniutntrng55886	0.018935736855976472	5014	20
420	untuniutntrng55886	0.018935736855976472	5144	20
421	untuniutntrng55886	0.018935736855976472	5094	20
422	untuniutntrng55886	0.018935736855976472	5158	20
423	untuniutntrng55886	0.018935736855976472	5129	20
424	untuniutntrng55886	0.018935736855976472	5037	20
425	untuniutntrng55886	0.018935736855976472	5103	20
426	untuniutntrng55886	0.018935736855976472	5098	20
427	untuniutntrng55886	0.018935736855976472	5068	20
428	untuniutntrng55886	0.018935736855976472	5062	20
429	untuniutntrng55886	0.018935736855976472	5098	20
430	untuniutntrng55886	0.018935736855976472	5040	20
431	untuniutntrng55886	0.018935736855976472	5116	20
432	untuniutntrng55886	0.018935736855976472	5076	20
433	untuniutntrng55886	0.018935736855976472	5120	20
434	untuniutntrng55886	0.018935736855976472	5057	20
435	untuniutntrng55886	0.018935736855976472	5066	20
436	untuniutntrng55886	0.018935736855976472	5027	20
437	untuniutntrng55886	0.018935736855976472	5068	20
438	untuniutntrng55886	0.018935736855976472	5070	20
439	untuniutntrng55886	0.018935736855976472	5102	20
440	untuniutntrng55886	0.018935736855976472	5149	20
441	untuniutntrng55886	0.018935736855976472	5150	20
442	untuniutntrng55886	0.018935736855976472	5025	20
443	untuniutntrng55886	0.018935736855976472	5099	20
444	untuniutntrng55886	0.018935736855976472	5135	20
445	untuniutntrng55886	0.018935736855976472	5093	20
446	untuniutntrng55886	0.018935736855976472	4962	20
447	untuniutntrng55886	0.018935736855976472	5048	20
448	untuniutntrng55886	0.018935736855976472	5097	20
449	untuniutntrng55886	0.018935736855976472	5146	20
450	untuniutntrng55886	0.018935736855976472	5208	20
451	untuniutntrng55886	0.018935736855976472	5115	20
452	untuniutntrng55886	0.018935736855976472	5095	20
453	untuniutntrng55886	0.018935736855976472	5104	20
454	untuniutntrng55886	0.018935736855976472	5051	20
455	untuniutntrng55886	0.018935736855976472	5036	20
456	untuniutntrng55886	0.018935736855976472	5129	20
457	untuniutntrng55886	0.018935736855976472	5109	20
458	untuniutntrng55886	0.018935736855976472	5087	20
459	untuniutntrng55886	0.018935736855976472	5093	20
460	untuniutntrng55886	0.018935736855976472	5028	20
461	untuniutntrng55886	0.018935736855976472	5096	20
462	untuniutntrng55886	0.018935736855976472	5113	20
463	untuniutntrng55886	0.018935736855976472	5126	20
464	untuniutntrng55886	0.018935736855976472	5111	20
465	untuniutntrng55886	0.018935736855976472	5123	20
466	untuniutntrng55886	0.018935736855976472	5021	20
467	untuniutntrng55886	0.018935736855976472	5109	20
468	untuniutntrng55886	0.018935736855976472	5083	20
469	untuniutntrng55886	0.018935736855976472	5030	20
470	untuniutntrng55886	0.018935736855976472	5180	20
471	untuniutntrng55886	0.018935736855976472	5069	20
472	untuniutntrng55886	0.018935736855976472	5049	20
473	untuniutntrng55886	0.018935736855976472	5140	20
474	untuniutntrng55886	0.018935736855976472	5070	20
475	untuniutntrng55886	0.018935736855976472	5074	20
476	untuniutntrng55886	0.018935736855976472	5070	20
477	untuniutntrng55886	0.018935736855976472	5125	20
478	untuniutntrng55886	0.018935736855976472	5076	20
479	untuniutntrng55886	0.018935736855976472	5080	20
480	untuniutntrng55886	0.018935736855976472	5065	20
481	untuniutntrng55886	0.018935736855976472	5161	20
482	untuniutntrng55886	0.018935736855976472	5058	20
483	untuniutntrng55886	0.018935736855976472	5125	20
484	untuniutntrng55886	0.018935736855976472	5076	20
485	untuniutntrng55886	0.018935736855976472	5124	20
486	untuniutntrng55886	0.018935736855976472	5057	20
487	untuniutntrng55886	0.018935736855976472	5033	20
488	untuniutntrng55886	0.018935736855976472	5180	20
489	untuniutntrng55886	0.018935736855976472	5076	20
490	untuniutntrng55886	0.018935736855976472	5061	20
491	untuniutntrng55886	0.018935736855976472	5162	20
492	untuniutntrng55886	0.018935736855976472	5107	20
493	untuniutntrng55886	0.018935736855976472	5026	20
494	untuniutntrng55886	0.018935736855976472	5118	20
495	untuniutntrng55886	0.018935736855976472	5100	20
496	untuniutntrng55886	0.018935736855976472	5177	20
497	untuniutntrng55886	0.018935736855976472	5056	20
498	untuniutntrng55886	0.018935736855976472	5089	20
499	untuniutntrng55886	0.018935736855976472	5098	20
500	untuniutntrng55886	0.03126243022747381	1849	300
501	untuniutntrng55886	0.03126243022747381	1904	300
502	untuniutntrng55886	0.03126243022747381	1901	300
503	untuniutntrng55886	0.03126243022747381	1873	300
504	untuniutntrng55886	0.03126243022747381	1895	300
505	untuniutntrng55886	0.03126243022747381	1853	300
506	untuniutntrng55886	0.03126243022747381	1848	300
507	untuniutntrng55886	0.03126243022747381	1871	300
508	untuniutntrng55886	0.03126243022747381	1873	300
509	untuniutntrng55886	0.03126243022747381	1858	300
510	untuniutntrng55886	0.03126243022747381	1873	300
511	untuniutntrng55886	0.03126243022747381	1834	300
512	untuniutntrng55886	0.03126243022747381	1774	300
513	untuniutntrng55886	0.03126243022747381	1858	300
514	untuniutntrng55886	0.03126243022747381	1839	300
515	untuniutntrng55886	0.03126243022747381	1821	300
516	untuniutntrng55886	0.03126243022747381	1824	300
517	untuniutntrng55886	0.03126243022747381	1864	300
518	untuniutntrng55886	0.03126243022747381	1852	300
519	untuniutntrng55886	0.03126243022747381	1913	300
520	untuniutntrng55886	0.03126243022747381	1833	300
521	untuniutntrng55886	0.03126243022747381	1816	300
522	untuniutntrng55886	0.03126243022747381	1808	300
523	untuniutntrng55886	0.03126243022747381	1823	300
524	untuniutntrng55886	0.03126243022747381	1884	300
525	untuniutntrng55886	0.03126243022747381	1895	300
526	untuniutntrng55886	0.03126243022747381	1838	300
527	untuniutntrng55886	0.03126243022747381	1830	300
528	untuniutntrng55886	0.03126243022747381	1874	300
529	untuniutntrng55886	0.03126243022747381	1909	300
530	untuniutntrng55886	0.03126243022747381	1814	300
531	untuniutntrng55886	0.03126243022747381	1833	300
532	untuniutntrng55886	0.03126243022747381	1878	300
533	untuniutntrng55886	0.03126243022747381	1811	300
534	untuniutntrng55886	0.03126243022747381	1814	300
535	untuniutntrng55886	0.03126243022747381	1860	300
536	untuniutntrng55886	0.03126243022747381	1823	300
537	untuniutntrng55886	0.03126243022747381	1798	300
538	untuniutntrng55886	0.03126243022747381	1841	300
539	untuniutntrng55886	0.03126243022747381	1835	300
540	untuniutntrng55886	0.03126243022747381	1835	300
541	untuniutntrng55886	0.03126243022747381	1765	300
542	untuniutntrng55886	0.03126243022747381	1909	300
543	untuniutntrng55886	0.03126243022747381	1789	300
544	untuniutntrng55886	0.03126243022747381	1827	300
545	untuniutntrng55886	0.03126243022747381	1801	300
546	untuniutntrng55886	0.03126243022747381	1857	300
547	untuniutntrng55886	0.03126243022747381	1901	300
548	untuniutntrng55886	0.03126243022747381	1856	300
549	untuniutntrng55886	0.03126243022747381	1859	300
550	untuniutntrng55886	0.03126243022747381	1898	300
551	untuniutntrng55886	0.03126243022747381	1861	300
552	untuniutntrng55886	0.03126243022747381	1875	300
553	untuniutntrng55886	0.03126243022747381	1882	300
554	untuniutntrng55886	0.03126243022747381	1882	300
555	untuniutntrng55886	0.03126243022747381	1871	300
556	untuniutntrng55886	0.03126243022747381	1873	300
557	untuniutntrng55886	0.03126243022747381	1899	300
558	untuniutntrng55886	0.03126243022747381	1831	300
559	untuniutntrng55886	0.03126243022747381	1913	300
560	untuniutntrng55886	0.03126243022747381	1836	300
561	untuniutntrng55886	0.03126243022747381	1887	300
562	untuniutntrng55886	0.03126243022747381	1887	300
563	untuniutntrng55886	0.03126243022747381	1897	300
564	untuniutntrng55886	0.03126243022747381	1750	300
565	untuniutntrng55886	0.03126243022747381	1817	300
566	untuniutntrng55886	0.03126243022747381	1854	300
567	untuniutntrng55886	0.03126243022747381	1861	300
568	untuniutntrng55886	0.03126243022747381	1879	300
569	untuniutntrng55886	0.03126243022747381	1919	300
570	untuniutntrng55886	0.03126243022747381	1827	300
571	untuniutntrng55886	0.03126243022747381	1836	300
572	untuniutntrng55886	0.03126243022747381	1884	300
573	untuniutntrng55886	0.03126243022747381	1915	300
574	untuniutntrng55886	0.03126243022747381	1878	300
575	untuniutntrng55886	0.03126243022747381	1873	300
576	untuniutntrng55886	0.03126243022747381	1864	300
577	untuniutntrng55886	0.03126243022747381	1869	300
578	untuniutntrng55886	0.03126243022747381	1906	300
579	untuniutntrng55886	0.03126243022747381	1826	300
580	untuniutntrng55886	0.03126243022747381	1895	300
581	untuniutntrng55886	0.03126243022747381	1904	300
582	untuniutntrng55886	0.03126243022747381	1910	300
583	untuniutntrng55886	0.03126243022747381	1790	300
584	untuniutntrng55886	0.03126243022747381	1801	300
585	untuniutntrng55886	0.03126243022747381	1820	300
586	untuniutntrng55886	0.03126243022747381	1875	300
587	untuniutntrng55886	0.03126243022747381	1915	300
588	untuniutntrng55886	0.03126243022747381	1879	300
589	untuniutntrng55886	0.03126243022747381	1898	300
590	untuniutntrng55886	0.03126243022747381	1871	300
591	untuniutntrng55886	0.03126243022747381	1875	300
592	untuniutntrng55886	0.03126243022747381	1870	300
593	untuniutntrng55886	0.03126243022747381	1852	300
594	untuniutntrng55886	0.03126243022747381	1798	300
595	untuniutntrng55886	0.03126243022747381	1882	300
596	untuniutntrng55886	0.03126243022747381	1817	300
597	untuniutntrng55886	0.03126243022747381	1771	300
598	untuniutntrng55886	0.03126243022747381	1822	300
599	untuniutntrng55886	0.03126243022747381	1875	300
600	untuniutntrng55886	0.020767560659391227	4336	30
601	untuniutntrng55886	0.020767560659391227	4420	30
602	untuniutntrng55886	0.020767560659391227	4338	30
603	untuniutntrng55886	0.020767560659391227	4456	30
604	untuniutntrng55886	0.020767560659391227	4388	30
605	untuniutntrng55886	0.020767560659391227	4427	30
606	untuniutntrng55886	0.020767560659391227	4356	30
607	untuniutntrng55886	0.020767560659391227	4403	30
608	untuniutntrng55886	0.020767560659391227	4420	30
609	untuniutntrng55886	0.020767560659391227	4352	30
610	untuniutntrng55886	0.020767560659391227	4387	30
611	untuniutntrng55886	0.020767560659391227	4415	30
612	untuniutntrng55886	0.020767560659391227	4450	30
613	untuniutntrng55886	0.020767560659391227	4384	30
614	untuniutntrng55886	0.020767560659391227	4383	30
615	untuniutntrng55886	0.020767560659391227	4317	30
616	untuniutntrng55886	0.020767560659391227	4370	30
617	untuniutntrng55886	0.020767560659391227	4353	30
618	untuniutntrng55886	0.020767560659391227	4370	30
619	untuniutntrng55886	0.020767560659391227	4424	30
620	untuniutntrng55886	0.020767560659391227	4371	30
621	untuniutntrng55886	0.020767560659391227	4281	30
622	untuniutntrng55886	0.020767560659391227	4419	30
623	untuniutntrng55886	0.020767560659391227	4369	30
624	untuniutntrng55886	0.020767560659391227	4422	30
625	untuniutntrng55886	0.020767560659391227	4303	30
626	untuniutntrng55886	0.020767560659391227	4316	30
627	untuniutntrng55886	0.020767560659391227	4384	30
628	untuniutntrng55886	0.020767560659391227	4343	30
629	untuniutntrng55886	0.020767560659391227	4440	30
630	untuniutntrng55886	0.020767560659391227	4416	30
631	untuniutntrng55886	0.020767560659391227	4282	30
632	untuniutntrng55886	0.020767560659391227	4426	30
633	untuniutntrng55886	0.020767560659391227	4340	30
634	untuniutntrng55886	0.020767560659391227	4406	30
635	untuniutntrng55886	0.020767560659391227	4363	30
636	untuniutntrng55886	0.020767560659391227	4397	30
637	untuniutntrng55886	0.020767560659391227	4339	30
638	untuniutntrng55886	0.020767560659391227	4387	30
639	untuniutntrng55886	0.020767560659391227	4318	30
640	untuniutntrng55886	0.020767560659391227	4372	30
641	untuniutntrng55886	0.020767560659391227	4377	30
642	untuniutntrng55886	0.020767560659391227	4369	30
643	untuniutntrng55886	0.020767560659391227	4372	30
644	untuniutntrng55886	0.020767560659391227	4354	30
645	untuniutntrng55886	0.020767560659391227	4310	30
646	untuniutntrng55886	0.020767560659391227	4387	30
647	untuniutntrng55886	0.020767560659391227	4354	30
648	untuniutntrng55886	0.020767560659391227	4434	30
649	untuniutntrng55886	0.020767560659391227	4363	30
650	untuniutntrng55886	0.020767560659391227	4352	30
651	untuniutntrng55886	0.020767560659391227	4360	30
652	untuniutntrng55886	0.020767560659391227	4412	30
653	untuniutntrng55886	0.020767560659391227	4377	30
654	untuniutntrng55886	0.020767560659391227	4422	30
655	untuniutntrng55886	0.020767560659391227	4324	30
656	untuniutntrng55886	0.020767560659391227	4386	30
657	untuniutntrng55886	0.020767560659391227	4354	30
658	untuniutntrng55886	0.020767560659391227	4353	30
659	untuniutntrng55886	0.020767560659391227	4358	30
660	untuniutntrng55886	0.020767560659391227	4236	30
661	untuniutntrng55886	0.020767560659391227	4372	30
662	untuniutntrng55886	0.020767560659391227	4391	30
663	untuniutntrng55886	0.020767560659391227	4309	30
664	untuniutntrng55886	0.020767560659391227	4304	30
665	untuniutntrng55886	0.020767560659391227	4300	30
666	untuniutntrng55886	0.020767560659391227	4383	30
667	untuniutntrng55886	0.020767560659391227	4328	30
668	untuniutntrng55886	0.020767560659391227	4412	30
669	untuniutntrng55886	0.020767560659391227	4381	30
670	untuniutntrng55886	0.020767560659391227	4350	30
671	untuniutntrng55886	0.020767560659391227	4447	30
672	untuniutntrng55886	0.020767560659391227	4316	30
673	untuniutntrng55886	0.020767560659391227	4310	30
674	untuniutntrng55886	0.020767560659391227	4373	30
675	untuniutntrng55886	0.020767560659391227	4490	30
676	untuniutntrng55886	0.020767560659391227	4378	30
677	untuniutntrng55886	0.020767560659391227	4391	30
678	untuniutntrng55886	0.020767560659391227	4475	30
679	untuniutntrng55886	0.020767560659391227	4398	30
680	untuniutntrng55886	0.020767560659391227	4396	30
681	untuniutntrng55886	0.020767560659391227	4471	30
682	untuniutntrng55886	0.020767560659391227	4358	30
683	untuniutntrng55886	0.020767560659391227	4389	30
684	untuniutntrng55886	0.020767560659391227	4435	30
685	untuniutntrng55886	0.020767560659391227	4397	30
686	untuniutntrng55886	0.020767560659391227	4370	30
687	untuniutntrng55886	0.020767560659391227	4355	30
688	untuniutntrng55886	0.020767560659391227	4469	30
689	untuniutntrng55886	0.020767560659391227	4392	30
690	untuniutntrng55886	0.020767560659391227	4368	30
691	untuniutntrng55886	0.020767560659391227	4366	30
692	untuniutntrng55886	0.020767560659391227	4393	30
693	untuniutntrng55886	0.020767560659391227	4276	30
694	untuniutntrng55886	0.020767560659391227	4295	30
695	untuniutntrng55886	0.020767560659391227	4417	30
696	untuniutntrng55886	0.020767560659391227	4355	30
697	untuniutntrng55886	0.020767560659391227	4372	30
698	untuniutntrng55886	0.020767560659391227	4370	30
699	untuniutntrng55886	0.020767560659391227	4343	30
700	untuniutntrng55886	0.032696499408475264	1640	400
701	untuniutntrng55886	0.032696499408475264	1643	400
702	untuniutntrng55886	0.032696499408475264	1655	400
703	untuniutntrng55886	0.032696499408475264	1653	400
704	untuniutntrng55886	0.032696499408475264	1633	400
705	untuniutntrng55886	0.032696499408475264	1653	400
706	untuniutntrng55886	0.032696499408475264	1634	400
707	untuniutntrng55886	0.032696499408475264	1667	400
708	untuniutntrng55886	0.032696499408475264	1674	400
709	untuniutntrng55886	0.032696499408475264	1670	400
710	untuniutntrng55886	0.032696499408475264	1654	400
711	untuniutntrng55886	0.032696499408475264	1671	400
712	untuniutntrng55886	0.032696499408475264	1669	400
713	untuniutntrng55886	0.032696499408475264	1735	400
714	untuniutntrng55886	0.032696499408475264	1683	400
715	untuniutntrng55886	0.032696499408475264	1625	400
716	untuniutntrng55886	0.032696499408475264	1650	400
717	untuniutntrng55886	0.032696499408475264	1630	400
718	untuniutntrng55886	0.032696499408475264	1630	400
719	untuniutntrng55886	0.032696499408475264	1701	400
720	untuniutntrng55886	0.032696499408475264	1682	400
721	untuniutntrng55886	0.032696499408475264	1646	400
722	untuniutntrng55886	0.032696499408475264	1654	400
723	untuniutntrng55886	0.032696499408475264	1677	400
724	untuniutntrng55886	0.032696499408475264	1677	400
725	untuniutntrng55886	0.032696499408475264	1635	400
726	untuniutntrng55886	0.032696499408475264	1598	400
727	untuniutntrng55886	0.032696499408475264	1662	400
728	untuniutntrng55886	0.032696499408475264	1648	400
729	untuniutntrng55886	0.032696499408475264	1661	400
730	untuniutntrng55886	0.032696499408475264	1698	400
731	untuniutntrng55886	0.032696499408475264	1622	400
732	untuniutntrng55886	0.032696499408475264	1641	400
733	untuniutntrng55886	0.032696499408475264	1658	400
734	untuniutntrng55886	0.032696499408475264	1686	400
735	untuniutntrng55886	0.032696499408475264	1609	400
736	untuniutntrng55886	0.032696499408475264	1689	400
737	untuniutntrng55886	0.032696499408475264	1671	400
738	untuniutntrng55886	0.032696499408475264	1700	400
739	untuniutntrng55886	0.032696499408475264	1712	400
740	untuniutntrng55886	0.032696499408475264	1554	400
741	untuniutntrng55886	0.032696499408475264	1649	400
742	untuniutntrng55886	0.032696499408475264	1626	400
743	untuniutntrng55886	0.032696499408475264	1681	400
744	untuniutntrng55886	0.032696499408475264	1629	400
745	untuniutntrng55886	0.032696499408475264	1690	400
746	untuniutntrng55886	0.032696499408475264	1617	400
747	untuniutntrng55886	0.032696499408475264	1635	400
748	untuniutntrng55886	0.032696499408475264	1664	400
749	untuniutntrng55886	0.032696499408475264	1666	400
750	untuniutntrng55886	0.032696499408475264	1662	400
751	untuniutntrng55886	0.032696499408475264	1692	400
752	untuniutntrng55886	0.032696499408475264	1678	400
753	untuniutntrng55886	0.032696499408475264	1617	400
754	untuniutntrng55886	0.032696499408475264	1625	400
755	untuniutntrng55886	0.032696499408475264	1613	400
756	untuniutntrng55886	0.032696499408475264	1652	400
757	untuniutntrng55886	0.032696499408475264	1651	400
758	untuniutntrng55886	0.032696499408475264	1659	400
759	untuniutntrng55886	0.032696499408475264	1635	400
760	untuniutntrng55886	0.032696499408475264	1628	400
761	untuniutntrng55886	0.032696499408475264	1657	400
762	untuniutntrng55886	0.032696499408475264	1553	400
763	untuniutntrng55886	0.032696499408475264	1695	400
764	untuniutntrng55886	0.032696499408475264	1612	400
765	untuniutntrng55886	0.032696499408475264	1678	400
766	untuniutntrng55886	0.032696499408475264	1683	400
767	untuniutntrng55886	0.032696499408475264	1689	400
768	untuniutntrng55886	0.032696499408475264	1662	400
769	untuniutntrng55886	0.032696499408475264	1671	400
770	untuniutntrng55886	0.032696499408475264	1743	400
771	untuniutntrng55886	0.032696499408475264	1640	400
772	untuniutntrng55886	0.032696499408475264	1717	400
773	untuniutntrng55886	0.032696499408475264	1709	400
774	untuniutntrng55886	0.032696499408475264	1674	400
775	untuniutntrng55886	0.032696499408475264	1637	400
776	untuniutntrng55886	0.032696499408475264	1630	400
777	untuniutntrng55886	0.032696499408475264	1663	400
778	untuniutntrng55886	0.032696499408475264	1618	400
779	untuniutntrng55886	0.032696499408475264	1678	400
780	untuniutntrng55886	0.032696499408475264	1668	400
781	untuniutntrng55886	0.032696499408475264	1681	400
782	untuniutntrng55886	0.032696499408475264	1693	400
783	untuniutntrng55886	0.032696499408475264	1665	400
784	untuniutntrng55886	0.032696499408475264	1666	400
785	untuniutntrng55886	0.032696499408475264	1620	400
786	untuniutntrng55886	0.032696499408475264	1680	400
787	untuniutntrng55886	0.032696499408475264	1671	400
788	untuniutntrng55886	0.032696499408475264	1615	400
789	untuniutntrng55886	0.032696499408475264	1672	400
790	untuniutntrng55886	0.032696499408475264	1688	400
791	untuniutntrng55886	0.032696499408475264	1692	400
792	untuniutntrng55886	0.032696499408475264	1612	400
793	untuniutntrng55886	0.032696499408475264	1566	400
794	untuniutntrng55886	0.032696499408475264	1691	400
795	untuniutntrng55886	0.032696499408475264	1658	400
796	untuniutntrng55886	0.032696499408475264	1663	400
797	untuniutntrng55886	0.032696499408475264	1642	400
798	untuniutntrng55886	0.032696499408475264	1668	400
799	untuniutntrng55886	0.032696499408475264	1620	400
800	untuniutntrng55886	0.02207289096372022	3832	40
801	untuniutntrng55886	0.02207289096372022	3891	40
802	untuniutntrng55886	0.02207289096372022	3750	40
803	untuniutntrng55886	0.02207289096372022	3864	40
804	untuniutntrng55886	0.02207289096372022	3962	40
805	untuniutntrng55886	0.02207289096372022	3814	40
806	untuniutntrng55886	0.02207289096372022	3758	40
807	untuniutntrng55886	0.02207289096372022	3841	40
808	untuniutntrng55886	0.02207289096372022	3852	40
809	untuniutntrng55886	0.02207289096372022	3894	40
810	untuniutntrng55886	0.02207289096372022	3891	40
811	untuniutntrng55886	0.02207289096372022	3945	40
812	untuniutntrng55886	0.02207289096372022	3754	40
813	untuniutntrng55886	0.02207289096372022	3852	40
814	untuniutntrng55886	0.02207289096372022	3914	40
815	untuniutntrng55886	0.02207289096372022	3863	40
816	untuniutntrng55886	0.02207289096372022	3866	40
817	untuniutntrng55886	0.02207289096372022	3923	40
818	untuniutntrng55886	0.02207289096372022	3886	40
819	untuniutntrng55886	0.02207289096372022	3878	40
820	untuniutntrng55886	0.02207289096372022	3782	40
821	untuniutntrng55886	0.02207289096372022	3825	40
822	untuniutntrng55886	0.02207289096372022	3895	40
823	untuniutntrng55886	0.02207289096372022	3841	40
824	untuniutntrng55886	0.02207289096372022	3895	40
825	untuniutntrng55886	0.02207289096372022	3770	40
826	untuniutntrng55886	0.02207289096372022	3854	40
827	untuniutntrng55886	0.02207289096372022	3806	40
828	untuniutntrng55886	0.02207289096372022	3797	40
829	untuniutntrng55886	0.02207289096372022	3952	40
830	untuniutntrng55886	0.02207289096372022	3792	40
831	untuniutntrng55886	0.02207289096372022	3857	40
832	untuniutntrng55886	0.02207289096372022	3839	40
833	untuniutntrng55886	0.02207289096372022	3855	40
834	untuniutntrng55886	0.02207289096372022	3847	40
835	untuniutntrng55886	0.02207289096372022	3872	40
836	untuniutntrng55886	0.02207289096372022	3938	40
837	untuniutntrng55886	0.02207289096372022	3876	40
838	untuniutntrng55886	0.02207289096372022	3867	40
839	untuniutntrng55886	0.02207289096372022	3887	40
840	untuniutntrng55886	0.02207289096372022	3818	40
841	untuniutntrng55886	0.02207289096372022	3912	40
842	untuniutntrng55886	0.02207289096372022	3907	40
843	untuniutntrng55886	0.02207289096372022	3823	40
844	untuniutntrng55886	0.02207289096372022	3819	40
845	untuniutntrng55886	0.02207289096372022	3885	40
846	untuniutntrng55886	0.02207289096372022	3865	40
847	untuniutntrng55886	0.02207289096372022	4018	40
848	untuniutntrng55886	0.02207289096372022	3850	40
849	untuniutntrng55886	0.02207289096372022	3811	40
850	untuniutntrng55886	0.02207289096372022	3864	40
851	untuniutntrng55886	0.02207289096372022	3909	40
852	untuniutntrng55886	0.02207289096372022	3828	40
853	untuniutntrng55886	0.02207289096372022	3837	40
854	untuniutntrng55886	0.02207289096372022	3811	40
855	untuniutntrng55886	0.02207289096372022	3919	40
856	untuniutntrng55886	0.02207289096372022	3863	40
857	untuniutntrng55886	0.02207289096372022	3888	40
858	untuniutntrng55886	0.02207289096372022	3796	40
859	untuniutntrng55886	0.02207289096372022	3831	40
860	untuniutntrng55886	0.02207289096372022	3831	40
861	untuniutntrng55886	0.02207289096372022	3854	40
862	untuniutntrng55886	0.02207289096372022	3892	40
863	untuniutntrng55886	0.02207289096372022	3838	40
864	untuniutntrng55886	0.02207289096372022	3896	40
865	untuniutntrng55886	0.02207289096372022	3874	40
866	untuniutntrng55886	0.02207289096372022	3800	40
867	untuniutntrng55886	0.02207289096372022	3875	40
868	untuniutntrng55886	0.02207289096372022	3905	40
869	untuniutntrng55886	0.02207289096372022	3812	40
870	untuniutntrng55886	0.02207289096372022	3852	40
871	untuniutntrng55886	0.02207289096372022	3842	40
872	untuniutntrng55886	0.02207289096372022	3818	40
873	untuniutntrng55886	0.02207289096372022	3954	40
874	untuniutntrng55886	0.02207289096372022	3867	40
875	untuniutntrng55886	0.02207289096372022	3851	40
876	untuniutntrng55886	0.02207289096372022	3885	40
877	untuniutntrng55886	0.02207289096372022	3857	40
878	untuniutntrng55886	0.02207289096372022	3879	40
879	untuniutntrng55886	0.02207289096372022	3880	40
880	untuniutntrng55886	0.02207289096372022	3732	40
881	untuniutntrng55886	0.02207289096372022	3815	40
882	untuniutntrng55886	0.02207289096372022	3865	40
883	untuniutntrng55886	0.02207289096372022	3832	40
884	untuniutntrng55886	0.02207289096372022	3895	40
885	untuniutntrng55886	0.02207289096372022	3825	40
886	untuniutntrng55886	0.02207289096372022	3796	40
887	untuniutntrng55886	0.02207289096372022	3785	40
888	untuniutntrng55886	0.02207289096372022	3851	40
889	untuniutntrng55886	0.02207289096372022	3909	40
890	untuniutntrng55886	0.02207289096372022	3887	40
891	untuniutntrng55886	0.02207289096372022	3832	40
892	untuniutntrng55886	0.02207289096372022	3779	40
893	untuniutntrng55886	0.02207289096372022	3889	40
894	untuniutntrng55886	0.02207289096372022	3862	40
895	untuniutntrng55886	0.02207289096372022	3807	40
896	untuniutntrng55886	0.02207289096372022	3860	40
897	untuniutntrng55886	0.02207289096372022	3817	40
898	untuniutntrng55886	0.02207289096372022	3891	40
899	untuniutntrng55886	0.02207289096372022	3900	40
900	untuniutntrng55886	0.03390457773006745	1483	500
901	untuniutntrng55886	0.03390457773006745	1510	500
902	untuniutntrng55886	0.03390457773006745	1511	500
903	untuniutntrng55886	0.03390457773006745	1529	500
904	untuniutntrng55886	0.03390457773006745	1480	500
905	untuniutntrng55886	0.03390457773006745	1520	500
906	untuniutntrng55886	0.03390457773006745	1495	500
907	untuniutntrng55886	0.03390457773006745	1534	500
908	untuniutntrng55886	0.03390457773006745	1535	500
909	untuniutntrng55886	0.03390457773006745	1503	500
910	untuniutntrng55886	0.03390457773006745	1498	500
911	untuniutntrng55886	0.03390457773006745	1512	500
912	untuniutntrng55886	0.03390457773006745	1516	500
913	untuniutntrng55886	0.03390457773006745	1508	500
914	untuniutntrng55886	0.03390457773006745	1473	500
915	untuniutntrng55886	0.03390457773006745	1514	500
916	untuniutntrng55886	0.03390457773006745	1517	500
917	untuniutntrng55886	0.03390457773006745	1448	500
918	untuniutntrng55886	0.03390457773006745	1531	500
919	untuniutntrng55886	0.03390457773006745	1501	500
920	untuniutntrng55886	0.03390457773006745	1494	500
921	untuniutntrng55886	0.03390457773006745	1474	500
922	untuniutntrng55886	0.03390457773006745	1481	500
923	untuniutntrng55886	0.03390457773006745	1504	500
924	untuniutntrng55886	0.03390457773006745	1508	500
925	untuniutntrng55886	0.03390457773006745	1535	500
926	untuniutntrng55886	0.03390457773006745	1534	500
927	untuniutntrng55886	0.03390457773006745	1518	500
928	untuniutntrng55886	0.03390457773006745	1471	500
929	untuniutntrng55886	0.03390457773006745	1502	500
930	untuniutntrng55886	0.03390457773006745	1471	500
931	untuniutntrng55886	0.03390457773006745	1533	500
932	untuniutntrng55886	0.03390457773006745	1506	500
933	untuniutntrng55886	0.03390457773006745	1506	500
934	untuniutntrng55886	0.03390457773006745	1479	500
935	untuniutntrng55886	0.03390457773006745	1484	500
936	untuniutntrng55886	0.03390457773006745	1505	500
937	untuniutntrng55886	0.03390457773006745	1571	500
938	untuniutntrng55886	0.03390457773006745	1540	500
939	untuniutntrng55886	0.03390457773006745	1495	500
940	untuniutntrng55886	0.03390457773006745	1476	500
941	untuniutntrng55886	0.03390457773006745	1506	500
942	untuniutntrng55886	0.03390457773006745	1517	500
943	untuniutntrng55886	0.03390457773006745	1514	500
944	untuniutntrng55886	0.03390457773006745	1496	500
945	untuniutntrng55886	0.03390457773006745	1503	500
946	untuniutntrng55886	0.03390457773006745	1504	500
947	untuniutntrng55886	0.03390457773006745	1583	500
948	untuniutntrng55886	0.03390457773006745	1538	500
949	untuniutntrng55886	0.03390457773006745	1512	500
950	untuniutntrng55886	0.03390457773006745	1547	500
951	untuniutntrng55886	0.03390457773006745	1499	500
952	untuniutntrng55886	0.03390457773006745	1558	500
953	untuniutntrng55886	0.03390457773006745	1526	500
954	untuniutntrng55886	0.03390457773006745	1548	500
955	untuniutntrng55886	0.03390457773006745	1499	500
956	untuniutntrng55886	0.03390457773006745	1493	500
957	untuniutntrng55886	0.03390457773006745	1493	500
958	untuniutntrng55886	0.03390457773006745	1541	500
959	untuniutntrng55886	0.03390457773006745	1506	500
960	untuniutntrng55886	0.03390457773006745	1477	500
961	untuniutntrng55886	0.03390457773006745	1548	500
962	untuniutntrng55886	0.03390457773006745	1510	500
963	untuniutntrng55886	0.03390457773006745	1465	500
964	untuniutntrng55886	0.03390457773006745	1522	500
965	untuniutntrng55886	0.03390457773006745	1533	500
966	untuniutntrng55886	0.03390457773006745	1529	500
967	untuniutntrng55886	0.03390457773006745	1519	500
968	untuniutntrng55886	0.03390457773006745	1510	500
969	untuniutntrng55886	0.03390457773006745	1484	500
970	untuniutntrng55886	0.03390457773006745	1472	500
971	untuniutntrng55886	0.03390457773006745	1479	500
972	untuniutntrng55886	0.03390457773006745	1519	500
973	untuniutntrng55886	0.03390457773006745	1459	500
974	untuniutntrng55886	0.03390457773006745	1514	500
975	untuniutntrng55886	0.03390457773006745	1478	500
976	untuniutntrng55886	0.03390457773006745	1474	500
977	untuniutntrng55886	0.03390457773006745	1514	500
978	untuniutntrng55886	0.03390457773006745	1558	500
979	untuniutntrng55886	0.03390457773006745	1495	500
980	untuniutntrng55886	0.03390457773006745	1533	500
981	untuniutntrng55886	0.03390457773006745	1478	500
982	untuniutntrng55886	0.03390457773006745	1504	500
983	untuniutntrng55886	0.03390457773006745	1526	500
984	untuniutntrng55886	0.03390457773006745	1485	500
985	untuniutntrng55886	0.03390457773006745	1533	500
986	untuniutntrng55886	0.03390457773006745	1461	500
987	untuniutntrng55886	0.03390457773006745	1532	500
988	untuniutntrng55886	0.03390457773006745	1408	500
989	untuniutntrng55886	0.03390457773006745	1466	500
990	untuniutntrng55886	0.03390457773006745	1506	500
991	untuniutntrng55886	0.03390457773006745	1493	500
992	untuniutntrng55886	0.03390457773006745	1455	500
993	untuniutntrng55886	0.03390457773006745	1539	500
994	untuniutntrng55886	0.03390457773006745	1510	500
995	untuniutntrng55886	0.03390457773006745	1472	500
996	untuniutntrng55886	0.03390457773006745	1524	500
997	untuniutntrng55886	0.03390457773006745	1518	500
998	untuniutntrng55886	0.03390457773006745	1466	500
999	untuniutntrng55886	0.03390457773006745	1503	500
1000	untuniutntrng55886	0.0230629878193798	3604	50
1001	untuniutntrng55886	0.0230629878193798	3591	50
1002	untuniutntrng55886	0.0230629878193798	3587	50
1003	untuniutntrng55886	0.0230629878193798	3605	50
1004	untuniutntrng55886	0.0230629878193798	3597	50
1005	untuniutntrng55886	0.0230629878193798	3668	50
1006	untuniutntrng55886	0.0230629878193798	3558	50
1007	untuniutntrng55886	0.0230629878193798	3563	50
1008	untuniutntrng55886	0.0230629878193798	3549	50
1009	untuniutntrng55886	0.0230629878193798	3587	50
1010	untuniutntrng55886	0.0230629878193798	3583	50
1011	untuniutntrng55886	0.0230629878193798	3622	50
1012	untuniutntrng55886	0.0230629878193798	3603	50
1013	untuniutntrng55886	0.0230629878193798	3539	50
1014	untuniutntrng55886	0.0230629878193798	3669	50
1015	untuniutntrng55886	0.0230629878193798	3591	50
1016	untuniutntrng55886	0.0230629878193798	3593	50
1017	untuniutntrng55886	0.0230629878193798	3606	50
1018	untuniutntrng55886	0.0230629878193798	3610	50
1019	untuniutntrng55886	0.0230629878193798	3714	50
1020	untuniutntrng55886	0.0230629878193798	3565	50
1021	untuniutntrng55886	0.0230629878193798	3524	50
1022	untuniutntrng55886	0.0230629878193798	3579	50
1023	untuniutntrng55886	0.0230629878193798	3593	50
1024	untuniutntrng55886	0.0230629878193798	3638	50
1025	untuniutntrng55886	0.0230629878193798	3595	50
1026	untuniutntrng55886	0.0230629878193798	3538	50
1027	untuniutntrng55886	0.0230629878193798	3522	50
1028	untuniutntrng55886	0.0230629878193798	3657	50
1029	untuniutntrng55886	0.0230629878193798	3618	50
1030	untuniutntrng55886	0.0230629878193798	3628	50
1031	untuniutntrng55886	0.0230629878193798	3547	50
1032	untuniutntrng55886	0.0230629878193798	3534	50
1033	untuniutntrng55886	0.0230629878193798	3620	50
1034	untuniutntrng55886	0.0230629878193798	3588	50
1035	untuniutntrng55886	0.0230629878193798	3517	50
1036	untuniutntrng55886	0.0230629878193798	3616	50
1037	untuniutntrng55886	0.0230629878193798	3572	50
1038	untuniutntrng55886	0.0230629878193798	3572	50
1039	untuniutntrng55886	0.0230629878193798	3648	50
1040	untuniutntrng55886	0.0230629878193798	3606	50
1041	untuniutntrng55886	0.0230629878193798	3561	50
1042	untuniutntrng55886	0.0230629878193798	3603	50
1043	untuniutntrng55886	0.0230629878193798	3564	50
1044	untuniutntrng55886	0.0230629878193798	3592	50
1045	untuniutntrng55886	0.0230629878193798	3612	50
1046	untuniutntrng55886	0.0230629878193798	3622	50
1047	untuniutntrng55886	0.0230629878193798	3499	50
1048	untuniutntrng55886	0.0230629878193798	3570	50
1049	untuniutntrng55886	0.0230629878193798	3563	50
1050	untuniutntrng55886	0.0230629878193798	3545	50
1051	untuniutntrng55886	0.0230629878193798	3523	50
1052	untuniutntrng55886	0.0230629878193798	3546	50
1053	untuniutntrng55886	0.0230629878193798	3645	50
1054	untuniutntrng55886	0.0230629878193798	3626	50
1055	untuniutntrng55886	0.0230629878193798	3652	50
1056	untuniutntrng55886	0.0230629878193798	3625	50
1057	untuniutntrng55886	0.0230629878193798	3557	50
1058	untuniutntrng55886	0.0230629878193798	3612	50
1059	untuniutntrng55886	0.0230629878193798	3599	50
1060	untuniutntrng55886	0.0230629878193798	3594	50
1061	untuniutntrng55886	0.0230629878193798	3553	50
1062	untuniutntrng55886	0.0230629878193798	3607	50
1063	untuniutntrng55886	0.0230629878193798	3572	50
1064	untuniutntrng55886	0.0230629878193798	3548	50
1065	untuniutntrng55886	0.0230629878193798	3530	50
1066	untuniutntrng55886	0.0230629878193798	3642	50
1067	untuniutntrng55886	0.0230629878193798	3541	50
1068	untuniutntrng55886	0.0230629878193798	3627	50
1069	untuniutntrng55886	0.0230629878193798	3652	50
1070	untuniutntrng55886	0.0230629878193798	3647	50
1071	untuniutntrng55886	0.0230629878193798	3497	50
1072	untuniutntrng55886	0.0230629878193798	3545	50
1073	untuniutntrng55886	0.0230629878193798	3525	50
1074	untuniutntrng55886	0.0230629878193798	3509	50
1075	untuniutntrng55886	0.0230629878193798	3666	50
1076	untuniutntrng55886	0.0230629878193798	3604	50
1077	untuniutntrng55886	0.0230629878193798	3554	50
1078	untuniutntrng55886	0.0230629878193798	3545	50
1079	untuniutntrng55886	0.0230629878193798	3572	50
1080	untuniutntrng55886	0.0230629878193798	3598	50
1081	untuniutntrng55886	0.0230629878193798	3600	50
1082	untuniutntrng55886	0.0230629878193798	3559	50
1083	untuniutntrng55886	0.0230629878193798	3603	50
1084	untuniutntrng55886	0.0230629878193798	3695	50
1085	untuniutntrng55886	0.0230629878193798	3607	50
1086	untuniutntrng55886	0.0230629878193798	3568	50
1087	untuniutntrng55886	0.0230629878193798	3594	50
1088	untuniutntrng55886	0.0230629878193798	3514	50
1089	untuniutntrng55886	0.0230629878193798	3632	50
1090	untuniutntrng55886	0.0230629878193798	3705	50
1091	untuniutntrng55886	0.0230629878193798	3512	50
1092	untuniutntrng55886	0.0230629878193798	3563	50
1093	untuniutntrng55886	0.0230629878193798	3633	50
1094	untuniutntrng55886	0.0230629878193798	3593	50
1095	untuniutntrng55886	0.0230629878193798	3581	50
1096	untuniutntrng55886	0.0230629878193798	3647	50
1097	untuniutntrng55886	0.0230629878193798	3647	50
1098	untuniutntrng55886	0.0230629878193798	3623	50
1099	untuniutntrng55886	0.0230629878193798	3546	50
