	zeta_sd0_words	zeta_sd0	zeta_sd0_rang	frequency
0	untuniutntrng55886	0.0008960559048715492	33781	1000
1	untuniutntrng55886	0.0008960559048715492	35095	1000
2	untuniutntrng55886	0.0008960559048715492	33855	1000
3	untuniutntrng55886	0.0008960559048715492	35971	1000
4	untuniutntrng55886	0.0008960559048715492	35804	1000
5	untuniutntrng55886	0.0008960559048715492	33964	1000
6	untuniutntrng55886	0.0008960559048715492	36288	1000
7	untuniutntrng55886	0.0008960559048715492	34728	1000
8	untuniutntrng55886	0.0008960559048715492	34034	1000
9	untuniutntrng55886	0.0008960559048715492	33960	1000
10	untuniutntrng55886	0.0008960559048715492	34926	1000
11	untuniutntrng55886	0.0008960559048715492	36053	1000
12	untuniutntrng55886	0.0008960559048715492	35794	1000
13	untuniutntrng55886	0.0008960559048715492	36748	1000
14	untuniutntrng55886	0.0008960559048715492	36237	1000
15	untuniutntrng55886	0.0008960559048715492	34799	1000
16	untuniutntrng55886	0.0008960559048715492	36173	1000
17	untuniutntrng55886	0.0008960559048715492	36171	1000
18	untuniutntrng55886	0.0008960559048715492	34029	1000
19	untuniutntrng55886	0.0008960559048715492	33896	1000
20	untuniutntrng55886	0.0008960559048715492	36099	1000
21	untuniutntrng55886	0.0008960559048715492	34701	1000
22	untuniutntrng55886	0.0008960559048715492	33823	1000
23	untuniutntrng55886	0.0008960559048715492	35420	1000
24	untuniutntrng55886	0.0008960559048715492	34223	1000
25	untuniutntrng55886	0.0008960559048715492	33861	1000
26	untuniutntrng55886	0.0008960559048715492	36640	1000
27	untuniutntrng55886	0.0008960559048715492	35837	1000
28	untuniutntrng55886	0.0008960559048715492	35180	1000
29	untuniutntrng55886	0.0008960559048715492	34072	1000
30	untuniutntrng55886	0.0008960559048715492	34163	1000
31	untuniutntrng55886	0.0008960559048715492	34049	1000
32	untuniutntrng55886	0.0008960559048715492	36190	1000
33	untuniutntrng55886	0.0008960559048715492	33845	1000
34	untuniutntrng55886	0.0008960559048715492	34192	1000
35	untuniutntrng55886	0.0008960559048715492	33899	1000
36	untuniutntrng55886	0.0008960559048715492	36493	1000
37	untuniutntrng55886	0.0008960559048715492	34556	1000
38	untuniutntrng55886	0.0008960559048715492	33918	1000
39	untuniutntrng55886	0.0008960559048715492	34461	1000
40	untuniutntrng55886	0.0008960559048715492	35987	1000
41	untuniutntrng55886	0.0008960559048715492	36258	1000
42	untuniutntrng55886	0.0008960559048715492	34614	1000
43	untuniutntrng55886	0.0008960559048715492	34998	1000
44	untuniutntrng55886	0.0008960559048715492	35140	1000
45	untuniutntrng55886	0.0008960559048715492	36336	1000
46	untuniutntrng55886	0.0008960559048715492	36399	1000
47	untuniutntrng55886	0.0008960559048715492	34049	1000
48	untuniutntrng55886	0.0008960559048715492	33848	1000
49	untuniutntrng55886	0.0008960559048715492	34822	1000
50	untuniutntrng55886	0.0008960559048715492	34469	1000
51	untuniutntrng55886	0.0008960559048715492	36608	1000
52	untuniutntrng55886	0.0008960559048715492	34133	1000
53	untuniutntrng55886	0.0008960559048715492	36487	1000
54	untuniutntrng55886	0.0008960559048715492	34751	1000
55	untuniutntrng55886	0.0008960559048715492	34812	1000
56	untuniutntrng55886	0.0008960559048715492	35892	1000
57	untuniutntrng55886	0.0008960559048715492	36347	1000
58	untuniutntrng55886	0.0008960559048715492	36472	1000
59	untuniutntrng55886	0.0008960559048715492	34035	1000
60	untuniutntrng55886	0.0008960559048715492	34503	1000
61	untuniutntrng55886	0.0008960559048715492	34084	1000
62	untuniutntrng55886	0.0008960559048715492	35390	1000
63	untuniutntrng55886	0.0008960559048715492	34030	1000
64	untuniutntrng55886	0.0008960559048715492	35047	1000
65	untuniutntrng55886	0.0008960559048715492	35417	1000
66	untuniutntrng55886	0.0008960559048715492	34092	1000
67	untuniutntrng55886	0.0008960559048715492	35993	1000
68	untuniutntrng55886	0.0008960559048715492	36248	1000
69	untuniutntrng55886	0.0008960559048715492	34207	1000
70	untuniutntrng55886	0.0008960559048715492	33868	1000
71	untuniutntrng55886	0.0008960559048715492	34608	1000
72	untuniutntrng55886	0.0008960559048715492	36384	1000
73	untuniutntrng55886	0.0008960559048715492	34460	1000
74	untuniutntrng55886	0.0008960559048715492	34103	1000
75	untuniutntrng55886	0.0008960559048715492	34190	1000
76	untuniutntrng55886	0.0008960559048715492	34387	1000
77	untuniutntrng55886	0.0008960559048715492	34651	1000
78	untuniutntrng55886	0.0008960559048715492	34045	1000
79	untuniutntrng55886	0.0008960559048715492	35853	1000
80	untuniutntrng55886	0.0008960559048715492	35359	1000
81	untuniutntrng55886	0.0008960559048715492	34307	1000
82	untuniutntrng55886	0.0008960559048715492	34226	1000
83	untuniutntrng55886	0.0008960559048715492	36297	1000
84	untuniutntrng55886	0.0008960559048715492	34313	1000
85	untuniutntrng55886	0.0008960559048715492	33799	1000
86	untuniutntrng55886	0.0008960559048715492	34611	1000
87	untuniutntrng55886	0.0008960559048715492	36300	1000
88	untuniutntrng55886	0.0008960559048715492	33741	1000
89	untuniutntrng55886	0.0008960559048715492	34067	1000
90	untuniutntrng55886	0.0008960559048715492	34485	1000
91	untuniutntrng55886	0.0008960559048715492	34779	1000
92	untuniutntrng55886	0.0008960559048715492	33991	1000
93	untuniutntrng55886	0.0008960559048715492	34559	1000
94	untuniutntrng55886	0.0008960559048715492	34735	1000
95	untuniutntrng55886	0.0008960559048715492	36173	1000
96	untuniutntrng55886	0.0008960559048715492	36128	1000
97	untuniutntrng55886	0.0008960559048715492	34090	1000
98	untuniutntrng55886	0.0008960559048715492	36541	1000
99	untuniutntrng55886	0.0008960559048715492	34764	1000
100	untuniutntrng55886	0.0008960559048715492	35092	100
101	untuniutntrng55886	0.0008960559048715492	34001	100
102	untuniutntrng55886	0.0008960559048715492	36436	100
103	untuniutntrng55886	0.0008960559048715492	35999	100
104	untuniutntrng55886	0.0008960559048715492	34939	100
105	untuniutntrng55886	0.0008960559048715492	35813	100
106	untuniutntrng55886	0.0008960559048715492	33985	100
107	untuniutntrng55886	0.0008960559048715492	34778	100
108	untuniutntrng55886	0.0008960559048715492	35830	100
109	untuniutntrng55886	0.0008960559048715492	35388	100
110	untuniutntrng55886	0.0008960559048715492	34770	100
111	untuniutntrng55886	0.0008960559048715492	36479	100
112	untuniutntrng55886	0.0008960559048715492	35825	100
113	untuniutntrng55886	0.0008960559048715492	35984	100
114	untuniutntrng55886	0.0008960559048715492	36372	100
115	untuniutntrng55886	0.0008960559048715492	36236	100
116	untuniutntrng55886	0.0008960559048715492	34037	100
117	untuniutntrng55886	0.0008960559048715492	36172	100
118	untuniutntrng55886	0.0008960559048715492	35851	100
119	untuniutntrng55886	0.0008960559048715492	36069	100
120	untuniutntrng55886	0.0008960559048715492	35218	100
121	untuniutntrng55886	0.0008960559048715492	35710	100
122	untuniutntrng55886	0.0008960559048715492	34962	100
123	untuniutntrng55886	0.0008960559048715492	33873	100
124	untuniutntrng55886	0.0008960559048715492	35892	100
125	untuniutntrng55886	0.0008960559048715492	34017	100
126	untuniutntrng55886	0.0008960559048715492	34082	100
127	untuniutntrng55886	0.0008960559048715492	33981	100
128	untuniutntrng55886	0.0008960559048715492	33762	100
129	untuniutntrng55886	0.0008960559048715492	33914	100
130	untuniutntrng55886	0.0008960559048715492	36807	100
131	untuniutntrng55886	0.0008960559048715492	35741	100
132	untuniutntrng55886	0.0008960559048715492	35955	100
133	untuniutntrng55886	0.0008960559048715492	34990	100
134	untuniutntrng55886	0.0008960559048715492	34287	100
135	untuniutntrng55886	0.0008960559048715492	35144	100
136	untuniutntrng55886	0.0008960559048715492	35813	100
137	untuniutntrng55886	0.0008960559048715492	36047	100
138	untuniutntrng55886	0.0008960559048715492	35879	100
139	untuniutntrng55886	0.0008960559048715492	35238	100
140	untuniutntrng55886	0.0008960559048715492	34069	100
141	untuniutntrng55886	0.0008960559048715492	36816	100
142	untuniutntrng55886	0.0008960559048715492	35444	100
143	untuniutntrng55886	0.0008960559048715492	35054	100
144	untuniutntrng55886	0.0008960559048715492	35267	100
145	untuniutntrng55886	0.0008960559048715492	35528	100
146	untuniutntrng55886	0.0008960559048715492	34178	100
147	untuniutntrng55886	0.0008960559048715492	34341	100
148	untuniutntrng55886	0.0008960559048715492	34165	100
149	untuniutntrng55886	0.0008960559048715492	34390	100
150	untuniutntrng55886	0.0008960559048715492	33761	100
151	untuniutntrng55886	0.0008960559048715492	34246	100
152	untuniutntrng55886	0.0008960559048715492	34422	100
153	untuniutntrng55886	0.0008960559048715492	35343	100
154	untuniutntrng55886	0.0008960559048715492	35489	100
155	untuniutntrng55886	0.0008960559048715492	34848	100
156	untuniutntrng55886	0.0008960559048715492	36546	100
157	untuniutntrng55886	0.0008960559048715492	35375	100
158	untuniutntrng55886	0.0008960559048715492	33943	100
159	untuniutntrng55886	0.0008960559048715492	36336	100
160	untuniutntrng55886	0.0008960559048715492	35709	100
161	untuniutntrng55886	0.0008960559048715492	34984	100
162	untuniutntrng55886	0.0008960559048715492	35103	100
163	untuniutntrng55886	0.0008960559048715492	36310	100
164	untuniutntrng55886	0.0008960559048715492	36071	100
165	untuniutntrng55886	0.0008960559048715492	36235	100
166	untuniutntrng55886	0.0008960559048715492	35635	100
167	untuniutntrng55886	0.0008960559048715492	35369	100
168	untuniutntrng55886	0.0008960559048715492	36283	100
169	untuniutntrng55886	0.0008960559048715492	34313	100
170	untuniutntrng55886	0.0008960559048715492	35571	100
171	untuniutntrng55886	0.0008960559048715492	34463	100
172	untuniutntrng55886	0.0008960559048715492	33599	100
173	untuniutntrng55886	0.0008960559048715492	35975	100
174	untuniutntrng55886	0.0008960559048715492	35711	100
175	untuniutntrng55886	0.0008960559048715492	33801	100
176	untuniutntrng55886	0.0008960559048715492	34812	100
177	untuniutntrng55886	0.0008960559048715492	34132	100
178	untuniutntrng55886	0.0008960559048715492	35130	100
179	untuniutntrng55886	0.0008960559048715492	36156	100
180	untuniutntrng55886	0.0008960559048715492	33887	100
181	untuniutntrng55886	0.0008960559048715492	33926	100
182	untuniutntrng55886	0.0008960559048715492	35646	100
183	untuniutntrng55886	0.0008960559048715492	35126	100
184	untuniutntrng55886	0.0008960559048715492	33857	100
185	untuniutntrng55886	0.0008960559048715492	35654	100
186	untuniutntrng55886	0.0008960559048715492	34732	100
187	untuniutntrng55886	0.0008960559048715492	36044	100
188	untuniutntrng55886	0.0008960559048715492	36272	100
189	untuniutntrng55886	0.0008960559048715492	36224	100
190	untuniutntrng55886	0.0008960559048715492	35842	100
191	untuniutntrng55886	0.0008960559048715492	34279	100
192	untuniutntrng55886	0.0008960559048715492	34018	100
193	untuniutntrng55886	0.0008960559048715492	35934	100
194	untuniutntrng55886	0.0008960559048715492	33883	100
195	untuniutntrng55886	0.0008960559048715492	34167	100
196	untuniutntrng55886	0.0008960559048715492	33981	100
197	untuniutntrng55886	0.0008960559048715492	35876	100
198	untuniutntrng55886	0.0008960559048715492	35101	100
199	untuniutntrng55886	0.0008960559048715492	34010	100
200	untuniutntrng55886	0.0008960559048715492	34009	2000
201	untuniutntrng55886	0.0008960559048715492	34591	2000
202	untuniutntrng55886	0.0008960559048715492	34098	2000
203	untuniutntrng55886	0.0008960559048715492	34633	2000
204	untuniutntrng55886	0.0008960559048715492	34109	2000
205	untuniutntrng55886	0.0008960559048715492	35367	2000
206	untuniutntrng55886	0.0008960559048715492	35393	2000
207	untuniutntrng55886	0.0008960559048715492	35670	2000
208	untuniutntrng55886	0.0008960559048715492	35353	2000
209	untuniutntrng55886	0.0008960559048715492	35812	2000
210	untuniutntrng55886	0.0008960559048715492	34197	2000
211	untuniutntrng55886	0.0008960559048715492	35672	2000
212	untuniutntrng55886	0.0008960559048715492	36500	2000
213	untuniutntrng55886	0.0008960559048715492	33990	2000
214	untuniutntrng55886	0.0008960559048715492	34361	2000
215	untuniutntrng55886	0.0008960559048715492	33886	2000
216	untuniutntrng55886	0.0008960559048715492	34004	2000
217	untuniutntrng55886	0.0008960559048715492	34237	2000
218	untuniutntrng55886	0.0008960559048715492	34471	2000
219	untuniutntrng55886	0.0008960559048715492	35342	2000
220	untuniutntrng55886	0.0008960559048715492	34215	2000
221	untuniutntrng55886	0.0008960559048715492	34030	2000
222	untuniutntrng55886	0.0008960559048715492	33798	2000
223	untuniutntrng55886	0.0008960559048715492	35702	2000
224	untuniutntrng55886	0.0008960559048715492	36073	2000
225	untuniutntrng55886	0.0008960559048715492	35774	2000
226	untuniutntrng55886	0.0008960559048715492	34141	2000
227	untuniutntrng55886	0.0008960559048715492	34074	2000
228	untuniutntrng55886	0.0008960559048715492	36145	2000
229	untuniutntrng55886	0.0008960559048715492	34344	2000
230	untuniutntrng55886	0.0008960559048715492	34701	2000
231	untuniutntrng55886	0.0008960559048715492	36460	2000
232	untuniutntrng55886	0.0008960559048715492	35608	2000
233	untuniutntrng55886	0.0008960559048715492	34060	2000
234	untuniutntrng55886	0.0008960559048715492	35522	2000
235	untuniutntrng55886	0.0008960559048715492	34387	2000
236	untuniutntrng55886	0.0008960559048715492	33831	2000
237	untuniutntrng55886	0.0008960559048715492	34237	2000
238	untuniutntrng55886	0.0008960559048715492	35081	2000
239	untuniutntrng55886	0.0008960559048715492	33855	2000
240	untuniutntrng55886	0.0008960559048715492	34872	2000
241	untuniutntrng55886	0.0008960559048715492	33927	2000
242	untuniutntrng55886	0.0008960559048715492	35366	2000
243	untuniutntrng55886	0.0008960559048715492	36468	2000
244	untuniutntrng55886	0.0008960559048715492	35291	2000
245	untuniutntrng55886	0.0008960559048715492	36027	2000
246	untuniutntrng55886	0.0008960559048715492	34766	2000
247	untuniutntrng55886	0.0008960559048715492	34516	2000
248	untuniutntrng55886	0.0008960559048715492	35950	2000
249	untuniutntrng55886	0.0008960559048715492	34110	2000
250	untuniutntrng55886	0.0008960559048715492	34991	2000
251	untuniutntrng55886	0.0008960559048715492	36192	2000
252	untuniutntrng55886	0.0008960559048715492	33690	2000
253	untuniutntrng55886	0.0008960559048715492	36796	2000
254	untuniutntrng55886	0.0008960559048715492	35425	2000
255	untuniutntrng55886	0.0008960559048715492	35668	2000
256	untuniutntrng55886	0.0008960559048715492	36476	2000
257	untuniutntrng55886	0.0008960559048715492	34272	2000
258	untuniutntrng55886	0.0008960559048715492	35933	2000
259	untuniutntrng55886	0.0008960559048715492	34519	2000
260	untuniutntrng55886	0.0008960559048715492	35885	2000
261	untuniutntrng55886	0.0008960559048715492	35255	2000
262	untuniutntrng55886	0.0008960559048715492	36129	2000
263	untuniutntrng55886	0.0008960559048715492	35862	2000
264	untuniutntrng55886	0.0008960559048715492	36181	2000
265	untuniutntrng55886	0.0008960559048715492	35019	2000
266	untuniutntrng55886	0.0008960559048715492	34314	2000
267	untuniutntrng55886	0.0008960559048715492	36060	2000
268	untuniutntrng55886	0.0008960559048715492	33924	2000
269	untuniutntrng55886	0.0008960559048715492	35032	2000
270	untuniutntrng55886	0.0008960559048715492	36183	2000
271	untuniutntrng55886	0.0008960559048715492	34930	2000
272	untuniutntrng55886	0.0008960559048715492	33905	2000
273	untuniutntrng55886	0.0008960559048715492	34681	2000
274	untuniutntrng55886	0.0008960559048715492	34740	2000
275	untuniutntrng55886	0.0008960559048715492	34948	2000
276	untuniutntrng55886	0.0008960559048715492	34022	2000
277	untuniutntrng55886	0.0008960559048715492	33879	2000
278	untuniutntrng55886	0.0008960559048715492	36627	2000
279	untuniutntrng55886	0.0008960559048715492	35772	2000
280	untuniutntrng55886	0.0008960559048715492	34847	2000
281	untuniutntrng55886	0.0008960559048715492	35492	2000
282	untuniutntrng55886	0.0008960559048715492	34313	2000
283	untuniutntrng55886	0.0008960559048715492	35017	2000
284	untuniutntrng55886	0.0008960559048715492	36403	2000
285	untuniutntrng55886	0.0008960559048715492	35084	2000
286	untuniutntrng55886	0.0008960559048715492	34297	2000
287	untuniutntrng55886	0.0008960559048715492	35736	2000
288	untuniutntrng55886	0.0008960559048715492	34021	2000
289	untuniutntrng55886	0.0008960559048715492	36520	2000
290	untuniutntrng55886	0.0008960559048715492	35386	2000
291	untuniutntrng55886	0.0008960559048715492	36296	2000
292	untuniutntrng55886	0.0008960559048715492	33886	2000
293	untuniutntrng55886	0.0008960559048715492	36083	2000
294	untuniutntrng55886	0.0008960559048715492	33977	2000
295	untuniutntrng55886	0.0008960559048715492	34448	2000
296	untuniutntrng55886	0.0008960559048715492	33760	2000
297	untuniutntrng55886	0.0008960559048715492	34845	2000
298	untuniutntrng55886	0.0008960559048715492	35238	2000
299	untuniutntrng55886	0.0008960559048715492	35689	2000
300	untuniutntrng55886	0.0008960559048715492	36139	200
301	untuniutntrng55886	0.0008960559048715492	34125	200
302	untuniutntrng55886	0.0008960559048715492	34644	200
303	untuniutntrng55886	0.0008960559048715492	35909	200
304	untuniutntrng55886	0.0008960559048715492	34518	200
305	untuniutntrng55886	0.0008960559048715492	35926	200
306	untuniutntrng55886	0.0008960559048715492	36170	200
307	untuniutntrng55886	0.0008960559048715492	34114	200
308	untuniutntrng55886	0.0008960559048715492	34598	200
309	untuniutntrng55886	0.0008960559048715492	36024	200
310	untuniutntrng55886	0.0008960559048715492	33923	200
311	untuniutntrng55886	0.0008960559048715492	34265	200
312	untuniutntrng55886	0.0008960559048715492	34272	200
313	untuniutntrng55886	0.0008960559048715492	34509	200
314	untuniutntrng55886	0.0008960559048715492	34088	200
315	untuniutntrng55886	0.0008960559048715492	34354	200
316	untuniutntrng55886	0.0008960559048715492	33892	200
317	untuniutntrng55886	0.0008960559048715492	36514	200
318	untuniutntrng55886	0.0008960559048715492	33824	200
319	untuniutntrng55886	0.0008960559048715492	34194	200
320	untuniutntrng55886	0.0008960559048715492	36420	200
321	untuniutntrng55886	0.0008960559048715492	33759	200
322	untuniutntrng55886	0.0008960559048715492	35339	200
323	untuniutntrng55886	0.0008960559048715492	34696	200
324	untuniutntrng55886	0.0008960559048715492	33832	200
325	untuniutntrng55886	0.0008960559048715492	34584	200
326	untuniutntrng55886	0.0008960559048715492	34599	200
327	untuniutntrng55886	0.0008960559048715492	35085	200
328	untuniutntrng55886	0.0008960559048715492	36127	200
329	untuniutntrng55886	0.0008960559048715492	35816	200
330	untuniutntrng55886	0.0008960559048715492	35679	200
331	untuniutntrng55886	0.0008960559048715492	35938	200
332	untuniutntrng55886	0.0008960559048715492	33784	200
333	untuniutntrng55886	0.0008960559048715492	34603	200
334	untuniutntrng55886	0.0008960559048715492	36282	200
335	untuniutntrng55886	0.0008960559048715492	34155	200
336	untuniutntrng55886	0.0008960559048715492	35157	200
337	untuniutntrng55886	0.0008960559048715492	34077	200
338	untuniutntrng55886	0.0008960559048715492	35286	200
339	untuniutntrng55886	0.0008960559048715492	35305	200
340	untuniutntrng55886	0.0008960559048715492	34513	200
341	untuniutntrng55886	0.0008960559048715492	33670	200
342	untuniutntrng55886	0.0008960559048715492	34619	200
343	untuniutntrng55886	0.0008960559048715492	33710	200
344	untuniutntrng55886	0.0008960559048715492	34663	200
345	untuniutntrng55886	0.0008960559048715492	36100	200
346	untuniutntrng55886	0.0008960559048715492	34701	200
347	untuniutntrng55886	0.0008960559048715492	33748	200
348	untuniutntrng55886	0.0008960559048715492	34480	200
349	untuniutntrng55886	0.0008960559048715492	33872	200
350	untuniutntrng55886	0.0008960559048715492	34465	200
351	untuniutntrng55886	0.0008960559048715492	34282	200
352	untuniutntrng55886	0.0008960559048715492	34135	200
353	untuniutntrng55886	0.0008960559048715492	35551	200
354	untuniutntrng55886	0.0008960559048715492	34250	200
355	untuniutntrng55886	0.0008960559048715492	34097	200
356	untuniutntrng55886	0.0008960559048715492	36299	200
357	untuniutntrng55886	0.0008960559048715492	33984	200
358	untuniutntrng55886	0.0008960559048715492	36067	200
359	untuniutntrng55886	0.0008960559048715492	36174	200
360	untuniutntrng55886	0.0008960559048715492	34518	200
361	untuniutntrng55886	0.0008960559048715492	34342	200
362	untuniutntrng55886	0.0008960559048715492	33980	200
363	untuniutntrng55886	0.0008960559048715492	33762	200
364	untuniutntrng55886	0.0008960559048715492	36395	200
365	untuniutntrng55886	0.0008960559048715492	34724	200
366	untuniutntrng55886	0.0008960559048715492	34663	200
367	untuniutntrng55886	0.0008960559048715492	34224	200
368	untuniutntrng55886	0.0008960559048715492	35667	200
369	untuniutntrng55886	0.0008960559048715492	33906	200
370	untuniutntrng55886	0.0008960559048715492	34804	200
371	untuniutntrng55886	0.0008960559048715492	34443	200
372	untuniutntrng55886	0.0008960559048715492	35328	200
373	untuniutntrng55886	0.0008960559048715492	34816	200
374	untuniutntrng55886	0.0008960559048715492	35532	200
375	untuniutntrng55886	0.0008960559048715492	35679	200
376	untuniutntrng55886	0.0008960559048715492	34393	200
377	untuniutntrng55886	0.0008960559048715492	34756	200
378	untuniutntrng55886	0.0008960559048715492	35407	200
379	untuniutntrng55886	0.0008960559048715492	36150	200
380	untuniutntrng55886	0.0008960559048715492	35895	200
381	untuniutntrng55886	0.0008960559048715492	35172	200
382	untuniutntrng55886	0.0008960559048715492	35667	200
383	untuniutntrng55886	0.0008960559048715492	35765	200
384	untuniutntrng55886	0.0008960559048715492	34149	200
385	untuniutntrng55886	0.0008960559048715492	35685	200
386	untuniutntrng55886	0.0008960559048715492	36382	200
387	untuniutntrng55886	0.0008960559048715492	36070	200
388	untuniutntrng55886	0.0008960559048715492	34832	200
389	untuniutntrng55886	0.0008960559048715492	36652	200
390	untuniutntrng55886	0.0008960559048715492	36457	200
391	untuniutntrng55886	0.0008960559048715492	35242	200
392	untuniutntrng55886	0.0008960559048715492	36140	200
393	untuniutntrng55886	0.0008960559048715492	36706	200
394	untuniutntrng55886	0.0008960559048715492	34935	200
395	untuniutntrng55886	0.0008960559048715492	33942	200
396	untuniutntrng55886	0.0008960559048715492	34089	200
397	untuniutntrng55886	0.0008960559048715492	35559	200
398	untuniutntrng55886	0.0008960559048715492	35406	200
399	untuniutntrng55886	0.0008960559048715492	34531	200
400	untuniutntrng55886	0.0008960559048715492	34577	20
401	untuniutntrng55886	0.0008960559048715492	34277	20
402	untuniutntrng55886	0.0008960559048715492	36311	20
403	untuniutntrng55886	0.0008960559048715492	35581	20
404	untuniutntrng55886	0.0008960559048715492	33997	20
405	untuniutntrng55886	0.0008960559048715492	35916	20
406	untuniutntrng55886	0.0008960559048715492	35109	20
407	untuniutntrng55886	0.0008960559048715492	35007	20
408	untuniutntrng55886	0.0008960559048715492	35887	20
409	untuniutntrng55886	0.0008960559048715492	34271	20
410	untuniutntrng55886	0.0008960559048715492	34691	20
411	untuniutntrng55886	0.0008960559048715492	36061	20
412	untuniutntrng55886	0.0008960559048715492	33812	20
413	untuniutntrng55886	0.0008960559048715492	35824	20
414	untuniutntrng55886	0.0008960559048715492	36124	20
415	untuniutntrng55886	0.0008960559048715492	34214	20
416	untuniutntrng55886	0.0008960559048715492	35849	20
417	untuniutntrng55886	0.0008960559048715492	33860	20
418	untuniutntrng55886	0.0008960559048715492	34120	20
419	untuniutntrng55886	0.0008960559048715492	33617	20
420	untuniutntrng55886	0.0008960559048715492	36006	20
421	untuniutntrng55886	0.0008960559048715492	33971	20
422	untuniutntrng55886	0.0008960559048715492	36202	20
423	untuniutntrng55886	0.0008960559048715492	36427	20
424	untuniutntrng55886	0.0008960559048715492	34178	20
425	untuniutntrng55886	0.0008960559048715492	36214	20
426	untuniutntrng55886	0.0008960559048715492	33846	20
427	untuniutntrng55886	0.0008960559048715492	35370	20
428	untuniutntrng55886	0.0008960559048715492	35215	20
429	untuniutntrng55886	0.0008960559048715492	34487	20
430	untuniutntrng55886	0.0008960559048715492	34211	20
431	untuniutntrng55886	0.0008960559048715492	34474	20
432	untuniutntrng55886	0.0008960559048715492	34735	20
433	untuniutntrng55886	0.0008960559048715492	36631	20
434	untuniutntrng55886	0.0008960559048715492	34376	20
435	untuniutntrng55886	0.0008960559048715492	34669	20
436	untuniutntrng55886	0.0008960559048715492	34126	20
437	untuniutntrng55886	0.0008960559048715492	36056	20
438	untuniutntrng55886	0.0008960559048715492	36474	20
439	untuniutntrng55886	0.0008960559048715492	34715	20
440	untuniutntrng55886	0.0008960559048715492	33929	20
441	untuniutntrng55886	0.0008960559048715492	33959	20
442	untuniutntrng55886	0.0008960559048715492	34890	20
443	untuniutntrng55886	0.0008960559048715492	34466	20
444	untuniutntrng55886	0.0008960559048715492	34402	20
445	untuniutntrng55886	0.0008960559048715492	34725	20
446	untuniutntrng55886	0.0008960559048715492	36595	20
447	untuniutntrng55886	0.0008960559048715492	35156	20
448	untuniutntrng55886	0.0008960559048715492	33869	20
449	untuniutntrng55886	0.0008960559048715492	35847	20
450	untuniutntrng55886	0.0008960559048715492	35836	20
451	untuniutntrng55886	0.0008960559048715492	36025	20
452	untuniutntrng55886	0.0008960559048715492	33773	20
453	untuniutntrng55886	0.0008960559048715492	35448	20
454	untuniutntrng55886	0.0008960559048715492	35147	20
455	untuniutntrng55886	0.0008960559048715492	36179	20
456	untuniutntrng55886	0.0008960559048715492	35604	20
457	untuniutntrng55886	0.0008960559048715492	35329	20
458	untuniutntrng55886	0.0008960559048715492	34600	20
459	untuniutntrng55886	0.0008960559048715492	34076	20
460	untuniutntrng55886	0.0008960559048715492	33806	20
461	untuniutntrng55886	0.0008960559048715492	36137	20
462	untuniutntrng55886	0.0008960559048715492	33812	20
463	untuniutntrng55886	0.0008960559048715492	34240	20
464	untuniutntrng55886	0.0008960559048715492	33669	20
465	untuniutntrng55886	0.0008960559048715492	34491	20
466	untuniutntrng55886	0.0008960559048715492	35649	20
467	untuniutntrng55886	0.0008960559048715492	36569	20
468	untuniutntrng55886	0.0008960559048715492	34141	20
469	untuniutntrng55886	0.0008960559048715492	36469	20
470	untuniutntrng55886	0.0008960559048715492	35008	20
471	untuniutntrng55886	0.0008960559048715492	36369	20
472	untuniutntrng55886	0.0008960559048715492	35081	20
473	untuniutntrng55886	0.0008960559048715492	35439	20
474	untuniutntrng55886	0.0008960559048715492	34427	20
475	untuniutntrng55886	0.0008960559048715492	36526	20
476	untuniutntrng55886	0.0008960559048715492	33937	20
477	untuniutntrng55886	0.0008960559048715492	35750	20
478	untuniutntrng55886	0.0008960559048715492	35048	20
479	untuniutntrng55886	0.0008960559048715492	35959	20
480	untuniutntrng55886	0.0008960559048715492	34668	20
481	untuniutntrng55886	0.0008960559048715492	34601	20
482	untuniutntrng55886	0.0008960559048715492	34354	20
483	untuniutntrng55886	0.0008960559048715492	34550	20
484	untuniutntrng55886	0.0008960559048715492	35021	20
485	untuniutntrng55886	0.0008960559048715492	33828	20
486	untuniutntrng55886	0.0008960559048715492	36128	20
487	untuniutntrng55886	0.0008960559048715492	36159	20
488	untuniutntrng55886	0.0008960559048715492	34243	20
489	untuniutntrng55886	0.0008960559048715492	34358	20
490	untuniutntrng55886	0.0008960559048715492	33939	20
491	untuniutntrng55886	0.0008960559048715492	33866	20
492	untuniutntrng55886	0.0008960559048715492	34910	20
493	untuniutntrng55886	0.0008960559048715492	34991	20
494	untuniutntrng55886	0.0008960559048715492	34030	20
495	untuniutntrng55886	0.0008960559048715492	36577	20
496	untuniutntrng55886	0.0008960559048715492	34318	20
497	untuniutntrng55886	0.0008960559048715492	36605	20
498	untuniutntrng55886	0.0008960559048715492	35970	20
499	untuniutntrng55886	0.0008960559048715492	36274	20
500	untuniutntrng55886	0.0008960559048715492	36650	300
501	untuniutntrng55886	0.0008960559048715492	34821	300
502	untuniutntrng55886	0.0008960559048715492	34221	300
503	untuniutntrng55886	0.0008960559048715492	34518	300
504	untuniutntrng55886	0.0008960559048715492	34546	300
505	untuniutntrng55886	0.0008960559048715492	34592	300
506	untuniutntrng55886	0.0008960559048715492	33959	300
507	untuniutntrng55886	0.0008960559048715492	34193	300
508	untuniutntrng55886	0.0008960559048715492	36608	300
509	untuniutntrng55886	0.0008960559048715492	35330	300
510	untuniutntrng55886	0.0008960559048715492	34412	300
511	untuniutntrng55886	0.0008960559048715492	34668	300
512	untuniutntrng55886	0.0008960559048715492	36342	300
513	untuniutntrng55886	0.0008960559048715492	36241	300
514	untuniutntrng55886	0.0008960559048715492	36241	300
515	untuniutntrng55886	0.0008960559048715492	36190	300
516	untuniutntrng55886	0.0008960559048715492	34541	300
517	untuniutntrng55886	0.0008960559048715492	35816	300
518	untuniutntrng55886	0.0008960559048715492	36412	300
519	untuniutntrng55886	0.0008960559048715492	35188	300
520	untuniutntrng55886	0.0008960559048715492	34236	300
521	untuniutntrng55886	0.0008960559048715492	34316	300
522	untuniutntrng55886	0.0008960559048715492	36082	300
523	untuniutntrng55886	0.0008960559048715492	34038	300
524	untuniutntrng55886	0.0008960559048715492	35514	300
525	untuniutntrng55886	0.0008960559048715492	36006	300
526	untuniutntrng55886	0.0008960559048715492	34335	300
527	untuniutntrng55886	0.0008960559048715492	35739	300
528	untuniutntrng55886	0.0008960559048715492	35583	300
529	untuniutntrng55886	0.0008960559048715492	36374	300
530	untuniutntrng55886	0.0008960559048715492	34692	300
531	untuniutntrng55886	0.0008960559048715492	34817	300
532	untuniutntrng55886	0.0008960559048715492	33956	300
533	untuniutntrng55886	0.0008960559048715492	34225	300
534	untuniutntrng55886	0.0008960559048715492	33895	300
535	untuniutntrng55886	0.0008960559048715492	35914	300
536	untuniutntrng55886	0.0008960559048715492	35720	300
537	untuniutntrng55886	0.0008960559048715492	34523	300
538	untuniutntrng55886	0.0008960559048715492	34737	300
539	untuniutntrng55886	0.0008960559048715492	33901	300
540	untuniutntrng55886	0.0008960559048715492	34349	300
541	untuniutntrng55886	0.0008960559048715492	34656	300
542	untuniutntrng55886	0.0008960559048715492	36330	300
543	untuniutntrng55886	0.0008960559048715492	33867	300
544	untuniutntrng55886	0.0008960559048715492	35357	300
545	untuniutntrng55886	0.0008960559048715492	35653	300
546	untuniutntrng55886	0.0008960559048715492	33883	300
547	untuniutntrng55886	0.0008960559048715492	36019	300
548	untuniutntrng55886	0.0008960559048715492	34713	300
549	untuniutntrng55886	0.0008960559048715492	34666	300
550	untuniutntrng55886	0.0008960559048715492	36522	300
551	untuniutntrng55886	0.0008960559048715492	35695	300
552	untuniutntrng55886	0.0008960559048715492	34053	300
553	untuniutntrng55886	0.0008960559048715492	34940	300
554	untuniutntrng55886	0.0008960559048715492	34863	300
555	untuniutntrng55886	0.0008960559048715492	34390	300
556	untuniutntrng55886	0.0008960559048715492	34099	300
557	untuniutntrng55886	0.0008960559048715492	34815	300
558	untuniutntrng55886	0.0008960559048715492	36060	300
559	untuniutntrng55886	0.0008960559048715492	35923	300
560	untuniutntrng55886	0.0008960559048715492	34039	300
561	untuniutntrng55886	0.0008960559048715492	36073	300
562	untuniutntrng55886	0.0008960559048715492	35851	300
563	untuniutntrng55886	0.0008960559048715492	35400	300
564	untuniutntrng55886	0.0008960559048715492	34283	300
565	untuniutntrng55886	0.0008960559048715492	35958	300
566	untuniutntrng55886	0.0008960559048715492	35025	300
567	untuniutntrng55886	0.0008960559048715492	33938	300
568	untuniutntrng55886	0.0008960559048715492	35905	300
569	untuniutntrng55886	0.0008960559048715492	35496	300
570	untuniutntrng55886	0.0008960559048715492	34043	300
571	untuniutntrng55886	0.0008960559048715492	34824	300
572	untuniutntrng55886	0.0008960559048715492	35006	300
573	untuniutntrng55886	0.0008960559048715492	33729	300
574	untuniutntrng55886	0.0008960559048715492	35899	300
575	untuniutntrng55886	0.0008960559048715492	35395	300
576	untuniutntrng55886	0.0008960559048715492	34224	300
577	untuniutntrng55886	0.0008960559048715492	34263	300
578	untuniutntrng55886	0.0008960559048715492	34754	300
579	untuniutntrng55886	0.0008960559048715492	35532	300
580	untuniutntrng55886	0.0008960559048715492	33780	300
581	untuniutntrng55886	0.0008960559048715492	34114	300
582	untuniutntrng55886	0.0008960559048715492	34520	300
583	untuniutntrng55886	0.0008960559048715492	35759	300
584	untuniutntrng55886	0.0008960559048715492	34636	300
585	untuniutntrng55886	0.0008960559048715492	33833	300
586	untuniutntrng55886	0.0008960559048715492	36237	300
587	untuniutntrng55886	0.0008960559048715492	34838	300
588	untuniutntrng55886	0.0008960559048715492	34724	300
589	untuniutntrng55886	0.0008960559048715492	35083	300
590	untuniutntrng55886	0.0008960559048715492	34513	300
591	untuniutntrng55886	0.0008960559048715492	34400	300
592	untuniutntrng55886	0.0008960559048715492	34266	300
593	untuniutntrng55886	0.0008960559048715492	34938	300
594	untuniutntrng55886	0.0008960559048715492	35773	300
595	untuniutntrng55886	0.0008960559048715492	34288	300
596	untuniutntrng55886	0.0008960559048715492	36337	300
597	untuniutntrng55886	0.0008960559048715492	36475	300
598	untuniutntrng55886	0.0008960559048715492	34845	300
599	untuniutntrng55886	0.0008960559048715492	34503	300
600	untuniutntrng55886	0.0008960559048715492	36097	30
601	untuniutntrng55886	0.0008960559048715492	36232	30
602	untuniutntrng55886	0.0008960559048715492	34400	30
603	untuniutntrng55886	0.0008960559048715492	35588	30
604	untuniutntrng55886	0.0008960559048715492	36622	30
605	untuniutntrng55886	0.0008960559048715492	35971	30
606	untuniutntrng55886	0.0008960559048715492	35357	30
607	untuniutntrng55886	0.0008960559048715492	36215	30
608	untuniutntrng55886	0.0008960559048715492	34516	30
609	untuniutntrng55886	0.0008960559048715492	34897	30
610	untuniutntrng55886	0.0008960559048715492	35371	30
611	untuniutntrng55886	0.0008960559048715492	36105	30
612	untuniutntrng55886	0.0008960559048715492	34461	30
613	untuniutntrng55886	0.0008960559048715492	34940	30
614	untuniutntrng55886	0.0008960559048715492	34206	30
615	untuniutntrng55886	0.0008960559048715492	36142	30
616	untuniutntrng55886	0.0008960559048715492	34803	30
617	untuniutntrng55886	0.0008960559048715492	34930	30
618	untuniutntrng55886	0.0008960559048715492	33858	30
619	untuniutntrng55886	0.0008960559048715492	34234	30
620	untuniutntrng55886	0.0008960559048715492	36772	30
621	untuniutntrng55886	0.0008960559048715492	34347	30
622	untuniutntrng55886	0.0008960559048715492	35848	30
623	untuniutntrng55886	0.0008960559048715492	34576	30
624	untuniutntrng55886	0.0008960559048715492	33986	30
625	untuniutntrng55886	0.0008960559048715492	33960	30
626	untuniutntrng55886	0.0008960559048715492	34992	30
627	untuniutntrng55886	0.0008960559048715492	34559	30
628	untuniutntrng55886	0.0008960559048715492	34125	30
629	untuniutntrng55886	0.0008960559048715492	33982	30
630	untuniutntrng55886	0.0008960559048715492	36256	30
631	untuniutntrng55886	0.0008960559048715492	36044	30
632	untuniutntrng55886	0.0008960559048715492	34541	30
633	untuniutntrng55886	0.0008960559048715492	34719	30
634	untuniutntrng55886	0.0008960559048715492	34902	30
635	untuniutntrng55886	0.0008960559048715492	34649	30
636	untuniutntrng55886	0.0008960559048715492	35402	30
637	untuniutntrng55886	0.0008960559048715492	36014	30
638	untuniutntrng55886	0.0008960559048715492	34359	30
639	untuniutntrng55886	0.0008960559048715492	35695	30
640	untuniutntrng55886	0.0008960559048715492	34508	30
641	untuniutntrng55886	0.0008960559048715492	36743	30
642	untuniutntrng55886	0.0008960559048715492	34449	30
643	untuniutntrng55886	0.0008960559048715492	34294	30
644	untuniutntrng55886	0.0008960559048715492	34435	30
645	untuniutntrng55886	0.0008960559048715492	34438	30
646	untuniutntrng55886	0.0008960559048715492	36448	30
647	untuniutntrng55886	0.0008960559048715492	33904	30
648	untuniutntrng55886	0.0008960559048715492	35920	30
649	untuniutntrng55886	0.0008960559048715492	34225	30
650	untuniutntrng55886	0.0008960559048715492	35516	30
651	untuniutntrng55886	0.0008960559048715492	36055	30
652	untuniutntrng55886	0.0008960559048715492	36556	30
653	untuniutntrng55886	0.0008960559048715492	35242	30
654	untuniutntrng55886	0.0008960559048715492	34339	30
655	untuniutntrng55886	0.0008960559048715492	35607	30
656	untuniutntrng55886	0.0008960559048715492	36739	30
657	untuniutntrng55886	0.0008960559048715492	34150	30
658	untuniutntrng55886	0.0008960559048715492	34048	30
659	untuniutntrng55886	0.0008960559048715492	34837	30
660	untuniutntrng55886	0.0008960559048715492	35658	30
661	untuniutntrng55886	0.0008960559048715492	35531	30
662	untuniutntrng55886	0.0008960559048715492	34532	30
663	untuniutntrng55886	0.0008960559048715492	34260	30
664	untuniutntrng55886	0.0008960559048715492	35136	30
665	untuniutntrng55886	0.0008960559048715492	34204	30
666	untuniutntrng55886	0.0008960559048715492	35949	30
667	untuniutntrng55886	0.0008960559048715492	35803	30
668	untuniutntrng55886	0.0008960559048715492	34158	30
669	untuniutntrng55886	0.0008960559048715492	35714	30
670	untuniutntrng55886	0.0008960559048715492	36715	30
671	untuniutntrng55886	0.0008960559048715492	33988	30
672	untuniutntrng55886	0.0008960559048715492	34438	30
673	untuniutntrng55886	0.0008960559048715492	35713	30
674	untuniutntrng55886	0.0008960559048715492	34214	30
675	untuniutntrng55886	0.0008960559048715492	36403	30
676	untuniutntrng55886	0.0008960559048715492	36709	30
677	untuniutntrng55886	0.0008960559048715492	34000	30
678	untuniutntrng55886	0.0008960559048715492	36129	30
679	untuniutntrng55886	0.0008960559048715492	34353	30
680	untuniutntrng55886	0.0008960559048715492	34046	30
681	untuniutntrng55886	0.0008960559048715492	36466	30
682	untuniutntrng55886	0.0008960559048715492	35014	30
683	untuniutntrng55886	0.0008960559048715492	36156	30
684	untuniutntrng55886	0.0008960559048715492	35392	30
685	untuniutntrng55886	0.0008960559048715492	34542	30
686	untuniutntrng55886	0.0008960559048715492	35844	30
687	untuniutntrng55886	0.0008960559048715492	34937	30
688	untuniutntrng55886	0.0008960559048715492	34409	30
689	untuniutntrng55886	0.0008960559048715492	34217	30
690	untuniutntrng55886	0.0008960559048715492	36174	30
691	untuniutntrng55886	0.0008960559048715492	34054	30
692	untuniutntrng55886	0.0008960559048715492	35852	30
693	untuniutntrng55886	0.0008960559048715492	35646	30
694	untuniutntrng55886	0.0008960559048715492	35857	30
695	untuniutntrng55886	0.0008960559048715492	34966	30
696	untuniutntrng55886	0.0008960559048715492	34617	30
697	untuniutntrng55886	0.0008960559048715492	34612	30
698	untuniutntrng55886	0.0008960559048715492	35758	30
699	untuniutntrng55886	0.0008960559048715492	35953	30
700	untuniutntrng55886	0.0008960559048715492	33937	400
701	untuniutntrng55886	0.0008960559048715492	34174	400
702	untuniutntrng55886	0.0008960559048715492	34241	400
703	untuniutntrng55886	0.0008960559048715492	36383	400
704	untuniutntrng55886	0.0008960559048715492	34544	400
705	untuniutntrng55886	0.0008960559048715492	34940	400
706	untuniutntrng55886	0.0008960559048715492	36667	400
707	untuniutntrng55886	0.0008960559048715492	35357	400
708	untuniutntrng55886	0.0008960559048715492	36043	400
709	untuniutntrng55886	0.0008960559048715492	35409	400
710	untuniutntrng55886	0.0008960559048715492	35278	400
711	untuniutntrng55886	0.0008960559048715492	34533	400
712	untuniutntrng55886	0.0008960559048715492	35925	400
713	untuniutntrng55886	0.0008960559048715492	36299	400
714	untuniutntrng55886	0.0008960559048715492	34185	400
715	untuniutntrng55886	0.0008960559048715492	34225	400
716	untuniutntrng55886	0.0008960559048715492	35066	400
717	untuniutntrng55886	0.0008960559048715492	34504	400
718	untuniutntrng55886	0.0008960559048715492	34340	400
719	untuniutntrng55886	0.0008960559048715492	34827	400
720	untuniutntrng55886	0.0008960559048715492	35399	400
721	untuniutntrng55886	0.0008960559048715492	36053	400
722	untuniutntrng55886	0.0008960559048715492	34042	400
723	untuniutntrng55886	0.0008960559048715492	35975	400
724	untuniutntrng55886	0.0008960559048715492	34112	400
725	untuniutntrng55886	0.0008960559048715492	36691	400
726	untuniutntrng55886	0.0008960559048715492	34275	400
727	untuniutntrng55886	0.0008960559048715492	36447	400
728	untuniutntrng55886	0.0008960559048715492	33783	400
729	untuniutntrng55886	0.0008960559048715492	35249	400
730	untuniutntrng55886	0.0008960559048715492	35634	400
731	untuniutntrng55886	0.0008960559048715492	34279	400
732	untuniutntrng55886	0.0008960559048715492	35886	400
733	untuniutntrng55886	0.0008960559048715492	36016	400
734	untuniutntrng55886	0.0008960559048715492	35129	400
735	untuniutntrng55886	0.0008960559048715492	33894	400
736	untuniutntrng55886	0.0008960559048715492	35104	400
737	untuniutntrng55886	0.0008960559048715492	34807	400
738	untuniutntrng55886	0.0008960559048715492	33897	400
739	untuniutntrng55886	0.0008960559048715492	33969	400
740	untuniutntrng55886	0.0008960559048715492	35843	400
741	untuniutntrng55886	0.0008960559048715492	35162	400
742	untuniutntrng55886	0.0008960559048715492	34315	400
743	untuniutntrng55886	0.0008960559048715492	34928	400
744	untuniutntrng55886	0.0008960559048715492	36483	400
745	untuniutntrng55886	0.0008960559048715492	34325	400
746	untuniutntrng55886	0.0008960559048715492	35913	400
747	untuniutntrng55886	0.0008960559048715492	35376	400
748	untuniutntrng55886	0.0008960559048715492	36188	400
749	untuniutntrng55886	0.0008960559048715492	34634	400
750	untuniutntrng55886	0.0008960559048715492	34137	400
751	untuniutntrng55886	0.0008960559048715492	35213	400
752	untuniutntrng55886	0.0008960559048715492	33848	400
753	untuniutntrng55886	0.0008960559048715492	35788	400
754	untuniutntrng55886	0.0008960559048715492	34054	400
755	untuniutntrng55886	0.0008960559048715492	35274	400
756	untuniutntrng55886	0.0008960559048715492	34099	400
757	untuniutntrng55886	0.0008960559048715492	34873	400
758	untuniutntrng55886	0.0008960559048715492	34388	400
759	untuniutntrng55886	0.0008960559048715492	36426	400
760	untuniutntrng55886	0.0008960559048715492	34464	400
761	untuniutntrng55886	0.0008960559048715492	35835	400
762	untuniutntrng55886	0.0008960559048715492	33993	400
763	untuniutntrng55886	0.0008960559048715492	35963	400
764	untuniutntrng55886	0.0008960559048715492	35049	400
765	untuniutntrng55886	0.0008960559048715492	34056	400
766	untuniutntrng55886	0.0008960559048715492	36562	400
767	untuniutntrng55886	0.0008960559048715492	34961	400
768	untuniutntrng55886	0.0008960559048715492	34199	400
769	untuniutntrng55886	0.0008960559048715492	34370	400
770	untuniutntrng55886	0.0008960559048715492	35838	400
771	untuniutntrng55886	0.0008960559048715492	33813	400
772	untuniutntrng55886	0.0008960559048715492	36591	400
773	untuniutntrng55886	0.0008960559048715492	34987	400
774	untuniutntrng55886	0.0008960559048715492	35371	400
775	untuniutntrng55886	0.0008960559048715492	34758	400
776	untuniutntrng55886	0.0008960559048715492	33949	400
777	untuniutntrng55886	0.0008960559048715492	34243	400
778	untuniutntrng55886	0.0008960559048715492	34850	400
779	untuniutntrng55886	0.0008960559048715492	33662	400
780	untuniutntrng55886	0.0008960559048715492	33984	400
781	untuniutntrng55886	0.0008960559048715492	34229	400
782	untuniutntrng55886	0.0008960559048715492	35791	400
783	untuniutntrng55886	0.0008960559048715492	34404	400
784	untuniutntrng55886	0.0008960559048715492	35671	400
785	untuniutntrng55886	0.0008960559048715492	34110	400
786	untuniutntrng55886	0.0008960559048715492	33926	400
787	untuniutntrng55886	0.0008960559048715492	34702	400
788	untuniutntrng55886	0.0008960559048715492	36201	400
789	untuniutntrng55886	0.0008960559048715492	34211	400
790	untuniutntrng55886	0.0008960559048715492	34114	400
791	untuniutntrng55886	0.0008960559048715492	35797	400
792	untuniutntrng55886	0.0008960559048715492	34261	400
793	untuniutntrng55886	0.0008960559048715492	34169	400
794	untuniutntrng55886	0.0008960559048715492	36134	400
795	untuniutntrng55886	0.0008960559048715492	34091	400
796	untuniutntrng55886	0.0008960559048715492	33745	400
797	untuniutntrng55886	0.0008960559048715492	34415	400
798	untuniutntrng55886	0.0008960559048715492	35524	400
799	untuniutntrng55886	0.0008960559048715492	34328	400
800	untuniutntrng55886	0.0008960559048715492	34036	40
801	untuniutntrng55886	0.0008960559048715492	35681	40
802	untuniutntrng55886	0.0008960559048715492	35614	40
803	untuniutntrng55886	0.0008960559048715492	34356	40
804	untuniutntrng55886	0.0008960559048715492	35317	40
805	untuniutntrng55886	0.0008960559048715492	34016	40
806	untuniutntrng55886	0.0008960559048715492	36036	40
807	untuniutntrng55886	0.0008960559048715492	34080	40
808	untuniutntrng55886	0.0008960559048715492	35300	40
809	untuniutntrng55886	0.0008960559048715492	36014	40
810	untuniutntrng55886	0.0008960559048715492	34973	40
811	untuniutntrng55886	0.0008960559048715492	34057	40
812	untuniutntrng55886	0.0008960559048715492	34924	40
813	untuniutntrng55886	0.0008960559048715492	34012	40
814	untuniutntrng55886	0.0008960559048715492	35648	40
815	untuniutntrng55886	0.0008960559048715492	35734	40
816	untuniutntrng55886	0.0008960559048715492	35931	40
817	untuniutntrng55886	0.0008960559048715492	35384	40
818	untuniutntrng55886	0.0008960559048715492	35915	40
819	untuniutntrng55886	0.0008960559048715492	34485	40
820	untuniutntrng55886	0.0008960559048715492	35913	40
821	untuniutntrng55886	0.0008960559048715492	34824	40
822	untuniutntrng55886	0.0008960559048715492	36388	40
823	untuniutntrng55886	0.0008960559048715492	34528	40
824	untuniutntrng55886	0.0008960559048715492	33777	40
825	untuniutntrng55886	0.0008960559048715492	36339	40
826	untuniutntrng55886	0.0008960559048715492	34069	40
827	untuniutntrng55886	0.0008960559048715492	36643	40
828	untuniutntrng55886	0.0008960559048715492	34268	40
829	untuniutntrng55886	0.0008960559048715492	35533	40
830	untuniutntrng55886	0.0008960559048715492	36270	40
831	untuniutntrng55886	0.0008960559048715492	34231	40
832	untuniutntrng55886	0.0008960559048715492	34520	40
833	untuniutntrng55886	0.0008960559048715492	34278	40
834	untuniutntrng55886	0.0008960559048715492	34907	40
835	untuniutntrng55886	0.0008960559048715492	36298	40
836	untuniutntrng55886	0.0008960559048715492	33974	40
837	untuniutntrng55886	0.0008960559048715492	35715	40
838	untuniutntrng55886	0.0008960559048715492	35802	40
839	untuniutntrng55886	0.0008960559048715492	34711	40
840	untuniutntrng55886	0.0008960559048715492	35787	40
841	untuniutntrng55886	0.0008960559048715492	36442	40
842	untuniutntrng55886	0.0008960559048715492	34322	40
843	untuniutntrng55886	0.0008960559048715492	33943	40
844	untuniutntrng55886	0.0008960559048715492	34896	40
845	untuniutntrng55886	0.0008960559048715492	36830	40
846	untuniutntrng55886	0.0008960559048715492	36264	40
847	untuniutntrng55886	0.0008960559048715492	35651	40
848	untuniutntrng55886	0.0008960559048715492	36517	40
849	untuniutntrng55886	0.0008960559048715492	35861	40
850	untuniutntrng55886	0.0008960559048715492	34412	40
851	untuniutntrng55886	0.0008960559048715492	35746	40
852	untuniutntrng55886	0.0008960559048715492	35130	40
853	untuniutntrng55886	0.0008960559048715492	35726	40
854	untuniutntrng55886	0.0008960559048715492	34760	40
855	untuniutntrng55886	0.0008960559048715492	35493	40
856	untuniutntrng55886	0.0008960559048715492	36303	40
857	untuniutntrng55886	0.0008960559048715492	36619	40
858	untuniutntrng55886	0.0008960559048715492	33913	40
859	untuniutntrng55886	0.0008960559048715492	33936	40
860	untuniutntrng55886	0.0008960559048715492	33761	40
861	untuniutntrng55886	0.0008960559048715492	36675	40
862	untuniutntrng55886	0.0008960559048715492	36451	40
863	untuniutntrng55886	0.0008960559048715492	34041	40
864	untuniutntrng55886	0.0008960559048715492	36463	40
865	untuniutntrng55886	0.0008960559048715492	34411	40
866	untuniutntrng55886	0.0008960559048715492	33716	40
867	untuniutntrng55886	0.0008960559048715492	34532	40
868	untuniutntrng55886	0.0008960559048715492	33864	40
869	untuniutntrng55886	0.0008960559048715492	36362	40
870	untuniutntrng55886	0.0008960559048715492	34580	40
871	untuniutntrng55886	0.0008960559048715492	33954	40
872	untuniutntrng55886	0.0008960559048715492	34720	40
873	untuniutntrng55886	0.0008960559048715492	33622	40
874	untuniutntrng55886	0.0008960559048715492	33835	40
875	untuniutntrng55886	0.0008960559048715492	34201	40
876	untuniutntrng55886	0.0008960559048715492	34291	40
877	untuniutntrng55886	0.0008960559048715492	35601	40
878	untuniutntrng55886	0.0008960559048715492	36181	40
879	untuniutntrng55886	0.0008960559048715492	36623	40
880	untuniutntrng55886	0.0008960559048715492	34266	40
881	untuniutntrng55886	0.0008960559048715492	36268	40
882	untuniutntrng55886	0.0008960559048715492	33620	40
883	untuniutntrng55886	0.0008960559048715492	35447	40
884	untuniutntrng55886	0.0008960559048715492	36325	40
885	untuniutntrng55886	0.0008960559048715492	34007	40
886	untuniutntrng55886	0.0008960559048715492	36738	40
887	untuniutntrng55886	0.0008960559048715492	35318	40
888	untuniutntrng55886	0.0008960559048715492	34114	40
889	untuniutntrng55886	0.0008960559048715492	35204	40
890	untuniutntrng55886	0.0008960559048715492	35925	40
891	untuniutntrng55886	0.0008960559048715492	34148	40
892	untuniutntrng55886	0.0008960559048715492	36180	40
893	untuniutntrng55886	0.0008960559048715492	35612	40
894	untuniutntrng55886	0.0008960559048715492	36147	40
895	untuniutntrng55886	0.0008960559048715492	35683	40
896	untuniutntrng55886	0.0008960559048715492	36413	40
897	untuniutntrng55886	0.0008960559048715492	35262	40
898	untuniutntrng55886	0.0008960559048715492	33801	40
899	untuniutntrng55886	0.0008960559048715492	35606	40
900	untuniutntrng55886	0.0008960559048715492	35345	500
901	untuniutntrng55886	0.0008960559048715492	35848	500
902	untuniutntrng55886	0.0008960559048715492	34905	500
903	untuniutntrng55886	0.0008960559048715492	35840	500
904	untuniutntrng55886	0.0008960559048715492	36439	500
905	untuniutntrng55886	0.0008960559048715492	34660	500
906	untuniutntrng55886	0.0008960559048715492	33980	500
907	untuniutntrng55886	0.0008960559048715492	35683	500
908	untuniutntrng55886	0.0008960559048715492	36696	500
909	untuniutntrng55886	0.0008960559048715492	33849	500
910	untuniutntrng55886	0.0008960559048715492	35188	500
911	untuniutntrng55886	0.0008960559048715492	33952	500
912	untuniutntrng55886	0.0008960559048715492	34180	500
913	untuniutntrng55886	0.0008960559048715492	36538	500
914	untuniutntrng55886	0.0008960559048715492	36443	500
915	untuniutntrng55886	0.0008960559048715492	35456	500
916	untuniutntrng55886	0.0008960559048715492	35472	500
917	untuniutntrng55886	0.0008960559048715492	36292	500
918	untuniutntrng55886	0.0008960559048715492	34500	500
919	untuniutntrng55886	0.0008960559048715492	33887	500
920	untuniutntrng55886	0.0008960559048715492	34218	500
921	untuniutntrng55886	0.0008960559048715492	36429	500
922	untuniutntrng55886	0.0008960559048715492	36345	500
923	untuniutntrng55886	0.0008960559048715492	34124	500
924	untuniutntrng55886	0.0008960559048715492	36677	500
925	untuniutntrng55886	0.0008960559048715492	34831	500
926	untuniutntrng55886	0.0008960559048715492	35126	500
927	untuniutntrng55886	0.0008960559048715492	33803	500
928	untuniutntrng55886	0.0008960559048715492	34431	500
929	untuniutntrng55886	0.0008960559048715492	34453	500
930	untuniutntrng55886	0.0008960559048715492	33872	500
931	untuniutntrng55886	0.0008960559048715492	35083	500
932	untuniutntrng55886	0.0008960559048715492	34707	500
933	untuniutntrng55886	0.0008960559048715492	34947	500
934	untuniutntrng55886	0.0008960559048715492	34442	500
935	untuniutntrng55886	0.0008960559048715492	36185	500
936	untuniutntrng55886	0.0008960559048715492	34110	500
937	untuniutntrng55886	0.0008960559048715492	33760	500
938	untuniutntrng55886	0.0008960559048715492	34050	500
939	untuniutntrng55886	0.0008960559048715492	36551	500
940	untuniutntrng55886	0.0008960559048715492	36758	500
941	untuniutntrng55886	0.0008960559048715492	34304	500
942	untuniutntrng55886	0.0008960559048715492	36382	500
943	untuniutntrng55886	0.0008960559048715492	36022	500
944	untuniutntrng55886	0.0008960559048715492	34328	500
945	untuniutntrng55886	0.0008960559048715492	34939	500
946	untuniutntrng55886	0.0008960559048715492	34025	500
947	untuniutntrng55886	0.0008960559048715492	34911	500
948	untuniutntrng55886	0.0008960559048715492	33930	500
949	untuniutntrng55886	0.0008960559048715492	36494	500
950	untuniutntrng55886	0.0008960559048715492	33944	500
951	untuniutntrng55886	0.0008960559048715492	34874	500
952	untuniutntrng55886	0.0008960559048715492	33848	500
953	untuniutntrng55886	0.0008960559048715492	34086	500
954	untuniutntrng55886	0.0008960559048715492	35422	500
955	untuniutntrng55886	0.0008960559048715492	35462	500
956	untuniutntrng55886	0.0008960559048715492	34689	500
957	untuniutntrng55886	0.0008960559048715492	35156	500
958	untuniutntrng55886	0.0008960559048715492	34318	500
959	untuniutntrng55886	0.0008960559048715492	34482	500
960	untuniutntrng55886	0.0008960559048715492	35170	500
961	untuniutntrng55886	0.0008960559048715492	34426	500
962	untuniutntrng55886	0.0008960559048715492	34551	500
963	untuniutntrng55886	0.0008960559048715492	34253	500
964	untuniutntrng55886	0.0008960559048715492	33621	500
965	untuniutntrng55886	0.0008960559048715492	34405	500
966	untuniutntrng55886	0.0008960559048715492	34811	500
967	untuniutntrng55886	0.0008960559048715492	34910	500
968	untuniutntrng55886	0.0008960559048715492	34493	500
969	untuniutntrng55886	0.0008960559048715492	34553	500
970	untuniutntrng55886	0.0008960559048715492	33905	500
971	untuniutntrng55886	0.0008960559048715492	35405	500
972	untuniutntrng55886	0.0008960559048715492	33804	500
973	untuniutntrng55886	0.0008960559048715492	34341	500
974	untuniutntrng55886	0.0008960559048715492	34470	500
975	untuniutntrng55886	0.0008960559048715492	34460	500
976	untuniutntrng55886	0.0008960559048715492	34199	500
977	untuniutntrng55886	0.0008960559048715492	35591	500
978	untuniutntrng55886	0.0008960559048715492	34870	500
979	untuniutntrng55886	0.0008960559048715492	35896	500
980	untuniutntrng55886	0.0008960559048715492	36242	500
981	untuniutntrng55886	0.0008960559048715492	35477	500
982	untuniutntrng55886	0.0008960559048715492	33935	500
983	untuniutntrng55886	0.0008960559048715492	33743	500
984	untuniutntrng55886	0.0008960559048715492	35300	500
985	untuniutntrng55886	0.0008960559048715492	36193	500
986	untuniutntrng55886	0.0008960559048715492	34503	500
987	untuniutntrng55886	0.0008960559048715492	34044	500
988	untuniutntrng55886	0.0008960559048715492	36127	500
989	untuniutntrng55886	0.0008960559048715492	34270	500
990	untuniutntrng55886	0.0008960559048715492	34020	500
991	untuniutntrng55886	0.0008960559048715492	34029	500
992	untuniutntrng55886	0.0008960559048715492	36035	500
993	untuniutntrng55886	0.0008960559048715492	35184	500
994	untuniutntrng55886	0.0008960559048715492	34220	500
995	untuniutntrng55886	0.0008960559048715492	35461	500
996	untuniutntrng55886	0.0008960559048715492	34580	500
997	untuniutntrng55886	0.0008960559048715492	35698	500
998	untuniutntrng55886	0.0008960559048715492	34210	500
999	untuniutntrng55886	0.0008960559048715492	35275	500
1000	untuniutntrng55886	0.0008960559048715492	34953	50
1001	untuniutntrng55886	0.0008960559048715492	34892	50
1002	untuniutntrng55886	0.0008960559048715492	34155	50
1003	untuniutntrng55886	0.0008960559048715492	34255	50
1004	untuniutntrng55886	0.0008960559048715492	36360	50
1005	untuniutntrng55886	0.0008960559048715492	33994	50
1006	untuniutntrng55886	0.0008960559048715492	36117	50
1007	untuniutntrng55886	0.0008960559048715492	33805	50
1008	untuniutntrng55886	0.0008960559048715492	34297	50
1009	untuniutntrng55886	0.0008960559048715492	35823	50
1010	untuniutntrng55886	0.0008960559048715492	34416	50
1011	untuniutntrng55886	0.0008960559048715492	36389	50
1012	untuniutntrng55886	0.0008960559048715492	33827	50
1013	untuniutntrng55886	0.0008960559048715492	34428	50
1014	untuniutntrng55886	0.0008960559048715492	35475	50
1015	untuniutntrng55886	0.0008960559048715492	33905	50
1016	untuniutntrng55886	0.0008960559048715492	36153	50
1017	untuniutntrng55886	0.0008960559048715492	34889	50
1018	untuniutntrng55886	0.0008960559048715492	34587	50
1019	untuniutntrng55886	0.0008960559048715492	35892	50
1020	untuniutntrng55886	0.0008960559048715492	35899	50
1021	untuniutntrng55886	0.0008960559048715492	36515	50
1022	untuniutntrng55886	0.0008960559048715492	36440	50
1023	untuniutntrng55886	0.0008960559048715492	34840	50
1024	untuniutntrng55886	0.0008960559048715492	35649	50
1025	untuniutntrng55886	0.0008960559048715492	34383	50
1026	untuniutntrng55886	0.0008960559048715492	36211	50
1027	untuniutntrng55886	0.0008960559048715492	34751	50
1028	untuniutntrng55886	0.0008960559048715492	33635	50
1029	untuniutntrng55886	0.0008960559048715492	35356	50
1030	untuniutntrng55886	0.0008960559048715492	34541	50
1031	untuniutntrng55886	0.0008960559048715492	36678	50
1032	untuniutntrng55886	0.0008960559048715492	33800	50
1033	untuniutntrng55886	0.0008960559048715492	33870	50
1034	untuniutntrng55886	0.0008960559048715492	33744	50
1035	untuniutntrng55886	0.0008960559048715492	36201	50
1036	untuniutntrng55886	0.0008960559048715492	35775	50
1037	untuniutntrng55886	0.0008960559048715492	34551	50
1038	untuniutntrng55886	0.0008960559048715492	35775	50
1039	untuniutntrng55886	0.0008960559048715492	34203	50
1040	untuniutntrng55886	0.0008960559048715492	34032	50
1041	untuniutntrng55886	0.0008960559048715492	33765	50
1042	untuniutntrng55886	0.0008960559048715492	33835	50
1043	untuniutntrng55886	0.0008960559048715492	35686	50
1044	untuniutntrng55886	0.0008960559048715492	35565	50
1045	untuniutntrng55886	0.0008960559048715492	33966	50
1046	untuniutntrng55886	0.0008960559048715492	35464	50
1047	untuniutntrng55886	0.0008960559048715492	34443	50
1048	untuniutntrng55886	0.0008960559048715492	34865	50
1049	untuniutntrng55886	0.0008960559048715492	35207	50
1050	untuniutntrng55886	0.0008960559048715492	36286	50
1051	untuniutntrng55886	0.0008960559048715492	34764	50
1052	untuniutntrng55886	0.0008960559048715492	33785	50
1053	untuniutntrng55886	0.0008960559048715492	34539	50
1054	untuniutntrng55886	0.0008960559048715492	36313	50
1055	untuniutntrng55886	0.0008960559048715492	34513	50
1056	untuniutntrng55886	0.0008960559048715492	36279	50
1057	untuniutntrng55886	0.0008960559048715492	35684	50
1058	untuniutntrng55886	0.0008960559048715492	35835	50
1059	untuniutntrng55886	0.0008960559048715492	33876	50
1060	untuniutntrng55886	0.0008960559048715492	35897	50
1061	untuniutntrng55886	0.0008960559048715492	34682	50
1062	untuniutntrng55886	0.0008960559048715492	34362	50
1063	untuniutntrng55886	0.0008960559048715492	35689	50
1064	untuniutntrng55886	0.0008960559048715492	34057	50
1065	untuniutntrng55886	0.0008960559048715492	34051	50
1066	untuniutntrng55886	0.0008960559048715492	35265	50
1067	untuniutntrng55886	0.0008960559048715492	33798	50
1068	untuniutntrng55886	0.0008960559048715492	36181	50
1069	untuniutntrng55886	0.0008960559048715492	35990	50
1070	untuniutntrng55886	0.0008960559048715492	33834	50
1071	untuniutntrng55886	0.0008960559048715492	35295	50
1072	untuniutntrng55886	0.0008960559048715492	33753	50
1073	untuniutntrng55886	0.0008960559048715492	33766	50
1074	untuniutntrng55886	0.0008960559048715492	34050	50
1075	untuniutntrng55886	0.0008960559048715492	36611	50
1076	untuniutntrng55886	0.0008960559048715492	34479	50
1077	untuniutntrng55886	0.0008960559048715492	34010	50
1078	untuniutntrng55886	0.0008960559048715492	35917	50
1079	untuniutntrng55886	0.0008960559048715492	34484	50
1080	untuniutntrng55886	0.0008960559048715492	36281	50
1081	untuniutntrng55886	0.0008960559048715492	33962	50
1082	untuniutntrng55886	0.0008960559048715492	34048	50
1083	untuniutntrng55886	0.0008960559048715492	36086	50
1084	untuniutntrng55886	0.0008960559048715492	35049	50
1085	untuniutntrng55886	0.0008960559048715492	34019	50
1086	untuniutntrng55886	0.0008960559048715492	34035	50
1087	untuniutntrng55886	0.0008960559048715492	36328	50
1088	untuniutntrng55886	0.0008960559048715492	35410	50
1089	untuniutntrng55886	0.0008960559048715492	36204	50
1090	untuniutntrng55886	0.0008960559048715492	36513	50
1091	untuniutntrng55886	0.0008960559048715492	34587	50
1092	untuniutntrng55886	0.0008960559048715492	34926	50
1093	untuniutntrng55886	0.0008960559048715492	34451	50
1094	untuniutntrng55886	0.0008960559048715492	35681	50
1095	untuniutntrng55886	0.0008960559048715492	35713	50
1096	untuniutntrng55886	0.0008960559048715492	33923	50
1097	untuniutntrng55886	0.0008960559048715492	34766	50
1098	untuniutntrng55886	0.0008960559048715492	35419	50
1099	untuniutntrng55886	0.0008960559048715492	34119	50
