	tf_idf_words	tf_idf	tf_idf_rang	dispersion	dispersion_numeric
0	untuniutntrng55886	1.0492844662369851	1	1000/1	1000.0
1	untuniutntrng55886	1.049318645086132	1	1000/1	1000.0
2	untuniutntrng55886	1.049538073667196	1	1000/1	1000.0
3	untuniutntrng55886	1.0492114328175095	1	1000/1	1000.0
4	untuniutntrng55886	1.0485370031202157	1	1000/1	1000.0
5	untuniutntrng55886	1.0486199518760937	1	1000/1	1000.0
6	untuniutntrng55886	1.0487244430621492	1	1000/1	1000.0
7	untuniutntrng55886	1.0489055358056698	1	1000/1	1000.0
8	untuniutntrng55886	1.048783537463553	1	1000/1	1000.0
9	untuniutntrng55886	1.0493971834725278	1	1000/1	1000.0
10	untuniutntrng55886	1.049343538043433	1	1000/1	1000.0
11	untuniutntrng55886	1.0492679647868022	1	1000/1	1000.0
12	untuniutntrng55886	1.049009832909994	1	1000/1	1000.0
13	untuniutntrng55886	1.0491037548024664	1	1000/1	1000.0
14	untuniutntrng55886	1.0489360597322517	1	1000/1	1000.0
15	untuniutntrng55886	1.0490019622786098	1	1000/1	1000.0
16	untuniutntrng55886	1.048724974859309	1	1000/1	1000.0
17	untuniutntrng55886	1.0488842557887443	1	1000/1	1000.0
18	untuniutntrng55886	1.0486310699118433	1	1000/1	1000.0
19	untuniutntrng55886	1.0486729864367719	1	1000/1	1000.0
20	untuniutntrng55886	1.048897540565383	1	1000/1	1000.0
21	untuniutntrng55886	1.048961903108224	1	1000/1	1000.0
22	untuniutntrng55886	1.0491832827863692	1	1000/1	1000.0
23	untuniutntrng55886	1.0494012251527172	1	1000/1	1000.0
24	untuniutntrng55886	1.0490969913289985	1	1000/1	1000.0
25	untuniutntrng55886	1.0483900274541558	1	1000/1	1000.0
26	untuniutntrng55886	1.0495991575012067	1	1000/1	1000.0
27	untuniutntrng55886	1.0489107277302523	1	1000/1	1000.0
28	untuniutntrng55886	1.049100063304559	1	1000/1	1000.0
29	untuniutntrng55886	1.0488505693525187	1	1000/1	1000.0
30	untuniutntrng55886	1.0487478434563997	1	1000/1	1000.0
31	untuniutntrng55886	1.0485429707917528	1	1000/1	1000.0
32	untuniutntrng55886	1.0486348035336812	1	1000/1	1000.0
33	untuniutntrng55886	1.04843683280865	1	1000/1	1000.0
34	untuniutntrng55886	1.049085105528278	1	1000/1	1000.0
35	untuniutntrng55886	1.0491864992844455	1	1000/1	1000.0
36	untuniutntrng55886	1.0495900643701053	1	1000/1	1000.0
37	untuniutntrng55886	1.049683821951642	1	1000/1	1000.0
38	untuniutntrng55886	1.0490512416452435	1	1000/1	1000.0
39	untuniutntrng55886	1.0500570054085612	1	1000/1	1000.0
40	untuniutntrng55886	1.0495961100276403	1	1000/1	1000.0
41	untuniutntrng55886	1.0493609056527256	1	1000/1	1000.0
42	untuniutntrng55886	1.0492600179022198	1	1000/1	1000.0
43	untuniutntrng55886	1.0494621847570742	1	1000/1	1000.0
44	untuniutntrng55886	1.0486806722605069	1	1000/1	1000.0
45	untuniutntrng55886	1.0493886099584682	1	1000/1	1000.0
46	untuniutntrng55886	1.0489238806409658	1	1000/1	1000.0
47	untuniutntrng55886	1.0498050475892735	1	1000/1	1000.0
48	untuniutntrng55886	1.0491020116025298	1	1000/1	1000.0
49	untuniutntrng55886	1.0488869535235246	1	1000/1	1000.0
50	untuniutntrng55886	1.04917172139312	1	1000/1	1000.0
51	untuniutntrng55886	1.0487216081057904	1	1000/1	1000.0
52	untuniutntrng55886	1.0485409965321684	1	1000/1	1000.0
53	untuniutntrng55886	1.048877115798558	1	1000/1	1000.0
54	untuniutntrng55886	1.0486544300388645	1	1000/1	1000.0
55	untuniutntrng55886	1.0483614455839367	1	1000/1	1000.0
56	untuniutntrng55886	1.0486557504780492	1	1000/1	1000.0
57	untuniutntrng55886	1.049154034612342	1	1000/1	1000.0
58	untuniutntrng55886	1.0494007367962026	1	1000/1	1000.0
59	untuniutntrng55886	1.0482959468337163	1	1000/1	1000.0
60	untuniutntrng55886	1.0489611166500958	1	1000/1	1000.0
61	untuniutntrng55886	1.0485611560331185	1	1000/1	1000.0
62	untuniutntrng55886	1.0493972264753204	1	1000/1	1000.0
63	untuniutntrng55886	1.0487277431624062	1	1000/1	1000.0
64	untuniutntrng55886	1.0484521573489114	1	1000/1	1000.0
65	untuniutntrng55886	1.0494570820951672	1	1000/1	1000.0
66	untuniutntrng55886	1.0487581978110831	1	1000/1	1000.0
67	untuniutntrng55886	1.0487562057741124	1	1000/1	1000.0
68	untuniutntrng55886	1.0485470004240542	1	1000/1	1000.0
69	untuniutntrng55886	1.0488619023970898	1	1000/1	1000.0
70	untuniutntrng55886	1.0488022778953274	1	1000/1	1000.0
71	untuniutntrng55886	1.0482827107814203	1	1000/1	1000.0
72	untuniutntrng55886	1.048725309746523	1	1000/1	1000.0
73	untuniutntrng55886	1.049259136087455	1	1000/1	1000.0
74	untuniutntrng55886	1.048866584962092	1	1000/1	1000.0
75	untuniutntrng55886	1.0492202949025524	1	1000/1	1000.0
76	untuniutntrng55886	1.0497896638230726	1	1000/1	1000.0
77	untuniutntrng55886	1.0490147367094325	1	1000/1	1000.0
78	untuniutntrng55886	1.0488399042245309	1	1000/1	1000.0
79	untuniutntrng55886	1.049427202784442	1	1000/1	1000.0
80	untuniutntrng55886	1.0492508273213446	1	1000/1	1000.0
81	untuniutntrng55886	1.0488176735418158	1	1000/1	1000.0
82	untuniutntrng55886	1.0489750069399515	1	1000/1	1000.0
83	untuniutntrng55886	1.048855821402882	1	1000/1	1000.0
84	untuniutntrng55886	1.0486052918834194	1	1000/1	1000.0
85	untuniutntrng55886	1.0494298419957035	1	1000/1	1000.0
86	untuniutntrng55886	1.048931139986086	1	1000/1	1000.0
87	untuniutntrng55886	1.0490795245860671	1	1000/1	1000.0
88	untuniutntrng55886	1.0484495445570006	1	1000/1	1000.0
89	untuniutntrng55886	1.0491223745332416	1	1000/1	1000.0
90	untuniutntrng55886	1.048740718342605	1	1000/1	1000.0
91	untuniutntrng55886	1.048986822548395	1	1000/1	1000.0
92	untuniutntrng55886	1.0492855448135645	1	1000/1	1000.0
93	untuniutntrng55886	1.0489689672591618	1	1000/1	1000.0
94	untuniutntrng55886	1.0487573584175502	1	1000/1	1000.0
95	untuniutntrng55886	1.0487931606415457	1	1000/1	1000.0
96	untuniutntrng55886	1.0483174889561635	1	1000/1	1000.0
97	untuniutntrng55886	1.0490796658511026	1	1000/1	1000.0
98	untuniutntrng55886	1.0496293039927302	1	1000/1	1000.0
99	untuniutntrng55886	1.049307226514049	1	1000/1	1000.0
100	untuniutntrng55886	0.7395443011567788	1	100/10	10.0
101	untuniutntrng55886	0.7394716218194108	1	100/10	10.0
102	untuniutntrng55886	0.7377242215829559	1	100/10	10.0
103	untuniutntrng55886	0.7387843539932647	1	100/10	10.0
104	untuniutntrng55886	0.7389131381510289	1	100/10	10.0
105	untuniutntrng55886	0.7403917366034976	1	100/10	10.0
106	untuniutntrng55886	0.7383341687913595	1	100/10	10.0
107	untuniutntrng55886	0.7396503504178468	1	100/10	10.0
108	untuniutntrng55886	0.7383857394179434	1	100/10	10.0
109	untuniutntrng55886	0.7380266228244673	1	100/10	10.0
110	untuniutntrng55886	0.73928724075698	1	100/10	10.0
111	untuniutntrng55886	0.7389162390136885	1	100/10	10.0
112	untuniutntrng55886	0.7397270711716698	1	100/10	10.0
113	untuniutntrng55886	0.7386242588253368	1	100/10	10.0
114	untuniutntrng55886	0.7385500204917934	1	100/10	10.0
115	untuniutntrng55886	0.7379862020931826	1	100/10	10.0
116	untuniutntrng55886	0.7392396161989808	1	100/10	10.0
117	untuniutntrng55886	0.7391281362944934	1	100/10	10.0
118	untuniutntrng55886	0.7386428156982051	1	100/10	10.0
119	untuniutntrng55886	0.7392395280382956	1	100/10	10.0
120	untuniutntrng55886	0.7396805837275336	1	100/10	10.0
121	untuniutntrng55886	0.7402398729984482	1	100/10	10.0
122	untuniutntrng55886	0.7377442270186501	1	100/10	10.0
123	untuniutntrng55886	0.7402910427624115	1	100/10	10.0
124	untuniutntrng55886	0.7398336563305339	1	100/10	10.0
125	untuniutntrng55886	0.7385696346386045	1	100/10	10.0
126	untuniutntrng55886	0.7389906497992753	1	100/10	10.0
127	untuniutntrng55886	0.7388500869493754	1	100/10	10.0
128	untuniutntrng55886	0.7402139481082323	1	100/10	10.0
129	untuniutntrng55886	0.7406594956360821	1	100/10	10.0
130	untuniutntrng55886	0.7397880186536924	1	100/10	10.0
131	untuniutntrng55886	0.7399900207433329	1	100/10	10.0
132	untuniutntrng55886	0.7399478649756407	1	100/10	10.0
133	untuniutntrng55886	0.7395244681904245	1	100/10	10.0
134	untuniutntrng55886	0.7395541367463726	1	100/10	10.0
135	untuniutntrng55886	0.7378020414862491	1	100/10	10.0
136	untuniutntrng55886	0.7386942234900351	1	100/10	10.0
137	untuniutntrng55886	0.7395958399172101	1	100/10	10.0
138	untuniutntrng55886	0.7404025709573138	1	100/10	10.0
139	untuniutntrng55886	0.7394203289797828	1	100/10	10.0
140	untuniutntrng55886	0.7383335547342569	1	100/10	10.0
141	untuniutntrng55886	0.7389134064554469	1	100/10	10.0
142	untuniutntrng55886	0.7387277482454275	1	100/10	10.0
143	untuniutntrng55886	0.7385802993805535	1	100/10	10.0
144	untuniutntrng55886	0.7403674438445627	1	100/10	10.0
145	untuniutntrng55886	0.7406054571024772	1	100/10	10.0
146	untuniutntrng55886	0.7391948561206941	1	100/10	10.0
147	untuniutntrng55886	0.7372716438321164	1	100/10	10.0
148	untuniutntrng55886	0.7373588540993352	1	100/10	10.0
149	untuniutntrng55886	0.738502123868058	1	100/10	10.0
150	untuniutntrng55886	0.7377247612194343	1	100/10	10.0
151	untuniutntrng55886	0.7385120010641774	1	100/10	10.0
152	untuniutntrng55886	0.7394500957319201	1	100/10	10.0
153	untuniutntrng55886	0.7375462452760388	1	100/10	10.0
154	untuniutntrng55886	0.7384106284102036	1	100/10	10.0
155	untuniutntrng55886	0.7377263571003007	1	100/10	10.0
156	untuniutntrng55886	0.7378426193581717	1	100/10	10.0
157	untuniutntrng55886	0.7373501510584618	1	100/10	10.0
158	untuniutntrng55886	0.7382553540709982	1	100/10	10.0
159	untuniutntrng55886	0.7375776246461383	1	100/10	10.0
160	untuniutntrng55886	0.7367526583485179	1	100/10	10.0
161	untuniutntrng55886	0.7374396217494654	1	100/10	10.0
162	untuniutntrng55886	0.7373858413541471	1	100/10	10.0
163	untuniutntrng55886	0.7361733120994902	1	100/10	10.0
164	untuniutntrng55886	0.737951563829971	1	100/10	10.0
165	untuniutntrng55886	0.7398383098187781	1	100/10	10.0
166	untuniutntrng55886	0.7410028165551561	1	100/10	10.0
167	untuniutntrng55886	0.7393613954886645	1	100/10	10.0
168	untuniutntrng55886	0.7402996101980948	1	100/10	10.0
169	untuniutntrng55886	0.7391684835380464	1	100/10	10.0
170	untuniutntrng55886	0.7378652426345553	1	100/10	10.0
171	untuniutntrng55886	0.7380392821111343	1	100/10	10.0
172	untuniutntrng55886	0.7390291027434828	1	100/10	10.0
173	untuniutntrng55886	0.7406160341861547	1	100/10	10.0
174	untuniutntrng55886	0.7393287870936177	1	100/10	10.0
175	untuniutntrng55886	0.7399912210470571	1	100/10	10.0
176	untuniutntrng55886	0.7389091736934312	1	100/10	10.0
177	untuniutntrng55886	0.7380490774013593	1	100/10	10.0
178	untuniutntrng55886	0.7403324806862926	1	100/10	10.0
179	untuniutntrng55886	0.7380322281945304	1	100/10	10.0
180	untuniutntrng55886	0.7383250153981922	1	100/10	10.0
181	untuniutntrng55886	0.7382952423835916	1	100/10	10.0
182	untuniutntrng55886	0.7397161929647807	1	100/10	10.0
183	untuniutntrng55886	0.7387040318226349	1	100/10	10.0
184	untuniutntrng55886	0.7413699484585786	1	100/10	10.0
185	untuniutntrng55886	0.7402640023139303	1	100/10	10.0
186	untuniutntrng55886	0.7384460234568032	1	100/10	10.0
187	untuniutntrng55886	0.7381768135307184	1	100/10	10.0
188	untuniutntrng55886	0.7375325450672595	1	100/10	10.0
189	untuniutntrng55886	0.7387631631203334	1	100/10	10.0
190	untuniutntrng55886	0.7384738132797558	1	100/10	10.0
191	untuniutntrng55886	0.7403390970434618	1	100/10	10.0
192	untuniutntrng55886	0.739125649786893	1	100/10	10.0
193	untuniutntrng55886	0.7387157198624964	1	100/10	10.0
194	untuniutntrng55886	0.7378151394432609	1	100/10	10.0
195	untuniutntrng55886	0.7392586039319385	1	100/10	10.0
196	untuniutntrng55886	0.7393951131249842	1	100/10	10.0
197	untuniutntrng55886	0.7407191172309741	1	100/10	10.0
198	untuniutntrng55886	0.7391622820144033	1	100/10	10.0
199	untuniutntrng55886	0.7373599081378824	1	100/10	10.0
200	untuniutntrng55886	0.16225976410826853	1	10/100	0.1
201	untuniutntrng55886	0.16152745580351227	1	10/100	0.1
202	untuniutntrng55886	0.1618713493514385	1	10/100	0.1
203	untuniutntrng55886	0.1620941403492819	1	10/100	0.1
204	untuniutntrng55886	0.16216820481098346	1	10/100	0.1
205	untuniutntrng55886	0.1620268355505756	1	10/100	0.1
206	untuniutntrng55886	0.16257455714509278	1	10/100	0.1
207	untuniutntrng55886	0.16272607452265875	1	10/100	0.1
208	untuniutntrng55886	0.16171755613487152	1	10/100	0.1
209	untuniutntrng55886	0.16192497158656607	1	10/100	0.1
210	untuniutntrng55886	0.16304693534013165	1	10/100	0.1
211	untuniutntrng55886	0.1648200517414179	1	10/100	0.1
212	untuniutntrng55886	0.16133351078100094	1	10/100	0.1
213	untuniutntrng55886	0.1626564914442421	1	10/100	0.1
214	untuniutntrng55886	0.16257631248849325	1	10/100	0.1
215	untuniutntrng55886	0.16192756858947538	1	10/100	0.1
216	untuniutntrng55886	0.1602697294885145	1	10/100	0.1
217	untuniutntrng55886	0.16235022850256636	1	10/100	0.1
218	untuniutntrng55886	0.16096839471763755	1	10/100	0.1
219	untuniutntrng55886	0.16029928200040713	1	10/100	0.1
220	untuniutntrng55886	0.16227758181995414	1	10/100	0.1
221	untuniutntrng55886	0.16321373326658986	1	10/100	0.1
222	untuniutntrng55886	0.1623223818310394	1	10/100	0.1
223	untuniutntrng55886	0.16121812126026244	1	10/100	0.1
224	untuniutntrng55886	0.16131024775537106	1	10/100	0.1
225	untuniutntrng55886	0.16272924000382322	1	10/100	0.1
226	untuniutntrng55886	0.1622552492798611	1	10/100	0.1
227	untuniutntrng55886	0.16304059955913086	1	10/100	0.1
228	untuniutntrng55886	0.16087523103552032	1	10/100	0.1
229	untuniutntrng55886	0.16271161140770848	1	10/100	0.1
230	untuniutntrng55886	0.1614159199009029	1	10/100	0.1
231	untuniutntrng55886	0.16146803512369154	1	10/100	0.1
232	untuniutntrng55886	0.16074884984316798	1	10/100	0.1
233	untuniutntrng55886	0.1621291167782305	1	10/100	0.1
234	untuniutntrng55886	0.1610849759427201	1	10/100	0.1
235	untuniutntrng55886	0.16344605318905206	1	10/100	0.1
236	untuniutntrng55886	0.16195078962891354	1	10/100	0.1
237	untuniutntrng55886	0.16105617855094667	1	10/100	0.1
238	untuniutntrng55886	0.1636849483074381	1	10/100	0.1
239	untuniutntrng55886	0.16207245454087646	1	10/100	0.1
240	untuniutntrng55886	0.16180434930214085	1	10/100	0.1
241	untuniutntrng55886	0.16189039251674295	1	10/100	0.1
242	untuniutntrng55886	0.1620314527451667	1	10/100	0.1
243	untuniutntrng55886	0.16124572350418676	1	10/100	0.1
244	untuniutntrng55886	0.1629356365277172	1	10/100	0.1
245	untuniutntrng55886	0.1633940038532891	1	10/100	0.1
246	untuniutntrng55886	0.16281098188069135	1	10/100	0.1
247	untuniutntrng55886	0.16231320692397905	1	10/100	0.1
248	untuniutntrng55886	0.16256446009162673	1	10/100	0.1
249	untuniutntrng55886	0.16194247180829946	1	10/100	0.1
250	untuniutntrng55886	0.1627718789805339	1	10/100	0.1
251	untuniutntrng55886	0.16189354591192498	1	10/100	0.1
252	untuniutntrng55886	0.16367110462322354	1	10/100	0.1
253	untuniutntrng55886	0.1610898188175455	1	10/100	0.1
254	untuniutntrng55886	0.16262772658280633	1	10/100	0.1
255	untuniutntrng55886	0.16147680214550614	1	10/100	0.1
256	untuniutntrng55886	0.1624884514417249	1	10/100	0.1
257	untuniutntrng55886	0.16076474344446656	1	10/100	0.1
258	untuniutntrng55886	0.16210479648296114	1	10/100	0.1
259	untuniutntrng55886	0.16266524560988668	1	10/100	0.1
260	untuniutntrng55886	0.1613668590245802	1	10/100	0.1
261	untuniutntrng55886	0.16106694789109985	1	10/100	0.1
262	untuniutntrng55886	0.1621328708485762	1	10/100	0.1
263	untuniutntrng55886	0.16177530329646914	1	10/100	0.1
264	untuniutntrng55886	0.16180832006920404	1	10/100	0.1
265	untuniutntrng55886	0.1625300382506817	1	10/100	0.1
266	untuniutntrng55886	0.16134088159637294	1	10/100	0.1
267	untuniutntrng55886	0.16127451753335406	1	10/100	0.1
268	untuniutntrng55886	0.16155834591891746	1	10/100	0.1
269	untuniutntrng55886	0.16370482543208278	1	10/100	0.1
270	untuniutntrng55886	0.16231669105719493	1	10/100	0.1
271	untuniutntrng55886	0.16260460405887214	1	10/100	0.1
272	untuniutntrng55886	0.16204764935132368	1	10/100	0.1
273	untuniutntrng55886	0.16184868217924506	1	10/100	0.1
274	untuniutntrng55886	0.16243883572549406	1	10/100	0.1
275	untuniutntrng55886	0.16092283859953288	1	10/100	0.1
276	untuniutntrng55886	0.16184025457859685	1	10/100	0.1
277	untuniutntrng55886	0.16249381698023704	1	10/100	0.1
278	untuniutntrng55886	0.1609611121738449	1	10/100	0.1
279	untuniutntrng55886	0.16207318735081125	1	10/100	0.1
280	untuniutntrng55886	0.16372035856639272	1	10/100	0.1
281	untuniutntrng55886	0.16017801528721978	1	10/100	0.1
282	untuniutntrng55886	0.16100561372970718	1	10/100	0.1
283	untuniutntrng55886	0.16199579611514936	1	10/100	0.1
284	untuniutntrng55886	0.16208613632791774	1	10/100	0.1
285	untuniutntrng55886	0.16156623335498002	1	10/100	0.1
286	untuniutntrng55886	0.16172829102395575	1	10/100	0.1
287	untuniutntrng55886	0.16119289205250414	1	10/100	0.1
288	untuniutntrng55886	0.1620046560064028	1	10/100	0.1
289	untuniutntrng55886	0.16283233352682236	1	10/100	0.1
290	untuniutntrng55886	0.16300518211246806	1	10/100	0.1
291	untuniutntrng55886	0.16252941995240772	1	10/100	0.1
292	untuniutntrng55886	0.1607905128124998	1	10/100	0.1
293	untuniutntrng55886	0.16245313239582093	1	10/100	0.1
294	untuniutntrng55886	0.16226173162950758	1	10/100	0.1
295	untuniutntrng55886	0.1635493606491306	1	10/100	0.1
296	untuniutntrng55886	0.16228189477690452	1	10/100	0.1
297	untuniutntrng55886	0.16341567733241946	1	10/100	0.1
298	untuniutntrng55886	0.16108056550313546	1	10/100	0.1
299	untuniutntrng55886	0.1623707235402648	1	10/100	0.1
300	untuniutntrng55886	-0.0003775990583436487	21502	1/1000	0.001
301	untuniutntrng55886	-0.0003923382945019218	21530	1/1000	0.001
302	untuniutntrng55886	-0.00038617781601140566	21412	1/1000	0.001
303	untuniutntrng55886	0.00042016480315271165	18419	1/1000	0.001
304	untuniutntrng55886	-0.0009908314425421602	21809	1/1000	0.001
305	untuniutntrng55886	-8.805476409309149e-05	20736	1/1000	0.001
306	untuniutntrng55886	0.00019522017103401623	18798	1/1000	0.001
307	untuniutntrng55886	0.0004881682627868312	18458	1/1000	0.001
308	untuniutntrng55886	-0.0003590268110155656	21454	1/1000	0.001
309	untuniutntrng55886	-8.0144440294333e-05	20685	1/1000	0.001
310	untuniutntrng55886	-0.0003463425665498829	21506	1/1000	0.001
311	untuniutntrng55886	-0.0004787758063075215	21495	1/1000	0.001
312	untuniutntrng55886	0.0004045381928723668	18487	1/1000	0.001
313	untuniutntrng55886	1.312241422492949e-05	19885	1/1000	0.001
314	untuniutntrng55886	0.0003045349567217179	18665	1/1000	0.001
315	untuniutntrng55886	-0.000253799672172296	21414	1/1000	0.001
316	untuniutntrng55886	-0.0007767596336277148	21618	1/1000	0.001
317	untuniutntrng55886	0.0006781820512415729	18381	1/1000	0.001
318	untuniutntrng55886	-0.0013350241266028018	21705	1/1000	0.001
319	untuniutntrng55886	7.277783451895004e-05	19428	1/1000	0.001
320	untuniutntrng55886	-0.00040936812147186736	21626	1/1000	0.001
321	untuniutntrng55886	-0.0002743650361607397	21456	1/1000	0.001
322	untuniutntrng55886	-5.9890104968617075e-05	20461	1/1000	0.001
323	untuniutntrng55886	-0.0006283448145919037	21674	1/1000	0.001
324	untuniutntrng55886	-0.0004566669991002414	21455	1/1000	0.001
325	untuniutntrng55886	-0.0006954864290578402	21798	1/1000	0.001
326	untuniutntrng55886	0.00021722203612425245	18732	1/1000	0.001
327	untuniutntrng55886	-0.0006917207459897906	21532	1/1000	0.001
328	untuniutntrng55886	-0.00015739329848471484	21140	1/1000	0.001
329	untuniutntrng55886	-0.00035043040635624617	21486	1/1000	0.001
330	untuniutntrng55886	-0.00015602148072650646	21163	1/1000	0.001
331	untuniutntrng55886	-0.0006926562429096991	21576	1/1000	0.001
332	untuniutntrng55886	-5.755190683588709e-05	20416	1/1000	0.001
333	untuniutntrng55886	-0.00016216184061652178	21113	1/1000	0.001
334	untuniutntrng55886	0.0006812911251038375	18373	1/1000	0.001
335	untuniutntrng55886	-0.00035065513968889067	21526	1/1000	0.001
336	untuniutntrng55886	-0.0005894109325131971	21637	1/1000	0.001
337	untuniutntrng55886	-0.0004605353477913632	21475	1/1000	0.001
338	untuniutntrng55886	-0.00017475539286496838	21225	1/1000	0.001
339	untuniutntrng55886	-0.0014023432628171224	21813	1/1000	0.001
340	untuniutntrng55886	-9.690320930504093e-06	20003	1/1000	0.001
341	untuniutntrng55886	0.0006598617550138131	18343	1/1000	0.001
342	untuniutntrng55886	0.0005094688925793983	18505	1/1000	0.001
343	untuniutntrng55886	-0.00032301821219903737	21506	1/1000	0.001
344	untuniutntrng55886	7.834937413117582e-05	19273	1/1000	0.001
345	untuniutntrng55886	0.0002312859926203795	18659	1/1000	0.001
346	untuniutntrng55886	-0.00027982890639327573	21369	1/1000	0.001
347	untuniutntrng55886	0.000916158874254884	18277	1/1000	0.001
348	untuniutntrng55886	0.000372065403217249	18468	1/1000	0.001
349	untuniutntrng55886	-0.0010044302550341608	21701	1/1000	0.001
350	untuniutntrng55886	0.00032403033425204564	18639	1/1000	0.001
351	untuniutntrng55886	-0.00032108387402429023	21414	1/1000	0.001
352	untuniutntrng55886	0.00010749151002074214	19262	1/1000	0.001
353	untuniutntrng55886	0.00036609831724457314	18503	1/1000	0.001
354	untuniutntrng55886	0.0003033093840189849	18708	1/1000	0.001
355	untuniutntrng55886	-8.908054770185442e-05	20685	1/1000	0.001
356	untuniutntrng55886	-0.00031146630707207246	21461	1/1000	0.001
357	untuniutntrng55886	0.00012515442030684026	19064	1/1000	0.001
358	untuniutntrng55886	0.00021394887223188247	18613	1/1000	0.001
359	untuniutntrng55886	-0.00017666139168569242	21009	1/1000	0.001
360	untuniutntrng55886	0.0003512072719735332	18390	1/1000	0.001
361	untuniutntrng55886	0.00016789236376467398	18951	1/1000	0.001
362	untuniutntrng55886	-1.9144404273863103e-05	20029	1/1000	0.001
363	untuniutntrng55886	-0.0005664558193373138	21551	1/1000	0.001
364	untuniutntrng55886	0.000752431674536813	18219	1/1000	0.001
365	untuniutntrng55886	-0.0010066118750944114	21716	1/1000	0.001
366	untuniutntrng55886	0.00044032056050596213	18373	1/1000	0.001
367	untuniutntrng55886	0.0007858606405711371	18414	1/1000	0.001
368	untuniutntrng55886	0.0004933296994604625	18386	1/1000	0.001
369	untuniutntrng55886	-0.0002951020120440101	21446	1/1000	0.001
370	untuniutntrng55886	0.0001171030745672555	19131	1/1000	0.001
371	untuniutntrng55886	-0.00025350167112722644	21389	1/1000	0.001
372	untuniutntrng55886	4.563744373684009e-05	19588	1/1000	0.001
373	untuniutntrng55886	-0.0005661322522237805	21737	1/1000	0.001
374	untuniutntrng55886	-3.676956162414202e-06	19953	1/1000	0.001
375	untuniutntrng55886	-6.673054944862644e-05	20575	1/1000	0.001
376	untuniutntrng55886	0.00020526460807156893	18775	1/1000	0.001
377	untuniutntrng55886	-0.0009386183709886307	21649	1/1000	0.001
378	untuniutntrng55886	-0.0003945460415291298	21458	1/1000	0.001
379	untuniutntrng55886	0.0009791428989454065	18220	1/1000	0.001
380	untuniutntrng55886	0.00025156287965055063	18675	1/1000	0.001
381	untuniutntrng55886	0.00024437279301282866	18635	1/1000	0.001
382	untuniutntrng55886	0.0002448904404514021	18742	1/1000	0.001
383	untuniutntrng55886	1.8190047103329446e-05	19645	1/1000	0.001
384	untuniutntrng55886	-0.0005669093745526571	21560	1/1000	0.001
385	untuniutntrng55886	-0.000557990508263724	21651	1/1000	0.001
386	untuniutntrng55886	-2.783183517787724e-05	20202	1/1000	0.001
387	untuniutntrng55886	0.00015696551951580043	18942	1/1000	0.001
388	untuniutntrng55886	-0.00015168852179558295	21153	1/1000	0.001
389	untuniutntrng55886	0.0003424363039639597	18518	1/1000	0.001
390	untuniutntrng55886	-0.000553204769675554	21450	1/1000	0.001
391	untuniutntrng55886	-0.00024964041000306164	21310	1/1000	0.001
392	untuniutntrng55886	0.0004381136207329134	18591	1/1000	0.001
393	untuniutntrng55886	0.00033544460810971965	18513	1/1000	0.001
394	untuniutntrng55886	0.000190192613914432	18808	1/1000	0.001
395	untuniutntrng55886	-0.00041477228225469953	21536	1/1000	0.001
396	untuniutntrng55886	0.00025285525024476563	18642	1/1000	0.001
397	untuniutntrng55886	0.00015826419010429166	18850	1/1000	0.001
398	untuniutntrng55886	8.165748170665259e-05	19386	1/1000	0.001
399	untuniutntrng55886	-0.0007163477801522753	21559	1/1000	0.001
400	untuniutntrng55886	0.989161332563668	1	200/5	40.0
401	untuniutntrng55886	0.9900639798890886	1	200/5	40.0
402	untuniutntrng55886	0.9893246928949204	1	200/5	40.0
403	untuniutntrng55886	0.9895245423109041	1	200/5	40.0
404	untuniutntrng55886	0.9892240504056734	1	200/5	40.0
405	untuniutntrng55886	0.9891483402772128	1	200/5	40.0
406	untuniutntrng55886	0.9904498533709828	1	200/5	40.0
407	untuniutntrng55886	0.991294723414568	1	200/5	40.0
408	untuniutntrng55886	0.9892026114887108	1	200/5	40.0
409	untuniutntrng55886	0.9908975866505594	1	200/5	40.0
410	untuniutntrng55886	0.9896289306177294	1	200/5	40.0
411	untuniutntrng55886	0.9909323077556575	1	200/5	40.0
412	untuniutntrng55886	0.9910590306402784	1	200/5	40.0
413	untuniutntrng55886	0.9907417675173502	1	200/5	40.0
414	untuniutntrng55886	0.9904652569444584	1	200/5	40.0
415	untuniutntrng55886	0.9911859343799068	1	200/5	40.0
416	untuniutntrng55886	0.9918220152976406	1	200/5	40.0
417	untuniutntrng55886	0.9897427755172024	1	200/5	40.0
418	untuniutntrng55886	0.9901589323772374	1	200/5	40.0
419	untuniutntrng55886	0.9901907319849876	1	200/5	40.0
420	untuniutntrng55886	0.9898428896459288	1	200/5	40.0
421	untuniutntrng55886	0.991698754583992	1	200/5	40.0
422	untuniutntrng55886	0.9913893391899546	1	200/5	40.0
423	untuniutntrng55886	0.9913140408680572	1	200/5	40.0
424	untuniutntrng55886	0.9888492780633614	1	200/5	40.0
425	untuniutntrng55886	0.9907755839916323	1	200/5	40.0
426	untuniutntrng55886	0.9908596905583332	1	200/5	40.0
427	untuniutntrng55886	0.989234747414753	1	200/5	40.0
428	untuniutntrng55886	0.9912149005298296	1	200/5	40.0
429	untuniutntrng55886	0.9888691812799492	1	200/5	40.0
430	untuniutntrng55886	0.9896377175807292	1	200/5	40.0
431	untuniutntrng55886	0.990488719036859	1	200/5	40.0
432	untuniutntrng55886	0.9905931729163991	1	200/5	40.0
433	untuniutntrng55886	0.9914157553266886	1	200/5	40.0
434	untuniutntrng55886	0.9917633297307152	1	200/5	40.0
435	untuniutntrng55886	0.9905370707732968	1	200/5	40.0
436	untuniutntrng55886	0.9898998774301252	1	200/5	40.0
437	untuniutntrng55886	0.9906162733565334	1	200/5	40.0
438	untuniutntrng55886	0.990870421728902	1	200/5	40.0
439	untuniutntrng55886	0.9898925603696436	1	200/5	40.0
440	untuniutntrng55886	0.9896157963115176	1	200/5	40.0
441	untuniutntrng55886	0.9893988748353976	1	200/5	40.0
442	untuniutntrng55886	0.9896033948872024	1	200/5	40.0
443	untuniutntrng55886	0.989510078619818	1	200/5	40.0
444	untuniutntrng55886	0.9908091564030732	1	200/5	40.0
445	untuniutntrng55886	0.9914375832667984	1	200/5	40.0
446	untuniutntrng55886	0.9908348151518184	1	200/5	40.0
447	untuniutntrng55886	0.9893544884126876	1	200/5	40.0
448	untuniutntrng55886	0.9881768932627484	1	200/5	40.0
449	untuniutntrng55886	0.989454733477104	1	200/5	40.0
450	untuniutntrng55886	0.9908026467157304	1	200/5	40.0
451	untuniutntrng55886	0.9909336250841528	1	200/5	40.0
452	untuniutntrng55886	0.9903889722559576	1	200/5	40.0
453	untuniutntrng55886	0.9895594145235492	1	200/5	40.0
454	untuniutntrng55886	0.9896508616373364	1	200/5	40.0
455	untuniutntrng55886	0.9903927017686832	1	200/5	40.0
456	untuniutntrng55886	0.989440997962126	1	200/5	40.0
457	untuniutntrng55886	0.989928120392047	1	200/5	40.0
458	untuniutntrng55886	0.9901504336534879	1	200/5	40.0
459	untuniutntrng55886	0.9901715932337624	1	200/5	40.0
460	untuniutntrng55886	0.98935783107637	1	200/5	40.0
461	untuniutntrng55886	0.9882157324171472	1	200/5	40.0
462	untuniutntrng55886	0.9904640055827648	1	200/5	40.0
463	untuniutntrng55886	0.9897227200625266	1	200/5	40.0
464	untuniutntrng55886	0.9888063028370464	1	200/5	40.0
465	untuniutntrng55886	0.9912951397783902	1	200/5	40.0
466	untuniutntrng55886	0.9914614112727852	1	200/5	40.0
467	untuniutntrng55886	0.9915300094281234	1	200/5	40.0
468	untuniutntrng55886	0.9923050394254102	1	200/5	40.0
469	untuniutntrng55886	0.9913504947186292	1	200/5	40.0
470	untuniutntrng55886	0.9886228280712328	1	200/5	40.0
471	untuniutntrng55886	0.9900447038477656	1	200/5	40.0
472	untuniutntrng55886	0.9908336312234082	1	200/5	40.0
473	untuniutntrng55886	0.9891739261126534	1	200/5	40.0
474	untuniutntrng55886	0.9895512515735044	1	200/5	40.0
475	untuniutntrng55886	0.9887932408388598	1	200/5	40.0
476	untuniutntrng55886	0.989027617276152	1	200/5	40.0
477	untuniutntrng55886	0.9883815293436096	1	200/5	40.0
478	untuniutntrng55886	0.9934146887527436	1	200/5	40.0
479	untuniutntrng55886	0.9892354490087676	1	200/5	40.0
480	untuniutntrng55886	0.9907784792222004	1	200/5	40.0
481	untuniutntrng55886	0.9922640501729708	1	200/5	40.0
482	untuniutntrng55886	0.9895765946273228	1	200/5	40.0
483	untuniutntrng55886	0.9897483374436776	1	200/5	40.0
484	untuniutntrng55886	0.9914638848269676	1	200/5	40.0
485	untuniutntrng55886	0.9899706778852432	1	200/5	40.0
486	untuniutntrng55886	0.9898081810804794	1	200/5	40.0
487	untuniutntrng55886	0.9918176928761256	1	200/5	40.0
488	untuniutntrng55886	0.9914741752213232	1	200/5	40.0
489	untuniutntrng55886	0.989858740011871	1	200/5	40.0
490	untuniutntrng55886	0.9910268180257384	1	200/5	40.0
491	untuniutntrng55886	0.9906683887754142	1	200/5	40.0
492	untuniutntrng55886	0.9898542914158291	1	200/5	40.0
493	untuniutntrng55886	0.9899953862212926	1	200/5	40.0
494	untuniutntrng55886	0.9919157123647911	1	200/5	40.0
495	untuniutntrng55886	0.9895334210364258	1	200/5	40.0
496	untuniutntrng55886	0.9927625308421734	1	200/5	40.0
497	untuniutntrng55886	0.9902784763731776	1	200/5	40.0
498	untuniutntrng55886	0.9893998511490424	1	200/5	40.0
499	untuniutntrng55886	0.9910221342170944	1	200/5	40.0
500	untuniutntrng55886	0.2788373901933732	1	20/50	0.4
501	untuniutntrng55886	0.2808991699139397	1	20/50	0.4
502	untuniutntrng55886	0.2780701784459678	1	20/50	0.4
503	untuniutntrng55886	0.2773899855445515	1	20/50	0.4
504	untuniutntrng55886	0.2782302310215391	1	20/50	0.4
505	untuniutntrng55886	0.2785545602899646	1	20/50	0.4
506	untuniutntrng55886	0.2776381856202623	1	20/50	0.4
507	untuniutntrng55886	0.2760038287650839	1	20/50	0.4
508	untuniutntrng55886	0.2778663442627762	1	20/50	0.4
509	untuniutntrng55886	0.2774372447219721	1	20/50	0.4
510	untuniutntrng55886	0.2775634595800104	1	20/50	0.4
511	untuniutntrng55886	0.2768697382085929	1	20/50	0.4
512	untuniutntrng55886	0.2787604177143399	1	20/50	0.4
513	untuniutntrng55886	0.27949536905010297	1	20/50	0.4
514	untuniutntrng55886	0.2771062494325215	1	20/50	0.4
515	untuniutntrng55886	0.2795044132237807	1	20/50	0.4
516	untuniutntrng55886	0.27915676587580823	1	20/50	0.4
517	untuniutntrng55886	0.2777987923756898	1	20/50	0.4
518	untuniutntrng55886	0.2784522465799468	1	20/50	0.4
519	untuniutntrng55886	0.2798417025616293	1	20/50	0.4
520	untuniutntrng55886	0.2793404851188505	1	20/50	0.4
521	untuniutntrng55886	0.2794514420192137	1	20/50	0.4
522	untuniutntrng55886	0.27765501977997964	1	20/50	0.4
523	untuniutntrng55886	0.27799558925596596	1	20/50	0.4
524	untuniutntrng55886	0.2777909807908675	1	20/50	0.4
525	untuniutntrng55886	0.27796667934545205	1	20/50	0.4
526	untuniutntrng55886	0.2779409800364533	1	20/50	0.4
527	untuniutntrng55886	0.2777961597927521	1	20/50	0.4
528	untuniutntrng55886	0.2781415106108789	1	20/50	0.4
529	untuniutntrng55886	0.2774389867870109	1	20/50	0.4
530	untuniutntrng55886	0.2788413160220021	1	20/50	0.4
531	untuniutntrng55886	0.27723718159820576	1	20/50	0.4
532	untuniutntrng55886	0.2761648589642457	1	20/50	0.4
533	untuniutntrng55886	0.2776005760353027	1	20/50	0.4
534	untuniutntrng55886	0.2779561235123725	1	20/50	0.4
535	untuniutntrng55886	0.2786241776084654	1	20/50	0.4
536	untuniutntrng55886	0.278637073571465	1	20/50	0.4
537	untuniutntrng55886	0.2791845536091725	1	20/50	0.4
538	untuniutntrng55886	0.2787073997132349	1	20/50	0.4
539	untuniutntrng55886	0.2779361602097142	1	20/50	0.4
540	untuniutntrng55886	0.2785544703774404	1	20/50	0.4
541	untuniutntrng55886	0.27881824851158404	1	20/50	0.4
542	untuniutntrng55886	0.2798743472763869	1	20/50	0.4
543	untuniutntrng55886	0.2774146657774835	1	20/50	0.4
544	untuniutntrng55886	0.2786461576155607	1	20/50	0.4
545	untuniutntrng55886	0.27715683609911523	1	20/50	0.4
546	untuniutntrng55886	0.2782954647117978	1	20/50	0.4
547	untuniutntrng55886	0.2783944860085777	1	20/50	0.4
548	untuniutntrng55886	0.2777250874855618	1	20/50	0.4
549	untuniutntrng55886	0.2804515257297114	1	20/50	0.4
550	untuniutntrng55886	0.27692053991526344	1	20/50	0.4
551	untuniutntrng55886	0.2773553199173918	1	20/50	0.4
552	untuniutntrng55886	0.27554199041423244	1	20/50	0.4
553	untuniutntrng55886	0.27803945734290153	1	20/50	0.4
554	untuniutntrng55886	0.27891252988749826	1	20/50	0.4
555	untuniutntrng55886	0.2779631856471178	1	20/50	0.4
556	untuniutntrng55886	0.2784018123402051	1	20/50	0.4
557	untuniutntrng55886	0.2780000112420536	1	20/50	0.4
558	untuniutntrng55886	0.2775302691910591	1	20/50	0.4
559	untuniutntrng55886	0.2777631209267914	1	20/50	0.4
560	untuniutntrng55886	0.2769136903295621	1	20/50	0.4
561	untuniutntrng55886	0.2775266027030537	1	20/50	0.4
562	untuniutntrng55886	0.2788257578049062	1	20/50	0.4
563	untuniutntrng55886	0.2789918434946781	1	20/50	0.4
564	untuniutntrng55886	0.2781376221740242	1	20/50	0.4
565	untuniutntrng55886	0.2780877772242744	1	20/50	0.4
566	untuniutntrng55886	0.2779414382415845	1	20/50	0.4
567	untuniutntrng55886	0.27864401381684856	1	20/50	0.4
568	untuniutntrng55886	0.2784321391921972	1	20/50	0.4
569	untuniutntrng55886	0.27791304289523994	1	20/50	0.4
570	untuniutntrng55886	0.2773072120308235	1	20/50	0.4
571	untuniutntrng55886	0.27911663222593586	1	20/50	0.4
572	untuniutntrng55886	0.2774493039113825	1	20/50	0.4
573	untuniutntrng55886	0.27765748188368944	1	20/50	0.4
574	untuniutntrng55886	0.2784084578872314	1	20/50	0.4
575	untuniutntrng55886	0.2781293280572231	1	20/50	0.4
576	untuniutntrng55886	0.278044531519166	1	20/50	0.4
577	untuniutntrng55886	0.2787852144882675	1	20/50	0.4
578	untuniutntrng55886	0.2785544366293152	1	20/50	0.4
579	untuniutntrng55886	0.27813526571418445	1	20/50	0.4
580	untuniutntrng55886	0.2775881807879079	1	20/50	0.4
581	untuniutntrng55886	0.27807805403861435	1	20/50	0.4
582	untuniutntrng55886	0.2758791070586621	1	20/50	0.4
583	untuniutntrng55886	0.2794806737823182	1	20/50	0.4
584	untuniutntrng55886	0.2792401747112432	1	20/50	0.4
585	untuniutntrng55886	0.2777418475915431	1	20/50	0.4
586	untuniutntrng55886	0.2772528605780845	1	20/50	0.4
587	untuniutntrng55886	0.2790831575275181	1	20/50	0.4
588	untuniutntrng55886	0.2779906867418925	1	20/50	0.4
589	untuniutntrng55886	0.2774655988289117	1	20/50	0.4
590	untuniutntrng55886	0.2793024527367515	1	20/50	0.4
591	untuniutntrng55886	0.2794561306846272	1	20/50	0.4
592	untuniutntrng55886	0.2791496176422029	1	20/50	0.4
593	untuniutntrng55886	0.2783405214450819	1	20/50	0.4
594	untuniutntrng55886	0.27739525070451004	1	20/50	0.4
595	untuniutntrng55886	0.276059359136141	1	20/50	0.4
596	untuniutntrng55886	0.2771954046108174	1	20/50	0.4
597	untuniutntrng55886	0.2788089413124676	1	20/50	0.4
598	untuniutntrng55886	0.27959503896717114	1	20/50	0.4
599	untuniutntrng55886	0.27859629226176785	1	20/50	0.4
600	untuniutntrng55886	0.024988401932129783	2641	2/500	0.004
601	untuniutntrng55886	0.024808275164378016	2657	2/500	0.004
602	untuniutntrng55886	0.023004859005148898	3126	2/500	0.004
603	untuniutntrng55886	0.02555960840313804	2527	2/500	0.004
604	untuniutntrng55886	0.02433640849088401	2806	2/500	0.004
605	untuniutntrng55886	0.02559852247274883	2495	2/500	0.004
606	untuniutntrng55886	0.024592218829133698	2695	2/500	0.004
607	untuniutntrng55886	0.02492386590078685	2670	2/500	0.004
608	untuniutntrng55886	0.02449556673422816	2847	2/500	0.004
609	untuniutntrng55886	0.02487296534917681	2730	2/500	0.004
610	untuniutntrng55886	0.0243895016104864	2711	2/500	0.004
611	untuniutntrng55886	0.02551197793879489	2559	2/500	0.004
612	untuniutntrng55886	0.0239935584343855	2912	2/500	0.004
613	untuniutntrng55886	0.02496964613814048	2663	2/500	0.004
614	untuniutntrng55886	0.02436316128797732	2893	2/500	0.004
615	untuniutntrng55886	0.02520684133302175	2645	2/500	0.004
616	untuniutntrng55886	0.024381394124100973	2775	2/500	0.004
617	untuniutntrng55886	0.024519623883992148	2746	2/500	0.004
618	untuniutntrng55886	0.024926458516935826	2656	2/500	0.004
619	untuniutntrng55886	0.025582437875404682	2538	2/500	0.004
620	untuniutntrng55886	0.02508940442282152	2647	2/500	0.004
621	untuniutntrng55886	0.025499914470331668	2558	2/500	0.004
622	untuniutntrng55886	0.025263788687476918	2580	2/500	0.004
623	untuniutntrng55886	0.02617365997928588	2349	2/500	0.004
624	untuniutntrng55886	0.02512930984703468	2561	2/500	0.004
625	untuniutntrng55886	0.025478170937011185	2491	2/500	0.004
626	untuniutntrng55886	0.02462057977154214	2693	2/500	0.004
627	untuniutntrng55886	0.02510984591776669	2595	2/500	0.004
628	untuniutntrng55886	0.025077927279793532	2605	2/500	0.004
629	untuniutntrng55886	0.0248686619926074	2700	2/500	0.004
630	untuniutntrng55886	0.025922497268744283	2477	2/500	0.004
631	untuniutntrng55886	0.024576138069876872	2754	2/500	0.004
632	untuniutntrng55886	0.024230498081546682	2828	2/500	0.004
633	untuniutntrng55886	0.025324385249562514	2555	2/500	0.004
634	untuniutntrng55886	0.023885863933020245	2864	2/500	0.004
635	untuniutntrng55886	0.024693580174220263	2738	2/500	0.004
636	untuniutntrng55886	0.026190392722960767	2366	2/500	0.004
637	untuniutntrng55886	0.026303305446990173	2327	2/500	0.004
638	untuniutntrng55886	0.024464886460147568	2658	2/500	0.004
639	untuniutntrng55886	0.02459568814280088	2699	2/500	0.004
640	untuniutntrng55886	0.02535426528167468	2579	2/500	0.004
641	untuniutntrng55886	0.024328817848695075	2848	2/500	0.004
642	untuniutntrng55886	0.02313199103817236	3075	2/500	0.004
643	untuniutntrng55886	0.025641051494604567	2464	2/500	0.004
644	untuniutntrng55886	0.024411593125251808	2793	2/500	0.004
645	untuniutntrng55886	0.024892709932234462	2639	2/500	0.004
646	untuniutntrng55886	0.024290881412074472	2883	2/500	0.004
647	untuniutntrng55886	0.026146595286064625	2423	2/500	0.004
648	untuniutntrng55886	0.025183157783880104	2619	2/500	0.004
649	untuniutntrng55886	0.025700017587036987	2450	2/500	0.004
650	untuniutntrng55886	0.025526061701986125	2516	2/500	0.004
651	untuniutntrng55886	0.024279057742086857	2798	2/500	0.004
652	untuniutntrng55886	0.0252316104404338	2559	2/500	0.004
653	untuniutntrng55886	0.024527735000625408	2676	2/500	0.004
654	untuniutntrng55886	0.02464058301105352	2762	2/500	0.004
655	untuniutntrng55886	0.02492379062329869	2686	2/500	0.004
656	untuniutntrng55886	0.02532091670960407	2618	2/500	0.004
657	untuniutntrng55886	0.02475835104319267	2770	2/500	0.004
658	untuniutntrng55886	0.02524822567299343	2589	2/500	0.004
659	untuniutntrng55886	0.024623242931220125	2710	2/500	0.004
660	untuniutntrng55886	0.0251500987755462	2637	2/500	0.004
661	untuniutntrng55886	0.026134466583111027	2363	2/500	0.004
662	untuniutntrng55886	0.02484004815364979	2675	2/500	0.004
663	untuniutntrng55886	0.025314216340738098	2577	2/500	0.004
664	untuniutntrng55886	0.025109098186037786	2617	2/500	0.004
665	untuniutntrng55886	0.02480588896732096	2718	2/500	0.004
666	untuniutntrng55886	0.02543525933610727	2508	2/500	0.004
667	untuniutntrng55886	0.024913179972245892	2728	2/500	0.004
668	untuniutntrng55886	0.02492988669086125	2667	2/500	0.004
669	untuniutntrng55886	0.02507827510558698	2647	2/500	0.004
670	untuniutntrng55886	0.024815672543700942	2734	2/500	0.004
671	untuniutntrng55886	0.024382947246599646	2733	2/500	0.004
672	untuniutntrng55886	0.025038081006020733	2695	2/500	0.004
673	untuniutntrng55886	0.02497009824758568	2686	2/500	0.004
674	untuniutntrng55886	0.02539470255546865	2513	2/500	0.004
675	untuniutntrng55886	0.024556720656476454	2797	2/500	0.004
676	untuniutntrng55886	0.0244144679655083	2779	2/500	0.004
677	untuniutntrng55886	0.025202892883420286	2595	2/500	0.004
678	untuniutntrng55886	0.02488570457956786	2673	2/500	0.004
679	untuniutntrng55886	0.02526266235460001	2581	2/500	0.004
680	untuniutntrng55886	0.02494102521257232	2679	2/500	0.004
681	untuniutntrng55886	0.02634023657961947	2401	2/500	0.004
682	untuniutntrng55886	0.024864133664463127	2613	2/500	0.004
683	untuniutntrng55886	0.025072255397393703	2573	2/500	0.004
684	untuniutntrng55886	0.023726806213218	2956	2/500	0.004
685	untuniutntrng55886	0.024874534111652302	2621	2/500	0.004
686	untuniutntrng55886	0.025614024436716967	2520	2/500	0.004
687	untuniutntrng55886	0.025086851522397282	2691	2/500	0.004
688	untuniutntrng55886	0.02502188601693244	2619	2/500	0.004
689	untuniutntrng55886	0.024399132810376343	2785	2/500	0.004
690	untuniutntrng55886	0.0241269722808882	2843	2/500	0.004
691	untuniutntrng55886	0.02403883279665381	2850	2/500	0.004
692	untuniutntrng55886	0.02447808141399168	2711	2/500	0.004
693	untuniutntrng55886	0.02351562413812963	3066	2/500	0.004
694	untuniutntrng55886	0.02500694591606013	2672	2/500	0.004
695	untuniutntrng55886	0.0245745457477958	2759	2/500	0.004
696	untuniutntrng55886	0.024198795719321882	2859	2/500	0.004
697	untuniutntrng55886	0.024851316748468168	2662	2/500	0.004
698	untuniutntrng55886	0.02524324626015126	2636	2/500	0.004
699	untuniutntrng55886	0.025111725274075368	2611	2/500	0.004
700	untuniutntrng55886	1.20098899635326	1	500/2	250.0
701	untuniutntrng55886	1.2027649767078423	1	500/2	250.0
702	untuniutntrng55886	1.2034297043736204	1	500/2	250.0
703	untuniutntrng55886	1.2027331957012244	1	500/2	250.0
704	untuniutntrng55886	1.2020053243543982	1	500/2	250.0
705	untuniutntrng55886	1.2021507236891231	1	500/2	250.0
706	untuniutntrng55886	1.2021517328738849	1	500/2	250.0
707	untuniutntrng55886	1.2027313634514865	1	500/2	250.0
708	untuniutntrng55886	1.2029156981450049	1	500/2	250.0
709	untuniutntrng55886	1.2039824487030484	1	500/2	250.0
710	untuniutntrng55886	1.2031613859766055	1	500/2	250.0
711	untuniutntrng55886	1.2024561174080113	1	500/2	250.0
712	untuniutntrng55886	1.202638942470872	1	500/2	250.0
713	untuniutntrng55886	1.203015726738643	1	500/2	250.0
714	untuniutntrng55886	1.2028543736629982	1	500/2	250.0
715	untuniutntrng55886	1.2023835017941005	1	500/2	250.0
716	untuniutntrng55886	1.2020093236992049	1	500/2	250.0
717	untuniutntrng55886	1.2015674928810005	1	500/2	250.0
718	untuniutntrng55886	1.2036114872480683	1	500/2	250.0
719	untuniutntrng55886	1.202799707155341	1	500/2	250.0
720	untuniutntrng55886	1.2019681551983958	1	500/2	250.0
721	untuniutntrng55886	1.2017123700118622	1	500/2	250.0
722	untuniutntrng55886	1.2025402506971101	1	500/2	250.0
723	untuniutntrng55886	1.202209300493901	1	500/2	250.0
724	untuniutntrng55886	1.2020987956053029	1	500/2	250.0
725	untuniutntrng55886	1.2024955055217854	1	500/2	250.0
726	untuniutntrng55886	1.203208450562411	1	500/2	250.0
727	untuniutntrng55886	1.201966877334628	1	500/2	250.0
728	untuniutntrng55886	1.2024768964616512	1	500/2	250.0
729	untuniutntrng55886	1.2024658888733348	1	500/2	250.0
730	untuniutntrng55886	1.202589504797526	1	500/2	250.0
731	untuniutntrng55886	1.2026721400303828	1	500/2	250.0
732	untuniutntrng55886	1.2026303904619295	1	500/2	250.0
733	untuniutntrng55886	1.2028378088189229	1	500/2	250.0
734	untuniutntrng55886	1.20307040690169	1	500/2	250.0
735	untuniutntrng55886	1.2021137074081207	1	500/2	250.0
736	untuniutntrng55886	1.2021383617121857	1	500/2	250.0
737	untuniutntrng55886	1.2025826357272529	1	500/2	250.0
738	untuniutntrng55886	1.2010609725656751	1	500/2	250.0
739	untuniutntrng55886	1.2032541915221888	1	500/2	250.0
740	untuniutntrng55886	1.2016370930263232	1	500/2	250.0
741	untuniutntrng55886	1.2021298843334594	1	500/2	250.0
742	untuniutntrng55886	1.203300649660263	1	500/2	250.0
743	untuniutntrng55886	1.202130791409343	1	500/2	250.0
744	untuniutntrng55886	1.2020391279720473	1	500/2	250.0
745	untuniutntrng55886	1.202104994388168	1	500/2	250.0
746	untuniutntrng55886	1.2026360235581983	1	500/2	250.0
747	untuniutntrng55886	1.2017303767735152	1	500/2	250.0
748	untuniutntrng55886	1.2016741481824105	1	500/2	250.0
749	untuniutntrng55886	1.2021087224296971	1	500/2	250.0
750	untuniutntrng55886	1.2033649211152329	1	500/2	250.0
751	untuniutntrng55886	1.2023847048965597	1	500/2	250.0
752	untuniutntrng55886	1.2024963741625498	1	500/2	250.0
753	untuniutntrng55886	1.202491118595454	1	500/2	250.0
754	untuniutntrng55886	1.2029007305573245	1	500/2	250.0
755	untuniutntrng55886	1.2017517560019355	1	500/2	250.0
756	untuniutntrng55886	1.2034019248270176	1	500/2	250.0
757	untuniutntrng55886	1.201772286796992	1	500/2	250.0
758	untuniutntrng55886	1.203122391128106	1	500/2	250.0
759	untuniutntrng55886	1.2025366497140857	1	500/2	250.0
760	untuniutntrng55886	1.2030371779838394	1	500/2	250.0
761	untuniutntrng55886	1.201712110346588	1	500/2	250.0
762	untuniutntrng55886	1.2019239509485784	1	500/2	250.0
763	untuniutntrng55886	1.2022605666460473	1	500/2	250.0
764	untuniutntrng55886	1.2017034633612251	1	500/2	250.0
765	untuniutntrng55886	1.202540736443751	1	500/2	250.0
766	untuniutntrng55886	1.2025152492345976	1	500/2	250.0
767	untuniutntrng55886	1.202876454741985	1	500/2	250.0
768	untuniutntrng55886	1.2024001966281546	1	500/2	250.0
769	untuniutntrng55886	1.2020295197765938	1	500/2	250.0
770	untuniutntrng55886	1.2036374933652516	1	500/2	250.0
771	untuniutntrng55886	1.202025029238642	1	500/2	250.0
772	untuniutntrng55886	1.2021060536126584	1	500/2	250.0
773	untuniutntrng55886	1.2029808721834199	1	500/2	250.0
774	untuniutntrng55886	1.2015709272849142	1	500/2	250.0
775	untuniutntrng55886	1.2033512751376152	1	500/2	250.0
776	untuniutntrng55886	1.2008000306410982	1	500/2	250.0
777	untuniutntrng55886	1.201791118233185	1	500/2	250.0
778	untuniutntrng55886	1.2017445447164326	1	500/2	250.0
779	untuniutntrng55886	1.2038719197681664	1	500/2	250.0
780	untuniutntrng55886	1.2012596159419435	1	500/2	250.0
781	untuniutntrng55886	1.2018339676142649	1	500/2	250.0
782	untuniutntrng55886	1.2029995920758962	1	500/2	250.0
783	untuniutntrng55886	1.2022053429418804	1	500/2	250.0
784	untuniutntrng55886	1.2028643507214818	1	500/2	250.0
785	untuniutntrng55886	1.2016883177477204	1	500/2	250.0
786	untuniutntrng55886	1.201582755035942	1	500/2	250.0
787	untuniutntrng55886	1.2014049834734737	1	500/2	250.0
788	untuniutntrng55886	1.2021144966731805	1	500/2	250.0
789	untuniutntrng55886	1.2031388356161936	1	500/2	250.0
790	untuniutntrng55886	1.2035809535706288	1	500/2	250.0
791	untuniutntrng55886	1.2021728445594837	1	500/2	250.0
792	untuniutntrng55886	1.2022819609348252	1	500/2	250.0
793	untuniutntrng55886	1.2025800960205963	1	500/2	250.0
794	untuniutntrng55886	1.2019165969232075	1	500/2	250.0
795	untuniutntrng55886	1.2029234698113076	1	500/2	250.0
796	untuniutntrng55886	1.2030228621987038	1	500/2	250.0
797	untuniutntrng55886	1.2015609570183847	1	500/2	250.0
798	untuniutntrng55886	1.204058848421292	1	500/2	250.0
799	untuniutntrng55886	1.2014421405644933	1	500/2	250.0
800	untuniutntrng55886	0.505920504494222	1	50/20	2.5
801	untuniutntrng55886	0.5089292056315076	1	50/20	2.5
802	untuniutntrng55886	0.5064961764673734	1	50/20	2.5
803	untuniutntrng55886	0.5077847375183641	1	50/20	2.5
804	untuniutntrng55886	0.5063204315574977	1	50/20	2.5
805	untuniutntrng55886	0.5096237504671055	1	50/20	2.5
806	untuniutntrng55886	0.5070886611101515	1	50/20	2.5
807	untuniutntrng55886	0.5083578594864949	1	50/20	2.5
808	untuniutntrng55886	0.5064443189978328	1	50/20	2.5
809	untuniutntrng55886	0.5072654377184407	1	50/20	2.5
810	untuniutntrng55886	0.5082768612618973	1	50/20	2.5
811	untuniutntrng55886	0.5070573669938865	1	50/20	2.5
812	untuniutntrng55886	0.5058298275246863	1	50/20	2.5
813	untuniutntrng55886	0.5072372082835119	1	50/20	2.5
814	untuniutntrng55886	0.5069859584949764	1	50/20	2.5
815	untuniutntrng55886	0.5075387352602833	1	50/20	2.5
816	untuniutntrng55886	0.5084601913332756	1	50/20	2.5
817	untuniutntrng55886	0.5070552967231909	1	50/20	2.5
818	untuniutntrng55886	0.5070296283396836	1	50/20	2.5
819	untuniutntrng55886	0.5061720595741118	1	50/20	2.5
820	untuniutntrng55886	0.5071641310786512	1	50/20	2.5
821	untuniutntrng55886	0.5063282025849051	1	50/20	2.5
822	untuniutntrng55886	0.5097130178232041	1	50/20	2.5
823	untuniutntrng55886	0.5075948378872983	1	50/20	2.5
824	untuniutntrng55886	0.5078840493761742	1	50/20	2.5
825	untuniutntrng55886	0.5076990628114741	1	50/20	2.5
826	untuniutntrng55886	0.5071649509481724	1	50/20	2.5
827	untuniutntrng55886	0.5070834564156814	1	50/20	2.5
828	untuniutntrng55886	0.5100915807490639	1	50/20	2.5
829	untuniutntrng55886	0.5076541078287807	1	50/20	2.5
830	untuniutntrng55886	0.5057436222792413	1	50/20	2.5
831	untuniutntrng55886	0.5052141563626571	1	50/20	2.5
832	untuniutntrng55886	0.5083624265548787	1	50/20	2.5
833	untuniutntrng55886	0.5069777439024004	1	50/20	2.5
834	untuniutntrng55886	0.5070026714703694	1	50/20	2.5
835	untuniutntrng55886	0.5075289761996226	1	50/20	2.5
836	untuniutntrng55886	0.5066510185993185	1	50/20	2.5
837	untuniutntrng55886	0.5086300306696504	1	50/20	2.5
838	untuniutntrng55886	0.5090680889872748	1	50/20	2.5
839	untuniutntrng55886	0.5061242603636951	1	50/20	2.5
840	untuniutntrng55886	0.5078472164304992	1	50/20	2.5
841	untuniutntrng55886	0.5079838536808104	1	50/20	2.5
842	untuniutntrng55886	0.5085971209973094	1	50/20	2.5
843	untuniutntrng55886	0.5079482998582295	1	50/20	2.5
844	untuniutntrng55886	0.5072448388171515	1	50/20	2.5
845	untuniutntrng55886	0.5077181306868939	1	50/20	2.5
846	untuniutntrng55886	0.5074802302619513	1	50/20	2.5
847	untuniutntrng55886	0.5093563996638215	1	50/20	2.5
848	untuniutntrng55886	0.5068497809277906	1	50/20	2.5
849	untuniutntrng55886	0.5070341480464778	1	50/20	2.5
850	untuniutntrng55886	0.5078602008309199	1	50/20	2.5
851	untuniutntrng55886	0.5069297921797233	1	50/20	2.5
852	untuniutntrng55886	0.5063796362634777	1	50/20	2.5
853	untuniutntrng55886	0.5072472225305851	1	50/20	2.5
854	untuniutntrng55886	0.5065257024182055	1	50/20	2.5
855	untuniutntrng55886	0.5089594737972523	1	50/20	2.5
856	untuniutntrng55886	0.5064131708417848	1	50/20	2.5
857	untuniutntrng55886	0.5060302202147378	1	50/20	2.5
858	untuniutntrng55886	0.5075290385506718	1	50/20	2.5
859	untuniutntrng55886	0.5076353433851565	1	50/20	2.5
860	untuniutntrng55886	0.5092826876441671	1	50/20	2.5
861	untuniutntrng55886	0.509355681334711	1	50/20	2.5
862	untuniutntrng55886	0.5078413756402872	1	50/20	2.5
863	untuniutntrng55886	0.5057840747745259	1	50/20	2.5
864	untuniutntrng55886	0.5071979808304791	1	50/20	2.5
865	untuniutntrng55886	0.5072414328487582	1	50/20	2.5
866	untuniutntrng55886	0.508143654887055	1	50/20	2.5
867	untuniutntrng55886	0.5057764296570537	1	50/20	2.5
868	untuniutntrng55886	0.5088680928158817	1	50/20	2.5
869	untuniutntrng55886	0.5065561120562	1	50/20	2.5
870	untuniutntrng55886	0.5075684769972267	1	50/20	2.5
871	untuniutntrng55886	0.5078789952157025	1	50/20	2.5
872	untuniutntrng55886	0.5073473025303739	1	50/20	2.5
873	untuniutntrng55886	0.5063521258404634	1	50/20	2.5
874	untuniutntrng55886	0.5073210483542203	1	50/20	2.5
875	untuniutntrng55886	0.507201936017022	1	50/20	2.5
876	untuniutntrng55886	0.5087106397964961	1	50/20	2.5
877	untuniutntrng55886	0.5075786828362063	1	50/20	2.5
878	untuniutntrng55886	0.5058756825412999	1	50/20	2.5
879	untuniutntrng55886	0.5064222669247369	1	50/20	2.5
880	untuniutntrng55886	0.5088942389996307	1	50/20	2.5
881	untuniutntrng55886	0.5083569032504283	1	50/20	2.5
882	untuniutntrng55886	0.5063888434136355	1	50/20	2.5
883	untuniutntrng55886	0.5087227508974026	1	50/20	2.5
884	untuniutntrng55886	0.5073596259550034	1	50/20	2.5
885	untuniutntrng55886	0.5077376060145755	1	50/20	2.5
886	untuniutntrng55886	0.5076522069673941	1	50/20	2.5
887	untuniutntrng55886	0.5071616042719707	1	50/20	2.5
888	untuniutntrng55886	0.508125542419099	1	50/20	2.5
889	untuniutntrng55886	0.5077260078635235	1	50/20	2.5
890	untuniutntrng55886	0.508102290889332	1	50/20	2.5
891	untuniutntrng55886	0.5074871989851586	1	50/20	2.5
892	untuniutntrng55886	0.5086607956735941	1	50/20	2.5
893	untuniutntrng55886	0.5087037842729997	1	50/20	2.5
894	untuniutntrng55886	0.5069073114906788	1	50/20	2.5
895	untuniutntrng55886	0.5066284291030314	1	50/20	2.5
896	untuniutntrng55886	0.5083335224130328	1	50/20	2.5
897	untuniutntrng55886	0.5065831609774599	1	50/20	2.5
898	untuniutntrng55886	0.5071484388533158	1	50/20	2.5
899	untuniutntrng55886	0.5072531292320324	1	50/20	2.5
900	untuniutntrng55886	0.08510038810546885	12	5/200	0.025
901	untuniutntrng55886	0.08523208501714162	11	5/200	0.025
902	untuniutntrng55886	0.08537215522445718	18	5/200	0.025
903	untuniutntrng55886	0.08429905684815768	19	5/200	0.025
904	untuniutntrng55886	0.08391755825476753	10	5/200	0.025
905	untuniutntrng55886	0.08476782566643994	16	5/200	0.025
906	untuniutntrng55886	0.08478326369914024	19	5/200	0.025
907	untuniutntrng55886	0.08531920497690001	17	5/200	0.025
908	untuniutntrng55886	0.08487080909809695	8	5/200	0.025
909	untuniutntrng55886	0.08524172100486578	20	5/200	0.025
910	untuniutntrng55886	0.08506811876157401	10	5/200	0.025
911	untuniutntrng55886	0.08564264273361608	11	5/200	0.025
912	untuniutntrng55886	0.0850521380599231	14	5/200	0.025
913	untuniutntrng55886	0.08500099859563265	15	5/200	0.025
914	untuniutntrng55886	0.08598431604758086	17	5/200	0.025
915	untuniutntrng55886	0.08523937308333566	17	5/200	0.025
916	untuniutntrng55886	0.08411178578641394	20	5/200	0.025
917	untuniutntrng55886	0.0854007746399926	11	5/200	0.025
918	untuniutntrng55886	0.08564894332846669	14	5/200	0.025
919	untuniutntrng55886	0.08499875848062283	9	5/200	0.025
920	untuniutntrng55886	0.08520565449716473	20	5/200	0.025
921	untuniutntrng55886	0.08650908777014507	11	5/200	0.025
922	untuniutntrng55886	0.08407375117764067	9	5/200	0.025
923	untuniutntrng55886	0.08526262906110472	8	5/200	0.025
924	untuniutntrng55886	0.08577051555600039	19	5/200	0.025
925	untuniutntrng55886	0.08524681433542504	9	5/200	0.025
926	untuniutntrng55886	0.08376629230870819	13	5/200	0.025
927	untuniutntrng55886	0.08542836536888382	18	5/200	0.025
928	untuniutntrng55886	0.08483972320135796	12	5/200	0.025
929	untuniutntrng55886	0.08659211515512269	13	5/200	0.025
930	untuniutntrng55886	0.0860705558045332	12	5/200	0.025
931	untuniutntrng55886	0.08597686708291488	13	5/200	0.025
932	untuniutntrng55886	0.08514659697486099	9	5/200	0.025
933	untuniutntrng55886	0.08502450663327712	10	5/200	0.025
934	untuniutntrng55886	0.08527437316671223	15	5/200	0.025
935	untuniutntrng55886	0.08642626951168586	9	5/200	0.025
936	untuniutntrng55886	0.08490210583479257	14	5/200	0.025
937	untuniutntrng55886	0.0852516468020756	22	5/200	0.025
938	untuniutntrng55886	0.08494086668191042	11	5/200	0.025
939	untuniutntrng55886	0.08327398211991144	11	5/200	0.025
940	untuniutntrng55886	0.08479576945521143	11	5/200	0.025
941	untuniutntrng55886	0.08491808553732255	10	5/200	0.025
942	untuniutntrng55886	0.08351029180331429	18	5/200	0.025
943	untuniutntrng55886	0.08454005059361579	12	5/200	0.025
944	untuniutntrng55886	0.08515540002786487	16	5/200	0.025
945	untuniutntrng55886	0.08390738099715267	19	5/200	0.025
946	untuniutntrng55886	0.08458842156428477	13	5/200	0.025
947	untuniutntrng55886	0.08647697362546397	14	5/200	0.025
948	untuniutntrng55886	0.08471103294593621	11	5/200	0.025
949	untuniutntrng55886	0.08461492808396663	12	5/200	0.025
950	untuniutntrng55886	0.08544563022947191	12	5/200	0.025
951	untuniutntrng55886	0.08542303138122775	15	5/200	0.025
952	untuniutntrng55886	0.08548809644193603	16	5/200	0.025
953	untuniutntrng55886	0.08499493045585439	10	5/200	0.025
954	untuniutntrng55886	0.08455996687141676	17	5/200	0.025
955	untuniutntrng55886	0.0846844486293977	15	5/200	0.025
956	untuniutntrng55886	0.08521036378968552	12	5/200	0.025
957	untuniutntrng55886	0.08588465983392896	13	5/200	0.025
958	untuniutntrng55886	0.08528147710023623	18	5/200	0.025
959	untuniutntrng55886	0.08636930268455399	13	5/200	0.025
960	untuniutntrng55886	0.08384912465540426	20	5/200	0.025
961	untuniutntrng55886	0.08330507210992175	17	5/200	0.025
962	untuniutntrng55886	0.08566276354760319	7	5/200	0.025
963	untuniutntrng55886	0.0849939565039597	14	5/200	0.025
964	untuniutntrng55886	0.08475246808262335	15	5/200	0.025
965	untuniutntrng55886	0.08632104426714661	17	5/200	0.025
966	untuniutntrng55886	0.08518505892738508	13	5/200	0.025
967	untuniutntrng55886	0.08487589379257475	10	5/200	0.025
968	untuniutntrng55886	0.08460793416028775	11	5/200	0.025
969	untuniutntrng55886	0.08430432840643681	19	5/200	0.025
970	untuniutntrng55886	0.08428525340961741	15	5/200	0.025
971	untuniutntrng55886	0.08542506684515414	9	5/200	0.025
972	untuniutntrng55886	0.0846144350200364	21	5/200	0.025
973	untuniutntrng55886	0.08551489236551252	12	5/200	0.025
974	untuniutntrng55886	0.08479282935794223	13	5/200	0.025
975	untuniutntrng55886	0.0852076632700614	9	5/200	0.025
976	untuniutntrng55886	0.08509493743555971	11	5/200	0.025
977	untuniutntrng55886	0.08545404124749775	15	5/200	0.025
978	untuniutntrng55886	0.08416593079893693	15	5/200	0.025
979	untuniutntrng55886	0.08423354535683733	18	5/200	0.025
980	untuniutntrng55886	0.08396298731826883	27	5/200	0.025
981	untuniutntrng55886	0.08497049660950226	14	5/200	0.025
982	untuniutntrng55886	0.0858990947938468	13	5/200	0.025
983	untuniutntrng55886	0.0850207485573364	11	5/200	0.025
984	untuniutntrng55886	0.08573072040878421	11	5/200	0.025
985	untuniutntrng55886	0.0846002058150577	14	5/200	0.025
986	untuniutntrng55886	0.08409505424079353	12	5/200	0.025
987	untuniutntrng55886	0.08422953076406199	16	5/200	0.025
988	untuniutntrng55886	0.0853673394904606	13	5/200	0.025
989	untuniutntrng55886	0.08574908158793339	15	5/200	0.025
990	untuniutntrng55886	0.08520474925108433	21	5/200	0.025
991	untuniutntrng55886	0.08531051392685311	20	5/200	0.025
992	untuniutntrng55886	0.08609889742465338	12	5/200	0.025
993	untuniutntrng55886	0.08419653859744686	16	5/200	0.025
994	untuniutntrng55886	0.08354428448733968	13	5/200	0.025
995	untuniutntrng55886	0.084708583077676	13	5/200	0.025
996	untuniutntrng55886	0.08532200338033588	12	5/200	0.025
997	untuniutntrng55886	0.08576663623688406	9	5/200	0.025
998	untuniutntrng55886	0.08479596932251622	26	5/200	0.025
999	untuniutntrng55886	0.08634586629612358	17	5/200	0.025
